{
"type": "FeatureCollection",
"name": "areas_protegidas",
"crs": { "type": "name", "properties": { "name": "urn:ogc:def:crs:OGC:1.3:CRS84" } },
"xy_coordinate_resolution": 0.0001,
"features": [
{ "type": "Feature", "properties": { "tipo": "TI", "nome": "Acapuri de Cima" }, "geometry": { "type": "Polygon", "coordinates": [ [ [ -66.8746, -2.5376 ], [ -66.7619, -2.5382 ], [ -66.7606, -2.6274 ], [ -66.8182, -2.6766 ], [ -66.853, -2.6525 ], [ -66.8864, -2.6535 ], [ -66.9006, -2.6287 ], [ -66.8746, -2.5376 ] ] ] } },
{ "type": "Feature", "properties": { "tipo": "TI", "nome": "Acimã" }, "geometry": { "type": "Polygon", "coordinates": [ [ [ -66.3093, -7.7999 ], [ -66.1902, -7.7814 ], [ -66.1622, -7.8036 ], [ -66.1693, -7.758 ], [ -66.0393, -7.7447 ], [ -66.049, -7.8156 ], [ -66.0381, -7.8363 ], [ -66.0912, -7.8635 ], [ -66.1264, -7.8613 ], [ -66.1763, -7.9321 ], [ -66.2174, -7.9252 ], [ -66.2636, -7.9458 ], [ -66.2955, -7.9353 ], [ -66.303, -7.8797 ], [ -66.2876, -7.8331 ], [ -66.3093, -7.7999 ] ] ] } },
{ "type": "Feature", "properties": { "tipo": "TI", "nome": "Apiaka/Kayabi" }, "geometry": { "type": "Polygon", "coordinates": [ [ [ -57.2644, -11.1214 ], [ -57.3208, -11.1214 ], [ -57.5786, -11.0034 ], [ -57.593, -10.944 ], [ -57.5885, -10.8938 ], [ -57.5651, -10.8739 ], [ -57.5665, -10.855 ], [ -57.5133, -10.8261 ], [ -57.4496, -10.8228 ], [ -57.3909, -10.7525 ], [ -57.3665, -10.7909 ], [ -57.3725, -10.8113 ], [ -57.2976, -10.7828 ], [ -57.2366, -10.8135 ], [ -57.229, -10.8715 ], [ -57.2506, -10.9027 ], [ -57.2644, -11.1214 ] ] ] } },
{ "type": "Feature", "properties": { "tipo": "TI", "nome": "Apiaká do Pontal e Isolados" }, "geometry": { "type": "Polygon", "coordinates": [ [ [ -58.3092, -8.0275 ], [ -58.3689, -7.9078 ], [ -58.3812, -7.8405 ], [ -58.3674, -7.8216 ], [ -58.3268, -7.8147 ], [ -58.2888, -7.7759 ], [ -58.2786, -7.7096 ], [ -58.197, -7.6258 ], [ -58.1943, -7.5786 ], [ -58.2162, -7.5419 ], [ -58.2099, -7.461 ], [ -58.1191, -7.3463 ], [ -58.0554, -7.3925 ], [ -58.0341, -7.4478 ], [ -57.9695, -7.5282 ], [ -57.9484, -7.5686 ], [ -57.9394, -7.647 ], [ -57.8932, -7.6747 ], [ -57.8724, -7.7943 ], [ -57.8266, -7.8721 ], [ -57.8268, -7.8884 ], [ -57.8934, -7.9345 ], [ -57.9492, -8.0096 ], [ -57.9402, -8.0664 ], [ -57.9552, -8.0799 ], [ -57.9363, -8.1474 ], [ -57.8966, -8.1758 ], [ -57.9233, -8.1894 ], [ -57.9279, -8.2188 ], [ -57.8648, -8.2812 ], [ -57.8681, -8.3055 ], [ -57.898, -8.3235 ], [ -57.8567, -8.3896 ], [ -57.8264, -8.5386 ], [ -57.8347, -8.5841 ], [ -57.8672, -8.6081 ], [ -57.8821, -8.6664 ], [ -57.8671, -8.6947 ], [ -57.8968, -8.7049 ], [ -57.9039, -8.7533 ], [ -57.8769, -8.793 ], [ -57.8597, -8.7853 ], [ -57.7862, -8.8188 ], [ -57.7633, -8.8542 ], [ -57.7017, -8.8548 ], [ -57.6653, -8.8878 ], [ -57.711, -8.915 ], [ -57.7319, -8.9533 ], [ -57.7826, -8.9475 ], [ -57.8054, -8.962 ], [ -57.7898, -9.0116 ], [ -57.8095, -9.0383 ], [ -57.7694, -9.0628 ], [ -57.7169, -9.1376 ], [ -57.8715, -9.1366 ], [ -57.94, -9.1132 ], [ -58.0537, -9.1621 ], [ -58.1565, -9.1568 ], [ -58.2899, -9.0878 ], [ -58.3011, -9.0346 ], [ -58.3166, -9.0481 ], [ -58.3294, -9.0131 ], [ -58.3593, -9.0229 ], [ -58.3814, -8.9897 ], [ -58.3958, -8.9973 ], [ -58.3994, -8.9627 ], [ -58.4592, -8.9773 ], [ -58.4702, -8.9593 ], [ -58.4601, -8.9466 ], [ -58.4743, -8.9451 ], [ -58.5275, -8.9793 ], [ -58.5236, -8.961 ], [ -58.5626, -8.9267 ], [ -58.5616, -8.8912 ], [ -58.5281, -8.9079 ], [ -58.5063, -8.898 ], [ -58.4428, -8.8019 ], [ -58.4269, -8.7877 ], [ -58.4119, -8.797 ], [ -58.3232, -8.7195 ], [ -58.3482, -8.6933 ], [ -58.4088, -8.7176 ], [ -58.4373, -8.7013 ], [ -58.3859, -8.597 ], [ -58.4072, -8.5701 ], [ -58.3999, -8.5457 ], [ -58.4166, -8.4885 ], [ -58.3503, -8.3924 ], [ -58.3478, -8.3465 ], [ -58.3122, -8.3272 ], [ -58.3265, -8.2873 ], [ -58.3091, -8.2113 ], [ -58.3195, -8.1707 ], [ -58.2814, -8.1288 ], [ -58.2767, -8.066 ], [ -58.3092, -8.0275 ] ] ] } },
{ "type": "Feature", "properties": { "tipo": "TI", "nome": "Apinayé" }, "geometry": { "type": "Polygon", "coordinates": [ [ [ -47.8759, -5.9739 ], [ -47.7969, -5.9792 ], [ -47.7314, -5.9391 ], [ -47.6828, -5.9309 ], [ -47.4398, -6.0192 ], [ -47.4304, -6.0458 ], [ -47.4423, -6.1155 ], [ -47.398, -6.2238 ], [ -47.4665, -6.2308 ], [ -47.519, -6.3006 ], [ -47.5073, -6.3704 ], [ -47.5188, -6.3823 ], [ -47.5298, -6.3865 ], [ -47.7057, -6.2391 ], [ -47.7543, -6.1193 ], [ -47.8538, -6.073 ], [ -47.8797, -6.0234 ], [ -47.9053, -6.0189 ], [ -47.8759, -5.9739 ] ] ] } },
{ "type": "Feature", "properties": { "tipo": "TI", "nome": "Apipica" }, "geometry": { "type": "MultiPolygon", "coordinates": [ [ [ [ -59.3263, -3.3837 ], [ -59.3285, -3.3519 ], [ -59.3224, -3.3524 ], [ -59.3263, -3.3837 ] ] ], [ [ [ -59.348, -3.3452 ], [ -59.354, -3.3839 ], [ -59.3616, -3.3832 ], [ -59.348, -3.3452 ] ] ] ] } },
{ "type": "Feature", "properties": { "tipo": "TI", "nome": "Apurinã do Igarapé Mucuim" }, "geometry": { "type": "Polygon", "coordinates": [ [ [ -66.1597, -7.608 ], [ -66.1512, -7.5005 ], [ -66.0896, -7.4169 ], [ -66.0276, -7.44 ], [ -65.9623, -7.4369 ], [ -65.9469, -7.4205 ], [ -65.9205, -7.4351 ], [ -65.8828, -7.6465 ], [ -65.8997, -7.6679 ], [ -65.9282, -7.6477 ], [ -66.0066, -7.6796 ], [ -66.0331, -7.7128 ], [ -66.0624, -7.713 ], [ -66.0861, -7.6607 ], [ -66.1536, -7.6725 ], [ -66.1437, -7.656 ], [ -66.1131, -7.6643 ], [ -66.0999, -7.6517 ], [ -66.1597, -7.608 ] ] ] } },
{ "type": "Feature", "properties": { "tipo": "TI", "nome": "Alto Rio Guamá" }, "geometry": { "type": "Polygon", "coordinates": [ [ [ -46.9767, -1.7899 ], [ -46.9314, -1.7661 ], [ -46.4404, -2.4721 ], [ -46.4363, -2.5149 ], [ -46.4179, -2.5255 ], [ -46.4707, -2.5439 ], [ -46.4913, -2.5331 ], [ -46.5067, -2.6161 ], [ -46.5789, -2.6307 ], [ -46.5928, -2.6646 ], [ -46.606, -2.6389 ], [ -46.6224, -2.6442 ], [ -46.6348, -2.685 ], [ -46.6499, -2.6791 ], [ -46.6646, -2.6941 ], [ -46.6745, -2.7319 ], [ -46.6533, -2.7295 ], [ -46.6518, -2.7567 ], [ -46.6391, -2.7521 ], [ -46.6318, -2.7681 ], [ -46.6373, -2.7936 ], [ -46.6253, -2.8063 ], [ -46.6036, -2.7885 ], [ -46.5984, -2.8218 ], [ -46.5761, -2.8411 ], [ -46.6152, -2.8289 ], [ -46.6106, -2.8546 ], [ -46.6404, -2.8513 ], [ -46.6395, -2.8828 ], [ -46.6848, -2.8786 ], [ -46.9063, -2.1749 ], [ -46.93, -2.0798 ], [ -46.8998, -2.0133 ], [ -46.911, -1.9737 ], [ -47.0131, -1.8772 ], [ -47.0062, -1.8507 ], [ -46.9979, -1.8615 ], [ -46.9812, -1.8489 ], [ -46.9767, -1.7899 ] ] ] } },
{ "type": "Feature", "properties": { "tipo": "TI", "nome": "Alto Rio Negro" }, "geometry": { "type": "MultiPolygon", "coordinates": [ [ [ [ -69.5287, -0.8754 ], [ -69.5318, -0.8744 ], [ -69.5316, -0.8718 ], [ -69.5287, -0.8754 ] ] ], [ [ [ -69.5966, -0.692 ], [ -69.5996, -0.6897 ], [ -69.5987, -0.6885 ], [ -69.5966, -0.692 ] ] ], [ [ [ -67.331, 0.1414 ], [ -67.3302, 0.1391 ], [ -67.3322, 0.1405 ], [ -67.331, 0.1414 ] ] ], [ [ [ -67.3367, 0.1487 ], [ -67.3328, 0.1493 ], [ -67.3313, 0.1437 ], [ -67.3367, 0.1487 ] ] ], [ [ [ -67.3348, 0.1512 ], [ -67.3354, 0.1507 ], [ -67.3354, 0.1512 ], [ -67.3348, 0.1512 ] ] ], [ [ [ -67.3347, 0.1576 ], [ -67.3331, 0.155 ], [ -67.3325, 0.1532 ], [ -67.3347, 0.1576 ] ] ], [ [ [ -67.3318, 0.1649 ], [ -67.3337, 0.1658 ], [ -67.3321, 0.1666 ], [ -67.3318, 0.1649 ] ] ], [ [ [ -67.3435, 0.1702 ], [ -67.3475, 0.168 ], [ -67.3439, 0.1718 ], [ -67.3435, 0.1702 ] ] ], [ [ [ -67.3342, 0.1685 ], [ -67.3349, 0.1678 ], [ -67.3351, 0.1682 ], [ -67.3342, 0.1685 ] ] ], [ [ [ -67.3342, 0.1688 ], [ -67.3365, 0.1885 ], [ -67.3271, 0.206 ], [ -67.3254, 0.1994 ], [ -67.3342, 0.1688 ] ] ], [ [ [ -67.3298, 0.2069 ], [ -67.3291, 0.2066 ], [ -67.3296, 0.2065 ], [ -67.3298, 0.2069 ] ] ], [ [ [ -67.3324, 0.2594 ], [ -67.327, 0.25 ], [ -67.3297, 0.245 ], [ -67.3324, 0.2594 ] ] ], [ [ [ -67.3328, 0.4731 ], [ -67.3322, 0.4734 ], [ -67.3327, 0.4726 ], [ -67.3328, 0.4731 ] ] ], [ [ [ -67.3316, 0.4738 ], [ -67.3313, 0.4751 ], [ -67.331, 0.475 ], [ -67.3316, 0.4738 ] ] ], [ [ [ -69.9883, 0.5714 ], [ -69.9882, 0.5712 ], [ -69.9885, 0.5715 ], [ -69.9883, 0.5714 ] ] ], [ [ [ -69.9205, -0.3258 ], [ -70.0596, -0.1747 ], [ -70.0427, -0.1233 ], [ -70.0464, 0.5623 ], [ -70.025, 0.5603 ], [ -70.014, 0.5405 ], [ -69.9911, 0.5449 ], [ -69.9914, 0.5721 ], [ -69.9295, 0.551 ], [ -69.9129, 0.5858 ], [ -69.8572, 0.5743 ], [ -69.8209, 0.5888 ], [ -69.7994, 0.5684 ], [ -69.7468, 0.6169 ], [ -69.722, 0.6133 ], [ -69.6772, 0.6654 ], [ -69.6486, 0.6626 ], [ -69.6058, 0.6113 ], [ -69.6031, 0.6332 ], [ -69.5867, 0.6369 ], [ -69.593, 0.6533 ], [ -69.5606, 0.6827 ], [ -69.5335, 0.6784 ], [ -69.5298, 0.703 ], [ -69.48, 0.7348 ], [ -69.4341, 0.7124 ], [ -69.434, 0.696 ], [ -69.3528, 0.6137 ], [ -69.3362, 0.643 ], [ -69.3195, 0.6257 ], [ -69.2882, 0.6498 ], [ -69.2958, 0.6041 ], [ -69.2312, 0.5983 ], [ -69.1977, 0.607 ], [ -69.2008, 0.6322 ], [ -69.1845, 0.6518 ], [ -69.1231, 0.6317 ], [ -69.1113, 0.647 ], [ -69.1283, 0.6909 ], [ -69.1788, 0.7177 ], [ -69.1876, 0.7389 ], [ -69.1422, 0.7703 ], [ -69.1645, 0.8462 ], [ -69.1396, 0.8473 ], [ -69.1356, 0.8838 ], [ -69.1811, 0.905 ], [ -69.188, 0.931 ], [ -69.1627, 0.9439 ], [ -69.2167, 0.9778 ], [ -69.1962, 1.0041 ], [ -69.2424, 1.061 ], [ -69.2845, 1.0591 ], [ -69.3183, 1.0952 ], [ -69.3745, 1.0934 ], [ -69.412, 1.0487 ], [ -69.4284, 1.0519 ], [ -69.4337, 1.078 ], [ -69.5623, 1.0773 ], [ -69.6049, 1.1039 ], [ -69.6772, 1.0748 ], [ -69.6993, 1.0807 ], [ -69.7035, 1.1233 ], [ -69.7668, 1.1091 ], [ -69.8042, 1.0681 ], [ -69.8262, 1.0848 ], [ -69.8465, 1.0791 ], [ -69.8454, 1.7141 ], [ -69.7827, 1.6928 ], [ -69.7211, 1.7352 ], [ -69.6539, 1.7181 ], [ -69.5344, 1.777 ], [ -69.5344, 1.7638 ], [ -69.5136, 1.7713 ], [ -69.4762, 1.7433 ], [ -69.4667, 1.7571 ], [ -69.3933, 1.7267 ], [ -68.1505, 1.7278 ], [ -68.1842, 1.7437 ], [ -68.1722, 1.7583 ], [ -68.1923, 1.78 ], [ -68.2389, 1.77 ], [ -68.2266, 1.8292 ], [ -68.2726, 1.82 ], [ -68.2711, 1.8366 ], [ -68.2839, 1.8369 ], [ -68.2503, 1.8796 ], [ -68.1946, 2.0397 ], [ -68.1841, 1.9798 ], [ -68.1676, 1.9635 ], [ -68.1348, 1.9662 ], [ -68.0942, 1.8965 ], [ -68.0619, 1.8932 ], [ -68.031, 1.811 ], [ -68.0047, 1.8379 ], [ -67.9823, 1.8137 ], [ -67.9485, 1.8274 ], [ -67.9077, 1.8048 ], [ -67.9219, 1.8204 ], [ -67.9118, 1.8973 ], [ -67.8973, 1.8881 ], [ -67.8712, 1.9008 ], [ -67.8324, 1.9394 ], [ -67.8087, 1.9859 ], [ -67.7752, 2.0123 ], [ -67.7755, 2.0349 ], [ -67.7434, 2.0345 ], [ -67.7307, 2.0117 ], [ -67.6909, 1.9997 ], [ -67.6772, 2.0091 ], [ -67.6584, 1.9905 ], [ -67.6017, 2.0438 ], [ -67.551, 2.1495 ], [ -67.4504, 2.1688 ], [ -67.4165, 2.1936 ], [ -67.3999, 2.2334 ], [ -67.3686, 2.2162 ], [ -67.3617, 2.171 ], [ -67.3273, 2.1549 ], [ -67.3585, 2.1158 ], [ -67.3585, 2.0945 ], [ -67.3417, 2.0849 ], [ -67.3584, 2.0416 ], [ -67.3415, 2.0267 ], [ -67.3473, 1.985 ], [ -67.3031, 1.9006 ], [ -67.2476, 1.8602 ], [ -67.1743, 1.8447 ], [ -67.1517, 1.8161 ], [ -67.1631, 1.8013 ], [ -67.1366, 1.7989 ], [ -67.1276, 1.7768 ], [ -67.149, 1.7315 ], [ -67.1289, 1.6879 ], [ -67.1431, 1.6042 ], [ -67.1008, 1.5817 ], [ -67.0788, 1.3942 ], [ -67.0924, 1.3472 ], [ -67.1121, 1.335 ], [ -67.1514, 1.3456 ], [ -67.1561, 1.3172 ], [ -67.1267, 1.2706 ], [ -67.1006, 1.2597 ], [ -67.0822, 1.2007 ], [ -67.093, 1.1709 ], [ -67.0182, 1.1059 ], [ -67.0587, 1.0849 ], [ -67.1093, 1.0055 ], [ -67.132, 1.0122 ], [ -67.157, 0.9951 ], [ -67.1566, 0.9754 ], [ -67.1938, 0.9569 ], [ -67.1802, 0.9361 ], [ -67.2206, 0.9166 ], [ -67.2563, 0.8525 ], [ -67.261, 0.8141 ], [ -67.2565, 0.8069 ], [ -67.246, 0.8028 ], [ -67.2489, 0.7466 ], [ -67.224, 0.6612 ], [ -67.2574, 0.6238 ], [ -67.2725, 0.564 ], [ -67.2621, 0.5366 ], [ -67.3077, 0.518 ], [ -67.303, 0.4996 ], [ -67.3156, 0.4836 ], [ -67.327, 0.4807 ], [ -67.3376, 0.4687 ], [ -67.3436, 0.4274 ], [ -67.3351, 0.4031 ], [ -67.3141, 0.389 ], [ -67.3278, 0.3397 ], [ -67.3199, 0.316 ], [ -67.3306, 0.3012 ], [ -67.3404, 0.259 ], [ -67.3484, 0.1675 ], [ -67.3227, 0.1146 ], [ -67.3392, 0.098 ], [ -67.3443, -0.3222 ], [ -67.3703, -0.3185 ], [ -67.3804, -0.2967 ], [ -67.4125, -0.3125 ], [ -67.4166, -0.2862 ], [ -67.4393, -0.2964 ], [ -67.4364, -0.3313 ], [ -67.4515, -0.3402 ], [ -67.4709, -0.3051 ], [ -67.4871, -0.4169 ], [ -67.5187, -0.4112 ], [ -67.576, -0.364 ], [ -67.5703, -0.3917 ], [ -67.6567, -0.4181 ], [ -67.6842, -0.4456 ], [ -67.6771, -0.4687 ], [ -67.6896, -0.4599 ], [ -67.7039, -0.4853 ], [ -67.684, -0.4923 ], [ -67.6993, -0.5273 ], [ -67.7806, -0.5134 ], [ -67.8024, -0.5314 ], [ -67.7866, -0.5322 ], [ -67.8073, -0.5521 ], [ -67.7984, -0.5615 ], [ -67.8177, -0.5591 ], [ -67.8333, -0.5703 ], [ -67.8329, -0.6117 ], [ -67.8871, -0.6284 ], [ -67.8972, -0.6593 ], [ -67.9266, -0.6801 ], [ -67.9342, -0.6659 ], [ -67.9594, -0.6888 ], [ -67.9718, -0.6778 ], [ -67.9928, -0.7172 ], [ -68.0187, -0.7113 ], [ -68.0107, -0.6984 ], [ -68.0321, -0.701 ], [ -68.027, -0.6889 ], [ -68.0831, -0.7074 ], [ -68.1149, -0.6844 ], [ -68.1576, -0.6901 ], [ -68.1695, -0.6705 ], [ -68.2171, -0.6638 ], [ -68.254, -0.6818 ], [ -68.265, -0.6696 ], [ -68.2715, -0.6873 ], [ -68.2929, -0.6869 ], [ -68.3664, -0.7383 ], [ -68.409, -0.7411 ], [ -68.4285, -0.7659 ], [ -68.5274, -0.7615 ], [ -68.6039, -0.7203 ], [ -68.6748, -0.7669 ], [ -68.7811, -0.7576 ], [ -69.4099, -1.0804 ], [ -69.4331, -1.0708 ], [ -69.4207, -1.0718 ], [ -69.4306, -1.0612 ], [ -69.4184, -1.0443 ], [ -69.4334, -1.0409 ], [ -69.4448, -1.0248 ], [ -69.4186, -0.9981 ], [ -69.4591, -0.9938 ], [ -69.4713, -0.9577 ], [ -69.5283, -0.9245 ], [ -69.5257, -0.8688 ], [ -69.5733, -0.8386 ], [ -69.559, -0.8163 ], [ -69.6256, -0.7456 ], [ -69.562, -0.6367 ], [ -69.6033, -0.596 ], [ -69.5916, -0.561 ], [ -69.6143, -0.5345 ], [ -69.6085, -0.5007 ], [ -69.7253, -0.4462 ], [ -69.7746, -0.3913 ], [ -69.8264, -0.3731 ], [ -69.8448, -0.3376 ], [ -69.8893, -0.3418 ], [ -69.9205, -0.3258 ] ] ], [ [ [ -68.2824, 1.8281 ], [ -68.2828, 1.828 ], [ -68.2823, 1.8282 ], [ -68.2824, 1.8281 ] ] ], [ [ [ -68.2823, 1.8282 ], [ -68.2822, 1.8283 ], [ -68.2822, 1.8282 ], [ -68.2823, 1.8282 ] ] ], [ [ [ -67.3279, 0.1629 ], [ -67.3302, 0.1528 ], [ -67.3306, 0.1654 ], [ -67.3279, 0.1629 ] ] ], [ [ [ -67.3273, 0.2646 ], [ -67.3296, 0.2654 ], [ -67.3276, 0.2667 ], [ -67.3273, 0.2646 ] ] ], [ [ [ -67.3221, 0.2886 ], [ -67.3233, 0.2806 ], [ -67.3264, 0.2766 ], [ -67.3221, 0.2886 ] ] ], [ [ [ -67.317, 0.2899 ], [ -67.3154, 0.2911 ], [ -67.3173, 0.2871 ], [ -67.317, 0.2899 ] ] ], [ [ [ -67.3234, 0.2903 ], [ -67.3244, 0.2908 ], [ -67.3237, 0.2916 ], [ -67.3234, 0.2903 ] ] ], [ [ [ -67.3161, 0.2971 ], [ -67.3156, 0.2948 ], [ -67.3156, 0.2938 ], [ -67.3161, 0.2971 ] ] ], [ [ [ -67.3284, 0.2995 ], [ -67.3217, 0.3072 ], [ -67.3269, 0.2944 ], [ -67.3284, 0.2995 ] ] ], [ [ [ -67.3223, 0.3077 ], [ -67.3249, 0.306 ], [ -67.3261, 0.3057 ], [ -67.3223, 0.3077 ] ] ], [ [ [ -67.3213, 0.3401 ], [ -67.3246, 0.3419 ], [ -67.3205, 0.3401 ], [ -67.3213, 0.3401 ] ] ], [ [ [ -67.3217, 0.343 ], [ -67.322, 0.3435 ], [ -67.3215, 0.3432 ], [ -67.3217, 0.343 ] ] ], [ [ [ -67.3135, 0.3996 ], [ -67.3337, 0.4104 ], [ -67.3345, 0.4454 ], [ -67.3172, 0.4219 ], [ -67.3135, 0.3996 ] ] ], [ [ [ -67.3327, 0.465 ], [ -67.3223, 0.4645 ], [ -67.3272, 0.4461 ], [ -67.3327, 0.465 ] ] ], [ [ [ -67.3102, 0.4813 ], [ -67.3117, 0.4822 ], [ -67.3087, 0.4839 ], [ -67.3102, 0.4813 ] ] ], [ [ [ -67.2665, 0.5562 ], [ -67.2654, 0.5716 ], [ -67.2596, 0.5462 ], [ -67.2665, 0.5562 ] ] ], [ [ [ -67.263, 0.5791 ], [ -67.2602, 0.583 ], [ -67.2634, 0.5768 ], [ -67.263, 0.5791 ] ] ], [ [ [ -67.2557, 0.5828 ], [ -67.2592, 0.5771 ], [ -67.256, 0.584 ], [ -67.2557, 0.5828 ] ] ], [ [ [ -67.2549, 0.612 ], [ -67.2554, 0.6127 ], [ -67.2549, 0.6127 ], [ -67.2549, 0.612 ] ] ], [ [ [ -67.2542, 0.8072 ], [ -67.2602, 0.8131 ], [ -67.2601, 0.8145 ], [ -67.2542, 0.8072 ] ] ], [ [ [ -67.2401, 0.6417 ], [ -67.2319, 0.647 ], [ -67.2305, 0.6435 ], [ -67.2401, 0.6417 ] ] ], [ [ [ -67.2247, 0.6501 ], [ -67.2189, 0.6606 ], [ -67.219, 0.6689 ], [ -67.2247, 0.6501 ] ] ], [ [ [ -67.2259, 0.6757 ], [ -67.2261, 0.6745 ], [ -67.2274, 0.6756 ], [ -67.2259, 0.6757 ] ] ], [ [ [ -67.2235, 0.6757 ], [ -67.2249, 0.6751 ], [ -67.2251, 0.6762 ], [ -67.2235, 0.6757 ] ] ], [ [ [ -67.2286, 0.6914 ], [ -67.2329, 0.6954 ], [ -67.2319, 0.6969 ], [ -67.2286, 0.6914 ] ] ], [ [ [ -67.2282, 0.7063 ], [ -67.2277, 0.7007 ], [ -67.2311, 0.7099 ], [ -67.2282, 0.7063 ] ] ], [ [ [ -67.2377, 0.7324 ], [ -67.2314, 0.7349 ], [ -67.2322, 0.7128 ], [ -67.2377, 0.7324 ] ] ], [ [ [ -67.2349, 0.7416 ], [ -67.2358, 0.7534 ], [ -67.2323, 0.7387 ], [ -67.2349, 0.7416 ] ] ], [ [ [ -67.2413, 0.7503 ], [ -67.2468, 0.7469 ], [ -67.2462, 0.7574 ], [ -67.2413, 0.7503 ] ] ], [ [ [ -67.2425, 0.7577 ], [ -67.2423, 0.7623 ], [ -67.2408, 0.7546 ], [ -67.2425, 0.7577 ] ] ], [ [ [ -67.2443, 0.7616 ], [ -67.2438, 0.7649 ], [ -67.2439, 0.7615 ], [ -67.2443, 0.7616 ] ] ], [ [ [ -67.2404, 0.784 ], [ -67.2396, 0.7791 ], [ -67.2405, 0.777 ], [ -67.2404, 0.784 ] ] ], [ [ [ -67.242, 0.8285 ], [ -67.234, 0.8167 ], [ -67.2433, 0.8086 ], [ -67.2522, 0.8191 ], [ -67.242, 0.8285 ] ] ], [ [ [ -67.2477, 0.8607 ], [ -67.24, 0.8786 ], [ -67.2341, 0.8828 ], [ -67.2477, 0.8607 ] ] ], [ [ [ -67.2213, 0.9066 ], [ -67.2212, 0.9096 ], [ -67.2203, 0.9101 ], [ -67.2213, 0.9066 ] ] ], [ [ [ -67.1565, 0.981 ], [ -67.1541, 0.9788 ], [ -67.1552, 0.9772 ], [ -67.1565, 0.981 ] ] ], [ [ [ -67.1497, 0.9966 ], [ -67.1499, 0.9984 ], [ -67.1492, 0.9978 ], [ -67.1497, 0.9966 ] ] ] ] } },
{ "type": "Feature", "properties": { "tipo": "TI", "nome": "Alto Rio Purus" }, "geometry": { "type": "Polygon", "coordinates": [ [ [ -70.3776, -9.1988 ], [ -70.3492, -9.2082 ], [ -70.2936, -9.1681 ], [ -70.2842, -9.1852 ], [ -70.2608, -9.178 ], [ -70.2518, -9.1894 ], [ -70.2414, -9.1514 ], [ -70.2041, -9.1755 ], [ -70.2072, -9.1482 ], [ -70.1862, -9.1606 ], [ -70.1797, -9.1331 ], [ -70.1565, -9.1178 ], [ -70.1532, -9.1406 ], [ -70.1294, -9.1228 ], [ -70.1206, -9.1399 ], [ -70.0893, -9.1275 ], [ -70.1043, -9.1052 ], [ -70.0855, -9.088 ], [ -70.0518, -9.1147 ], [ -70.0223, -9.0819 ], [ -70.0184, -9.0949 ], [ -70.012, -9.0813 ], [ -69.9878, -9.084 ], [ -69.9783, -9.1063 ], [ -69.9323, -9.071 ], [ -69.9163, -9.0756 ], [ -69.9217, -9.0976 ], [ -69.8904, -9.0983 ], [ -69.8741, -9.1189 ], [ -69.849, -9.0926 ], [ -69.8248, -9.1312 ], [ -69.8321, -9.1554 ], [ -69.7667, -9.1061 ], [ -69.7686, -9.067 ], [ -69.7588, -9.1015 ], [ -69.7294, -9.1174 ], [ -69.7444, -9.1417 ], [ -69.7308, -9.1933 ], [ -69.6964, -9.2383 ], [ -69.7656, -9.3526 ], [ -69.8276, -9.3702 ], [ -69.8792, -9.3444 ], [ -69.9155, -9.2963 ], [ -69.9323, -9.3379 ], [ -69.909, -9.3425 ], [ -69.9386, -9.3469 ], [ -69.9266, -9.3721 ], [ -69.9463, -9.3702 ], [ -69.9417, -9.3877 ], [ -69.9674, -9.4129 ], [ -69.9905, -9.4115 ], [ -69.9908, -9.4425 ], [ -70.0111, -9.4344 ], [ -70.0138, -9.4721 ], [ -70.0311, -9.4624 ], [ -70.0168, -9.5101 ], [ -70.0371, -9.506 ], [ -70.029, -9.5279 ], [ -70.1033, -9.5408 ], [ -70.1368, -9.5139 ], [ -70.1881, -9.5509 ], [ -70.2627, -9.5299 ], [ -70.3231, -9.4724 ], [ -70.3352, -9.4309 ], [ -70.3749, -9.4377 ], [ -70.4129, -9.4076 ], [ -70.4064, -9.3891 ], [ -70.4295, -9.3558 ], [ -70.4071, -9.3509 ], [ -70.4238, -9.34 ], [ -70.3947, -9.31 ], [ -70.4679, -9.3005 ], [ -70.3776, -9.1988 ] ] ] } },
{ "type": "Feature", "properties": { "tipo": "TI", "nome": "Alto Sepatini" }, "geometry": { "type": "Polygon", "coordinates": [ [ [ -66.2468, -7.9967 ], [ -66.2009, -8.0224 ], [ -66.1928, -8.0553 ], [ -66.2178, -8.0487 ], [ -66.2286, -8.0669 ], [ -66.2523, -8.0672 ], [ -66.3048, -8.0381 ], [ -66.3359, -8.0524 ], [ -66.3536, -8.0818 ], [ -66.4958, -8.0262 ], [ -66.4944, -7.9944 ], [ -66.4157, -7.99 ], [ -66.2866, -7.9499 ], [ -66.2517, -7.9709 ], [ -66.2468, -7.9967 ] ] ] } },
{ "type": "Feature", "properties": { "tipo": "TI", "nome": "Alto Tarauacá" }, "geometry": { "type": "Polygon", "coordinates": [ [ [ -72.1553, -9.8119 ], [ -72.0876, -9.745 ], [ -72.101, -9.7324 ], [ -72.0879, -9.7089 ], [ -72.1089, -9.6958 ], [ -72.0814, -9.6 ], [ -72.0527, -9.5688 ], [ -72.0585, -9.5114 ], [ -72.0335, -9.4637 ], [ -71.7959, -9.4253 ], [ -71.7263, -9.3794 ], [ -71.7211, -9.4245 ], [ -71.6855, -9.4343 ], [ -71.6879, -9.4492 ], [ -71.6578, -9.4669 ], [ -71.6644, -9.5234 ], [ -71.7256, -9.5309 ], [ -71.7374, -9.5459 ], [ -71.7315, -9.5646 ], [ -71.6856, -9.5884 ], [ -71.69, -9.6204 ], [ -71.7357, -9.6401 ], [ -71.7582, -9.6106 ], [ -71.8131, -9.6346 ], [ -71.8066, -9.6818 ], [ -71.7895, -9.697 ], [ -71.8369, -9.7206 ], [ -71.8829, -9.7782 ], [ -71.9153, -9.7727 ], [ -71.9513, -9.789 ], [ -71.9642, -9.7787 ], [ -71.9658, -9.7918 ], [ -71.9942, -9.7957 ], [ -71.9957, -9.8125 ], [ -72.0788, -9.8088 ], [ -72.1226, -9.8337 ], [ -72.1553, -9.8119 ] ] ] } },
{ "type": "Feature", "properties": { "tipo": "TI", "nome": "Alto Turiaçu" }, "geometry": { "type": "Polygon", "coordinates": [ [ [ -46.6187, -2.6658 ], [ -46.6215, -2.6448 ], [ -46.6066, -2.6397 ], [ -46.5933, -2.6661 ], [ -46.5775, -2.6311 ], [ -46.5054, -2.6175 ], [ -46.509, -2.5884 ], [ -46.4858, -2.5695 ], [ -46.4965, -2.5415 ], [ -46.4193, -2.5319 ], [ -46.4351, -2.5113 ], [ -46.4278, -2.4948 ], [ -46.1332, -2.4984 ], [ -45.8361, -2.9462 ], [ -45.8384, -2.9742 ], [ -45.9103, -3.0095 ], [ -45.8381, -3.1048 ], [ -45.9485, -3.2301 ], [ -46.0565, -3.2279 ], [ -46.2953, -3.1826 ], [ -46.2794, -3.1745 ], [ -46.2867, -3.1646 ], [ -46.3207, -3.1604 ], [ -46.3754, -3.1131 ], [ -46.4407, -3.0964 ], [ -46.4714, -3.0528 ], [ -46.6129, -3.0439 ], [ -46.624, -3.0224 ], [ -46.6353, -3.0365 ], [ -46.6734, -2.9998 ], [ -46.6496, -2.9963 ], [ -46.662, -2.975 ], [ -46.6471, -2.9615 ], [ -46.6718, -2.9449 ], [ -46.6529, -2.9304 ], [ -46.681, -2.8912 ], [ -46.669, -2.8762 ], [ -46.6351, -2.884 ], [ -46.6398, -2.8616 ], [ -46.6263, -2.862 ], [ -46.6399, -2.8523 ], [ -46.6115, -2.8581 ], [ -46.6145, -2.8295 ], [ -46.575, -2.8416 ], [ -46.5989, -2.8174 ], [ -46.6024, -2.7884 ], [ -46.6244, -2.8055 ], [ -46.6349, -2.795 ], [ -46.6315, -2.7668 ], [ -46.641, -2.7498 ], [ -46.651, -2.7565 ], [ -46.6526, -2.7286 ], [ -46.6731, -2.7316 ], [ -46.6636, -2.6945 ], [ -46.6187, -2.6658 ] ] ] } },
{ "type": "Feature", "properties": { "tipo": "TI", "nome": "Apurinã do Igarapé São João" }, "geometry": { "type": "Polygon", "coordinates": [ [ [ -63.1134, -5.4762 ], [ -63.0694, -5.5127 ], [ -63.0758, -5.556 ], [ -63.1149, -5.6569 ], [ -63.1443, -5.6779 ], [ -63.185, -5.6368 ], [ -63.2023, -5.5389 ], [ -63.1659, -5.524 ], [ -63.1232, -5.5539 ], [ -63.1037, -5.544 ], [ -63.1135, -5.5038 ], [ -63.1678, -5.4758 ], [ -63.169, -5.4523 ], [ -63.1207, -5.4648 ], [ -63.1239, -5.4856 ], [ -63.1134, -5.4762 ] ] ] } },
{ "type": "Feature", "properties": { "tipo": "TI", "nome": "Apurinã Igarapé Tauamirim" }, "geometry": { "type": "Polygon", "coordinates": [ [ [ -63.1442, -5.6701 ], [ -63.1149, -5.6569 ], [ -63.0724, -5.5231 ], [ -62.878, -5.4575 ], [ -62.9021, -5.4776 ], [ -62.9332, -5.5649 ], [ -62.8622, -5.5772 ], [ -62.8499, -5.6072 ], [ -62.8741, -5.6692 ], [ -62.8931, -5.6746 ], [ -62.9041, -5.8909 ], [ -63.0646, -5.8614 ], [ -63.0662, -5.8431 ], [ -63.143, -5.7947 ], [ -63.1442, -5.6701 ] ] ] } },
{ "type": "Feature", "properties": { "tipo": "TI", "nome": "Apurinã Km 124 BR-317" }, "geometry": { "type": "Polygon", "coordinates": [ [ [ -67.3567, -9.2372 ], [ -67.189, -9.2409 ], [ -67.1596, -9.2645 ], [ -67.0966, -9.2468 ], [ -67.0654, -9.262 ], [ -67.0471, -9.2879 ], [ -67.0664, -9.2949 ], [ -67.0973, -9.3581 ], [ -67.1424, -9.3687 ], [ -67.147, -9.39 ], [ -67.2394, -9.3784 ], [ -67.2933, -9.3501 ], [ -67.3014, -9.3618 ], [ -67.3447, -9.3382 ], [ -67.3684, -9.3423 ], [ -67.3667, -9.3135 ], [ -67.3806, -9.3029 ], [ -67.3732, -9.2916 ], [ -67.3457, -9.3067 ], [ -67.3567, -9.2372 ] ] ] } },
{ "type": "Feature", "properties": { "tipo": "TI", "nome": "Araçá" }, "geometry": { "type": "Polygon", "coordinates": [ [ [ -61.122, 3.736 ], [ -61.1022, 3.7234 ], [ -61.0437, 3.7296 ], [ -61.0143, 3.695 ], [ -60.9865, 3.6921 ], [ -60.9636, 3.6097 ], [ -61.0084, 3.5731 ], [ -61.0088, 3.5554 ], [ -61.0662, 3.522 ], [ -61.1079, 3.5502 ], [ -61.1318, 3.525 ], [ -61.154, 3.5322 ], [ -61.1625, 3.52 ], [ -61.1698, 3.5332 ], [ -61.1765, 3.5201 ], [ -61.197, 3.5306 ], [ -61.1877, 3.566 ], [ -61.2222, 3.559 ], [ -61.24, 3.5871 ], [ -61.2572, 3.6333 ], [ -61.2375, 3.6787 ], [ -61.2554, 3.7217 ], [ -61.1814, 3.6349 ], [ -61.1458, 3.7174 ], [ -61.122, 3.736 ] ] ] } },
{ "type": "Feature", "properties": { "tipo": "TI", "nome": "Anambé" }, "geometry": { "type": "Polygon", "coordinates": [ [ [ -49.3652, -2.8237 ], [ -49.2599, -2.8218 ], [ -49.2628, -2.9073 ], [ -49.2989, -2.9094 ], [ -49.313, -2.8858 ], [ -49.3428, -2.8815 ], [ -49.3652, -2.8237 ] ] ] } },
{ "type": "Feature", "properties": { "tipo": "TI", "nome": "Arara do Rio Branco" }, "geometry": { "type": "MultiPolygon", "coordinates": [ [ [ [ -59.6049, -9.9764 ], [ -59.6204, -9.9689 ], [ -59.614, -9.947 ], [ -59.6359, -9.9128 ], [ -59.6649, -9.9101 ], [ -59.6812, -9.928 ], [ -59.7203, -9.8989 ], [ -59.7528, -9.9188 ], [ -59.7666, -9.9003 ], [ -59.7819, -9.9137 ], [ -59.7563, -9.6556 ], [ -59.7426, -9.6658 ], [ -59.6685, -9.6431 ], [ -59.6177, -9.6707 ], [ -59.5665, -9.6201 ], [ -59.5566, -9.5851 ], [ -59.5266, -9.5868 ], [ -59.4836, -9.5474 ], [ -59.4592, -9.6182 ], [ -59.4581, -9.6987 ], [ -59.4173, -9.7279 ], [ -59.3981, -9.7777 ], [ -59.613, -9.9982 ], [ -59.6049, -9.9764 ] ] ] ] } },
{ "type": "Feature", "properties": { "tipo": "TI", "nome": "Arara do Igarapé Humaitá" }, "geometry": { "type": "Polygon", "coordinates": [ [ [ -72.3384, -8.3406 ], [ -72.2347, -8.3373 ], [ -72.2501, -8.3818 ], [ -72.21, -8.4486 ], [ -72.237, -8.5125 ], [ -72.2065, -8.5421 ], [ -72.2229, -8.5825 ], [ -72.2973, -8.5863 ], [ -72.3895, -8.5562 ], [ -72.4145, -8.5183 ], [ -72.4915, -8.488 ], [ -72.579, -8.408 ], [ -72.4915, -8.2765 ], [ -72.3785, -8.2915 ], [ -72.3384, -8.3406 ] ] ] } },
{ "type": "Feature", "properties": { "tipo": "TI", "nome": "Arara da Volta Grande do Xingu" }, "geometry": { "type": "MultiPolygon", "coordinates": [ [ [ [ -51.5841, -3.5923 ], [ -51.573, -3.6594 ], [ -51.6333, -3.6673 ], [ -51.6307, -3.6925 ], [ -51.7538, -3.6455 ], [ -51.7713, -3.6104 ], [ -51.7626, -3.5416 ], [ -51.7434, -3.508 ], [ -51.7359, -3.5176 ], [ -51.722, -3.5043 ], [ -51.7126, -3.5376 ], [ -51.6584, -3.5744 ], [ -51.6219, -3.5809 ], [ -51.6127, -3.5643 ], [ -51.5841, -3.5923 ] ] ], [ [ [ -51.7671, -3.5741 ], [ -51.7726, -3.5758 ], [ -51.7673, -3.5676 ], [ -51.7671, -3.5741 ] ] ], [ [ [ -51.7673, -3.5646 ], [ -51.7698, -3.5663 ], [ -51.7675, -3.5593 ], [ -51.7673, -3.5646 ] ] ], [ [ [ -51.7671, -3.5582 ], [ -51.7681, -3.5567 ], [ -51.7677, -3.5559 ], [ -51.7671, -3.5582 ] ] ], [ [ [ -51.6782, -3.5546 ], [ -51.6781, -3.5561 ], [ -51.6813, -3.548 ], [ -51.6782, -3.5546 ] ] ], [ [ [ -51.7658, -3.5518 ], [ -51.7682, -3.5513 ], [ -51.7665, -3.5471 ], [ -51.7658, -3.5518 ] ] ], [ [ [ -51.7623, -3.539 ], [ -51.7641, -3.5386 ], [ -51.7631, -3.5376 ], [ -51.7623, -3.539 ] ] ], [ [ [ -51.7298, -3.499 ], [ -51.7303, -3.5008 ], [ -51.7323, -3.4998 ], [ -51.7298, -3.499 ] ] ], [ [ [ -51.7279, -3.4986 ], [ -51.7277, -3.5009 ], [ -51.7295, -3.5004 ], [ -51.7279, -3.4986 ] ] ] ] } },
{ "type": "Feature", "properties": { "tipo": "TI", "nome": "Ananás" }, "geometry": { "type": "Polygon", "coordinates": [ [ [ -61.4049, 3.9552 ], [ -61.4023, 3.9041 ], [ -61.4222, 3.8823 ], [ -61.4202, 3.852 ], [ -61.4473, 3.8939 ], [ -61.4124, 3.915 ], [ -61.4049, 3.9552 ] ] ] } },
{ "type": "Feature", "properties": { "tipo": "TI", "nome": "Anaro" }, "geometry": { "type": "Polygon", "coordinates": [ [ [ -61.017, 4.0428 ], [ -60.9697, 4.0323 ], [ -60.9298, 3.9853 ], [ -60.935, 3.9378 ], [ -60.8745, 3.831 ], [ -60.9028, 3.8004 ], [ -60.9598, 3.7786 ], [ -60.994, 3.7895 ], [ -61.0022, 3.8857 ], [ -61.0428, 3.9983 ], [ -61.0426, 4.0225 ], [ -61.017, 4.0428 ] ] ] } },
{ "type": "Feature", "properties": { "tipo": "TI", "nome": "Aningal" }, "geometry": { "type": "Polygon", "coordinates": [ [ [ -61.3548, 3.4891 ], [ -61.3441, 3.4344 ], [ -61.4291, 3.4372 ], [ -61.4493, 3.4197 ], [ -61.4553, 3.4904 ], [ -61.3548, 3.4891 ] ] ] } },
{ "type": "Feature", "properties": { "tipo": "TI", "nome": "Anta" }, "geometry": { "type": "Polygon", "coordinates": [ [ [ -61.1377, 3.4161 ], [ -61.1217, 3.3525 ], [ -61.1476, 3.3633 ], [ -61.145, 3.3287 ], [ -61.1727, 3.3125 ], [ -61.1591, 3.3941 ], [ -61.1377, 3.4161 ] ] ] } },
{ "type": "Feature", "properties": { "tipo": "TI", "nome": "Arariboia" }, "geometry": { "type": "Polygon", "coordinates": [ [ [ -46.0056, -4.8504 ], [ -46.0248, -4.9333 ], [ -46.0723, -5.0048 ], [ -46.1123, -5.0475 ], [ -46.1874, -5.0718 ], [ -46.2163, -5.134 ], [ -46.2186, -5.1917 ], [ -46.1979, -5.1883 ], [ -46.1716, -5.2371 ], [ -46.1932, -5.2513 ], [ -46.2036, -5.3511 ], [ -46.5924, -5.3894 ], [ -46.657, -5.3307 ], [ -46.7171, -5.3093 ], [ -46.7584, -5.2072 ], [ -46.8012, -5.1828 ], [ -46.6371, -4.7824 ], [ -46.5933, -4.8037 ], [ -46.0351, -4.8071 ], [ -46.0056, -4.8504 ] ] ] } },
{ "type": "Feature", "properties": { "tipo": "TI", "nome": "Ariramba" }, "geometry": { "type": "MultiPolygon", "coordinates": [ [ [ [ -62.1896, -6.1876 ], [ -62.1934, -6.1961 ], [ -62.1962, -6.1921 ], [ -62.1896, -6.1876 ] ] ], [ [ [ -62.1935, -6.1556 ], [ -62.1883, -6.1112 ], [ -62.1758, -6.111 ], [ -62.182, -6.1637 ], [ -62.1935, -6.1556 ] ] ], [ [ [ -62.2808, -6.0565 ], [ -62.2176, -6.0737 ], [ -62.2336, -6.1002 ], [ -62.2618, -6.0932 ], [ -62.2498, -6.1176 ], [ -62.2723, -6.1813 ], [ -62.3379, -6.1605 ], [ -62.3393, -6.1277 ], [ -62.3096, -6.1178 ], [ -62.3041, -6.0691 ], [ -62.2808, -6.0565 ] ] ] ] } },
{ "type": "Feature", "properties": { "tipo": "TI", "nome": "Awa" }, "geometry": { "type": "Polygon", "coordinates": [ [ [ -46.5043, -3.3807 ], [ -46.449, -3.2508 ], [ -46.5303, -3.2386 ], [ -46.5492, -3.1683 ], [ -46.5088, -3.0462 ], [ -46.4714, -3.0528 ], [ -46.4407, -3.0964 ], [ -46.378, -3.1146 ], [ -46.2809, -3.1749 ], [ -46.2954, -3.1819 ], [ -46.4498, -3.5851 ], [ -46.4734, -3.5952 ], [ -46.4701, -3.6092 ], [ -46.5302, -3.6331 ], [ -46.5742, -3.6057 ], [ -46.5741, -3.5353 ], [ -46.6101, -3.4305 ], [ -46.5833, -3.3092 ], [ -46.5043, -3.3807 ] ] ] } },
{ "type": "Feature", "properties": { "tipo": "TI", "nome": "Bacurizinho" }, "geometry": { "type": "Polygon", "coordinates": [ [ [ -45.9718, -5.9329 ], [ -45.9899, -5.8829 ], [ -45.9747, -5.8754 ], [ -45.9706, -5.8003 ], [ -45.8746, -5.7748 ], [ -45.8087, -5.7693 ], [ -45.7871, -5.7907 ], [ -45.5929, -5.8338 ], [ -45.5914, -5.8669 ], [ -45.5793, -5.8688 ], [ -45.5962, -5.8824 ], [ -45.5946, -5.9185 ], [ -45.6315, -5.9605 ], [ -45.7467, -5.9785 ], [ -45.7754, -6.0157 ], [ -45.9093, -5.9701 ], [ -45.9718, -5.9329 ] ] ] } },
{ "type": "Feature", "properties": { "tipo": "TI", "nome": "Bacurizinho" }, "geometry": { "type": "Polygon", "coordinates": [ [ [ -45.9923, -5.9938 ], [ -45.9899, -5.8829 ], [ -45.9747, -5.8754 ], [ -45.9706, -5.7992 ], [ -45.9852, -5.7701 ], [ -45.9623, -5.7754 ], [ -45.9593, -5.7576 ], [ -45.9245, -5.739 ], [ -45.9136, -5.7499 ], [ -45.823, -5.7301 ], [ -45.795, -5.7484 ], [ -45.7705, -5.7416 ], [ -45.7341, -5.7543 ], [ -45.7203, -5.7876 ], [ -45.692, -5.7982 ], [ -45.6817, -5.7757 ], [ -45.65, -5.7912 ], [ -45.6092, -5.7763 ], [ -45.5843, -5.8453 ], [ -45.5914, -5.8669 ], [ -45.5793, -5.8688 ], [ -45.5962, -5.8824 ], [ -45.5946, -5.9185 ], [ -45.6318, -5.9607 ], [ -45.7651, -5.9918 ], [ -45.7818, -6.0723 ], [ -45.8089, -6.089 ], [ -45.8238, -6.1281 ], [ -45.8844, -6.1145 ], [ -46.0284, -6.0431 ], [ -46.0121, -6.0023 ], [ -45.9923, -5.9938 ] ] ] } },
{ "type": "Feature", "properties": { "tipo": "TI", "nome": "Badjonkore" }, "geometry": { "type": "Polygon", "coordinates": [ [ [ -52.0348, -9.1117 ], [ -52.0987, -8.9183 ], [ -52.1653, -8.8862 ], [ -52.2126, -8.8325 ], [ -52.2677, -8.8184 ], [ -52.2641, -8.7237 ], [ -52.2885, -8.6598 ], [ -52.2711, -8.6177 ], [ -52.1499, -8.6044 ], [ -52.0993, -8.6541 ], [ -52.0745, -8.6414 ], [ -52.0797, -8.6242 ], [ -52.0388, -8.6195 ], [ -51.953, -8.6626 ], [ -51.9096, -8.656 ], [ -51.8226, -8.6918 ], [ -51.7848, -8.6874 ], [ -51.807, -8.7555 ], [ -51.85, -8.7527 ], [ -51.8554, -8.7877 ], [ -51.8312, -8.7965 ], [ -51.8316, -8.8148 ], [ -51.7545, -8.8871 ], [ -51.7588, -8.9231 ], [ -51.7947, -8.9617 ], [ -51.7993, -9.0636 ], [ -51.8355, -9.1005 ], [ -51.8628, -9.0957 ], [ -51.866, -9.1303 ], [ -51.8871, -9.1162 ], [ -51.9153, -9.1248 ], [ -51.9278, -9.1634 ], [ -51.9563, -9.158 ], [ -51.9719, -9.1727 ], [ -51.9892, -9.1583 ], [ -52.0172, -9.1976 ], [ -52.0568, -9.1896 ], [ -52.0678, -9.1707 ], [ -52.0718, -9.1404 ], [ -52.0348, -9.1117 ] ] ] } },
{ "type": "Feature", "properties": { "tipo": "TI", "nome": "Baía dos Guató" }, "geometry": { "type": "Polygon", "coordinates": [ [ [ -56.5131, -16.8875 ], [ -56.4812, -16.8933 ], [ -56.493, -16.9363 ], [ -56.5385, -16.9967 ], [ -56.4825, -16.9855 ], [ -56.4563, -16.9961 ], [ -56.4964, -17.0074 ], [ -56.5793, -17.0693 ], [ -56.5859, -17.0158 ], [ -56.6321, -16.9799 ], [ -56.6196, -16.9684 ], [ -56.6351, -16.9336 ], [ -56.6043, -16.8928 ], [ -56.5652, -16.9118 ], [ -56.5131, -16.8875 ] ] ] } },
{ "type": "Feature", "properties": { "tipo": "TI", "nome": "Roosevelt" }, "geometry": { "type": "Polygon", "coordinates": [ [ [ -60.5981, -11.51 ], [ -60.5751, -11.4636 ], [ -60.5953, -11.4136 ], [ -60.6334, -11.4205 ], [ -60.7314, -11.3557 ], [ -60.7437, -11.2588 ], [ -60.7338, -11.1485 ], [ -60.7483, -11.1435 ], [ -60.7537, -11.0901 ], [ -60.7833, -11.0764 ], [ -60.795, -10.9968 ], [ -60.8177, -10.9832 ], [ -60.8207, -10.9612 ], [ -60.7889, -10.9544 ], [ -60.8111, -10.9339 ], [ -60.8038, -10.8924 ], [ -60.7072, -10.8694 ], [ -60.6427, -10.8032 ], [ -60.5536, -10.7911 ], [ -60.5646, -10.7811 ], [ -60.5428, -10.774 ], [ -60.512, -10.7263 ], [ -60.5147, -10.7028 ], [ -60.5349, -10.6898 ], [ -60.5163, -10.6808 ], [ -60.4809, -10.7181 ], [ -60.4435, -10.7153 ], [ -60.3975, -10.7615 ], [ -60.4313, -10.8161 ], [ -60.4056, -10.8528 ], [ -60.4518, -10.9083 ], [ -60.436, -10.9329 ], [ -60.4653, -10.9811 ], [ -60.4658, -11.024 ], [ -60.5139, -11.0669 ], [ -60.5082, -11.1013 ], [ -60.5364, -11.1363 ], [ -60.5192, -11.1459 ], [ -60.5381, -11.2134 ], [ -60.5284, -11.2556 ], [ -60.4858, -11.293 ], [ -60.4977, -11.3443 ], [ -60.4853, -11.3678 ], [ -60.4608, -11.359 ], [ -60.4359, -11.4356 ], [ -60.473, -11.4832 ], [ -60.4394, -11.4962 ], [ -60.4407, -11.5387 ], [ -60.5379, -11.539 ], [ -60.5224, -11.501 ], [ -60.5391, -11.495 ], [ -60.5817, -11.5193 ], [ -60.5981, -11.51 ] ], [ [ -60.5809, -11.4835 ], [ -60.5809, -11.4836 ], [ -60.5808, -11.4836 ], [ -60.5809, -11.4835 ] ] ] } },
{ "type": "Feature", "properties": { "tipo": "TI", "nome": "Serra Morena" }, "geometry": { "type": "Polygon", "coordinates": [ [ [ -59.2174, -11.2757 ], [ -59.2456, -11.2495 ], [ -59.2763, -11.2554 ], [ -59.3285, -11.2257 ], [ -59.3793, -11.2205 ], [ -59.3903, -11.239 ], [ -59.4186, -11.2268 ], [ -59.5164, -11.0943 ], [ -59.5387, -11.0904 ], [ -59.5494, -11.0436 ], [ -59.5086, -10.9655 ], [ -59.5126, -10.917 ], [ -59.488, -10.9195 ], [ -59.4746, -10.8853 ], [ -59.4532, -10.8784 ], [ -59.4613, -10.8483 ], [ -59.4383, -10.8033 ], [ -59.4542, -10.7832 ], [ -59.4178, -10.7419 ], [ -59.3956, -10.7418 ], [ -59.4002, -10.7581 ], [ -59.3671, -10.8019 ], [ -59.3274, -10.7967 ], [ -59.3274, -10.8147 ], [ -59.253, -10.8159 ], [ -59.216, -10.7923 ], [ -59.2174, -11.2757 ] ] ] } },
{ "type": "Feature", "properties": { "tipo": "TI", "nome": "Igarapé Ribeirão" }, "geometry": { "type": "Polygon", "coordinates": [ [ [ -65.2073, -10.1927 ], [ -64.9832, -10.1778 ], [ -64.9726, -10.3613 ], [ -65.0984, -10.3696 ], [ -65.0996, -10.3419 ], [ -65.173, -10.348 ], [ -65.1751, -10.3196 ], [ -65.211, -10.3216 ], [ -65.2147, -10.2582 ], [ -65.2307, -10.2596 ], [ -65.2311, -10.2321 ], [ -65.2124, -10.2307 ], [ -65.2073, -10.1927 ] ] ] } },
{ "type": "Feature", "properties": { "tipo": "TI", "nome": "Igarapé Lage" }, "geometry": { "type": "Polygon", "coordinates": [ [ [ -65.2922, -10.4534 ], [ -64.7849, -10.4244 ], [ -64.775, -10.6073 ], [ -65.2294, -10.6311 ], [ -65.2331, -10.5634 ], [ -65.2881, -10.5618 ], [ -65.2922, -10.4534 ] ] ] } },
{ "type": "Feature", "properties": { "tipo": "TI", "nome": "Vale do Guaporé" }, "geometry": { "type": "Polygon", "coordinates": [ [ [ -60.1412, -13.1642 ], [ -60.0626, -13.2017 ], [ -60.064, -13.1932 ], [ -59.9964, -13.2004 ], [ -60.0022, -13.2186 ], [ -59.9312, -13.3053 ], [ -59.9578, -13.3281 ], [ -59.9489, -13.3476 ], [ -59.9684, -13.3678 ], [ -59.9574, -13.4505 ], [ -59.9878, -13.5217 ], [ -60.0149, -13.5569 ], [ -60.0578, -13.5539 ], [ -60.0553, -13.5776 ], [ -60.0215, -13.6125 ], [ -60.026, -13.6318 ], [ -60.0089, -13.6344 ], [ -60.0306, -13.7009 ], [ -59.9755, -13.7678 ], [ -59.9321, -13.771 ], [ -59.9286, -13.8009 ], [ -59.8731, -13.7949 ], [ -59.7539, -13.8664 ], [ -59.7223, -13.9186 ], [ -59.7314, -13.9502 ], [ -59.7518, -13.9413 ], [ -59.7784, -13.9571 ], [ -59.7675, -14.002 ], [ -59.6167, -14.0653 ], [ -59.564, -14.1233 ], [ -59.5273, -14.2182 ], [ -59.5126, -14.3123 ], [ -59.5881, -14.3419 ], [ -59.6547, -14.3142 ], [ -59.6438, -14.2989 ], [ -59.6605, -14.2739 ], [ -59.6351, -14.2624 ], [ -59.6542, -14.2161 ], [ -59.6197, -14.201 ], [ -59.6236, -14.1722 ], [ -59.6529, -14.1618 ], [ -59.6497, -14.1388 ], [ -59.7116, -14.1395 ], [ -59.7225, -14.1804 ], [ -59.7818, -14.237 ], [ -59.8737, -14.243 ], [ -59.8911, -14.2154 ], [ -59.863, -14.1734 ], [ -59.8325, -14.158 ], [ -59.8145, -14.1721 ], [ -59.7942, -14.1652 ], [ -59.7581, -14.1271 ], [ -59.8189, -14.0727 ], [ -59.771, -14.0369 ], [ -59.7951, -14.0226 ], [ -59.8649, -14.0326 ], [ -59.8879, -13.974 ], [ -59.9284, -13.9283 ], [ -59.9069, -13.9054 ], [ -59.9219, -13.8666 ], [ -59.9418, -13.8478 ], [ -59.9796, -13.8705 ], [ -60.0476, -13.7855 ], [ -60.2062, -13.8654 ], [ -60.2308, -13.8187 ], [ -60.1638, -13.7638 ], [ -60.1656, -13.7357 ], [ -60.1137, -13.7089 ], [ -60.1303, -13.684 ], [ -60.1138, -13.6527 ], [ -60.1308, -13.6238 ], [ -60.1627, -13.6182 ], [ -60.1686, -13.5938 ], [ -60.1948, -13.5807 ], [ -60.2016, -13.5108 ], [ -60.1657, -13.4993 ], [ -60.1383, -13.5137 ], [ -60.1064, -13.4915 ], [ -60.0891, -13.469 ], [ -60.0935, -13.4464 ], [ -60.0623, -13.4404 ], [ -60.0467, -13.3888 ], [ -60.0877, -13.3329 ], [ -60.1148, -13.3289 ], [ -60.166, -13.2752 ], [ -60.1817, -13.2756 ], [ -60.1797, -13.2334 ], [ -60.2883, -13.2355 ], [ -60.3215, -13.2162 ], [ -60.2697, -13.1471 ], [ -60.2815, -13.1335 ], [ -60.2494, -13.1133 ], [ -60.2284, -13.1351 ], [ -60.183, -13.117 ], [ -60.1412, -13.1642 ] ] ] } },
{ "type": "Feature", "properties": { "tipo": "TI", "nome": "Água Preta/Inari" }, "geometry": { "type": "Polygon", "coordinates": [ [ [ -67.3057, -7.3622 ], [ -67.2783, -7.3118 ], [ -67.2147, -7.2957 ], [ -67.1842, -7.3513 ], [ -67.1239, -7.3741 ], [ -67.0864, -7.4168 ], [ -67.0289, -7.3947 ], [ -66.9967, -7.4015 ], [ -66.9858, -7.4464 ], [ -67.0079, -7.4857 ], [ -66.9974, -7.5437 ], [ -66.9776, -7.544 ], [ -66.8963, -7.6135 ], [ -66.8693, -7.5998 ], [ -66.8491, -7.5374 ], [ -66.7844, -7.6183 ], [ -66.8064, -7.6246 ], [ -66.8594, -7.5953 ], [ -66.8901, -7.6767 ], [ -66.91, -7.6858 ], [ -66.9814, -7.6627 ], [ -67.0225, -7.6314 ], [ -67.0469, -7.6688 ], [ -67.2775, -7.5848 ], [ -67.2174, -7.5621 ], [ -67.2567, -7.4942 ], [ -67.3459, -7.4629 ], [ -67.5147, -7.3283 ], [ -67.5026, -7.3118 ], [ -67.5116, -7.3026 ], [ -67.4583, -7.2784 ], [ -67.4022, -7.2903 ], [ -67.3422, -7.2695 ], [ -67.3204, -7.2919 ], [ -67.3462, -7.3517 ], [ -67.3057, -7.3622 ] ] ] } },
{ "type": "Feature", "properties": { "tipo": "TI", "nome": "Arara do Rio Amônia" }, "geometry": { "type": "Polygon", "coordinates": [ [ [ -72.9117, -9.0025 ], [ -72.8936, -8.9872 ], [ -72.8693, -9.0063 ], [ -72.8589, -8.9915 ], [ -72.8354, -8.9981 ], [ -72.8386, -9.0512 ], [ -72.8025, -9.1127 ], [ -72.8435, -9.1588 ], [ -72.8322, -9.1735 ], [ -72.8754, -9.1708 ], [ -72.9248, -9.1257 ], [ -72.9515, -9.1263 ], [ -72.9407, -9.0621 ], [ -72.9114, -9.0423 ], [ -72.9117, -9.0025 ] ] ] } },
{ "type": "Feature", "properties": { "tipo": "TI", "nome": "Andirá-Marau" }, "geometry": { "type": "Polygon", "coordinates": [ [ [ -57.1527, -3.9294 ], [ -57.1688, -3.9152 ], [ -57.152, -3.9099 ], [ -57.1652, -3.8912 ], [ -57.1551, -3.8586 ], [ -57.1756, -3.8637 ], [ -57.1833, -3.8283 ], [ -57.2195, -3.7855 ], [ -57.2055, -3.7886 ], [ -57.2107, -3.7835 ], [ -57.2251, -3.7862 ], [ -57.2306, -3.7655 ], [ -57.2761, -3.7554 ], [ -57.268, -3.733 ], [ -57.3258, -3.6626 ], [ -57.3413, -3.5915 ], [ -57.2633, -3.572 ], [ -57.2302, -3.5138 ], [ -57.2468, -3.4825 ], [ -57.2459, -3.4236 ], [ -57.1259, -3.2622 ], [ -57.1084, -3.2627 ], [ -57.0652, -3.2095 ], [ -56.8511, -3.15 ], [ -56.8357, -3.2032 ], [ -56.7687, -3.2346 ], [ -56.7077, -3.3679 ], [ -56.6368, -3.3774 ], [ -56.5814, -3.4749 ], [ -56.5796, -3.5146 ], [ -56.5531, -3.5091 ], [ -56.5343, -3.5349 ], [ -56.527, -3.5993 ], [ -56.5008, -3.6317 ], [ -56.5259, -3.6938 ], [ -56.5615, -3.7179 ], [ -56.5503, -3.8941 ], [ -56.6256, -3.9268 ], [ -56.6715, -4.0093 ], [ -56.7061, -4.1483 ], [ -56.702, -4.246 ], [ -56.7725, -4.2786 ], [ -56.825, -4.3364 ], [ -56.9157, -4.3054 ], [ -56.9503, -4.2627 ], [ -57.0819, -4.2302 ], [ -57.1147, -4.1483 ], [ -57.1977, -4.2079 ], [ -57.2711, -4.199 ], [ -57.3058, -4.2147 ], [ -57.2736, -4.0758 ], [ -57.2692, -3.957 ], [ -57.1813, -3.9177 ], [ -57.1704, -3.9343 ], [ -57.1527, -3.9294 ] ] ] } },
{ "type": "Feature", "properties": { "tipo": "TI", "nome": "Arary" }, "geometry": { "type": "Polygon", "coordinates": [ [ [ -60.1138, -4.7935 ], [ -60.1136, -4.7462 ], [ -60.0928, -4.7329 ], [ -60.1035, -4.6988 ], [ -60.1327, -4.674 ], [ -60.1244, -4.6537 ], [ -60.0995, -4.6332 ], [ -60.0967, -4.6454 ], [ -60.0758, -4.6403 ], [ -60.0751, -4.6584 ], [ -60.0571, -4.6442 ], [ -60.0662, -4.6424 ], [ -60.0673, -4.632 ], [ -60.0549, -4.6413 ], [ -60.0435, -4.6142 ], [ -60.0249, -4.6173 ], [ -59.9999, -4.6391 ], [ -59.9791, -4.7182 ], [ -59.9501, -4.7272 ], [ -59.9159, -4.8149 ], [ -60.0531, -4.8965 ], [ -60.071, -4.8546 ], [ -60.0657, -4.8251 ], [ -60.1138, -4.7935 ] ] ] } },
{ "type": "Feature", "properties": { "tipo": "TI", "nome": "Areões" }, "geometry": { "type": "Polygon", "coordinates": [ [ [ -52.0412, -14.2359 ], [ -51.9314, -14.2177 ], [ -51.926, -14.1899 ], [ -51.8901, -14.1527 ], [ -51.698, -14.0908 ], [ -51.7062, -14.1418 ], [ -51.7319, -14.174 ], [ -51.7318, -14.2174 ], [ -51.689, -14.313 ], [ -51.6996, -14.3629 ], [ -51.7482, -14.3804 ], [ -51.7418, -14.4346 ], [ -51.9355, -14.4543 ], [ -51.9649, -14.4277 ], [ -51.9847, -14.5404 ], [ -51.9135, -14.5458 ], [ -51.9127, -14.5626 ], [ -52.0102, -14.6034 ], [ -52.0154, -14.6384 ], [ -52.0528, -14.6738 ], [ -52.0941, -14.6864 ], [ -52.103, -14.6551 ], [ -52.1232, -14.6568 ], [ -52.1529, -14.6066 ], [ -52.1596, -14.6355 ], [ -52.1633, -14.603 ], [ -52.1883, -14.6072 ], [ -52.2392, -14.5552 ], [ -52.2632, -14.5821 ], [ -52.2939, -14.5821 ], [ -52.3009, -14.5645 ], [ -52.3381, -14.5735 ], [ -52.3365, -14.5375 ], [ -52.3118, -14.542 ], [ -52.2713, -14.4653 ], [ -52.2041, -14.4724 ], [ -52.0514, -14.4449 ], [ -52.0531, -14.3827 ], [ -52.0815, -14.3553 ], [ -52.0986, -14.2944 ], [ -52.0412, -14.2359 ] ] ] } },
{ "type": "Feature", "properties": { "tipo": "TI", "nome": "Aripuanã" }, "geometry": { "type": "MultiPolygon", "coordinates": [ [ [ [ -60.1554, -10.2174 ], [ -60.1311, -10.079 ], [ -60.0925, -10.0005 ], [ -59.6151, -10.0004 ], [ -59.6124, -10.0315 ], [ -59.647, -10.0533 ], [ -59.6371, -10.0919 ], [ -59.6704, -10.1334 ], [ -59.6654, -10.1579 ], [ -59.648, -10.164 ], [ -59.6647, -10.1869 ], [ -59.6297, -10.2179 ], [ -59.6611, -10.2239 ], [ -59.6599, -10.2521 ], [ -59.6885, -10.2664 ], [ -59.6643, -10.2927 ], [ -59.6702, -10.3465 ], [ -59.7221, -10.3583 ], [ -59.6787, -10.4134 ], [ -59.6411, -10.4332 ], [ -59.639, -10.4552 ], [ -59.6189, -10.4537 ], [ -59.6153, -10.4769 ], [ -59.5962, -10.482 ], [ -59.5946, -10.4986 ], [ -59.6203, -10.5111 ], [ -59.6042, -10.5537 ], [ -59.5366, -10.5405 ], [ -59.4956, -10.5061 ], [ -59.4665, -10.5311 ], [ -59.5059, -10.5445 ], [ -59.503, -10.6323 ], [ -59.4898, -10.6531 ], [ -59.5139, -10.6712 ], [ -59.4919, -10.7052 ], [ -59.499, -10.7275 ], [ -59.6595, -10.7405 ], [ -59.6946, -10.802 ], [ -59.7635, -10.8051 ], [ -59.8454, -10.8356 ], [ -59.8655, -10.8603 ], [ -59.8732, -10.9252 ], [ -59.92, -10.9346 ], [ -59.9394, -10.9641 ], [ -59.9474, -11.0062 ], [ -59.9198, -11.0149 ], [ -59.9162, -11.0561 ], [ -59.9477, -11.0644 ], [ -59.9929, -11.1258 ], [ -60.0163, -11.1158 ], [ -60.023, -11.1302 ], [ -60.0372, -11.1167 ], [ -60.0645, -11.1251 ], [ -60.0844, -11.0966 ], [ -60.0981, -11.1097 ], [ -60.1616, -11.0952 ], [ -60.1998, -11.1132 ], [ -60.2377, -11.0943 ], [ -60.2712, -11.0976 ], [ -60.2813, -11.0645 ], [ -60.3004, -11.0568 ], [ -60.3342, -11.0826 ], [ -60.3485, -11.0736 ], [ -60.3493, -11.1079 ], [ -60.3918, -11.0932 ], [ -60.4147, -11.0429 ], [ -60.4462, -11.0415 ], [ -60.4376, -11.0177 ], [ -60.4638, -10.9812 ], [ -60.4339, -10.9364 ], [ -60.4506, -10.9082 ], [ -60.4078, -10.8698 ], [ -60.404, -10.85 ], [ -60.4297, -10.8149 ], [ -60.3962, -10.7626 ], [ -60.4264, -10.7417 ], [ -60.4487, -10.7059 ], [ -60.3921, -10.7036 ], [ -60.3586, -10.7295 ], [ -60.308, -10.6704 ], [ -60.1766, -10.6618 ], [ -60.1981, -10.6452 ], [ -60.1844, -10.5549 ], [ -60.2134, -10.5158 ], [ -60.1789, -10.4588 ], [ -60.1518, -10.4509 ], [ -60.1416, -10.3913 ], [ -60.1624, -10.3788 ], [ -60.164, -10.342 ], [ -60.1113, -10.2779 ], [ -60.1245, -10.2382 ], [ -60.1554, -10.2174 ] ] ], [ [ [ -59.615, -10.4699 ], [ -59.6151, -10.47 ], [ -59.615, -10.4698 ], [ -59.615, -10.4699 ] ] ] ] } },
{ "type": "Feature", "properties": { "tipo": "TI", "nome": "Praia do Índio" }, "geometry": { "type": "MultiPolygon", "coordinates": [ [ [ [ -56.027, -4.2838 ], [ -56.0231, -4.2846 ], [ -56.0265, -4.2853 ], [ -56.027, -4.2838 ] ] ], [ [ [ -56.0257, -4.2805 ], [ -56.0298, -4.2836 ], [ -56.0312, -4.2794 ], [ -56.0257, -4.2805 ] ] ] ] } },
{ "type": "Feature", "properties": { "tipo": "TI", "nome": "Praia do Mangue" }, "geometry": { "type": "Polygon", "coordinates": [ [ [ -55.9781, -4.2519 ], [ -55.9696, -4.2574 ], [ -55.971, -4.2609 ], [ -55.9781, -4.2519 ] ] ] } },
{ "type": "Feature", "properties": { "tipo": "TI", "nome": "Capoto/Jarina" }, "geometry": { "type": "Polygon", "coordinates": [ [ [ -53.5007, -9.9713 ], [ -53.5019, -9.7277 ], [ -53.466, -9.6607 ], [ -53.4519, -9.6957 ], [ -53.4212, -9.71 ], [ -53.338, -9.6946 ], [ -53.3306, -9.7113 ], [ -53.2981, -9.6982 ], [ -53.2676, -9.7072 ], [ -53.2439, -9.6951 ], [ -53.1841, -9.727 ], [ -53.1271, -9.726 ], [ -53.1399, -9.7877 ], [ -53.1294, -9.7958 ], [ -52.9185, -9.8419 ], [ -52.7782, -9.8443 ], [ -52.7424, -9.8711 ], [ -52.9313, -10.0919 ], [ -52.8928, -10.1079 ], [ -52.8418, -10.1037 ], [ -52.9591, -10.7841 ], [ -53.0122, -10.7936 ], [ -53.1271, -10.7737 ], [ -53.3191, -10.6427 ], [ -53.4338, -10.5999 ], [ -53.3398, -10.0397 ], [ -53.3776, -9.9918 ], [ -53.4603, -9.9838 ], [ -53.479, -9.9607 ], [ -53.5007, -9.9713 ] ] ] } },
{ "type": "Feature", "properties": { "tipo": "TI", "nome": "Merure" }, "geometry": { "type": "Polygon", "coordinates": [ [ [ -52.9626, -15.3852 ], [ -52.8986, -15.4536 ], [ -52.88, -15.4493 ], [ -52.8501, -15.4818 ], [ -52.8838, -15.5068 ], [ -52.9637, -15.5206 ], [ -52.9495, -15.5512 ], [ -52.9715, -15.5842 ], [ -52.9741, -15.6259 ], [ -52.9545, -15.6369 ], [ -52.9944, -15.6716 ], [ -53.0349, -15.6831 ], [ -53.0458, -15.7162 ], [ -53.036, -15.7314 ], [ -53.141, -15.7378 ], [ -53.1374, -15.7255 ], [ -53.1587, -15.7242 ], [ -53.1621, -15.6953 ], [ -53.1923, -15.6646 ], [ -53.1875, -15.6257 ], [ -53.2225, -15.6073 ], [ -53.2115, -15.5728 ], [ -53.1661, -15.5242 ], [ -53.1613, -15.4479 ], [ -53.0623, -15.4404 ], [ -53.0237, -15.3952 ], [ -52.9626, -15.3852 ] ] ] } },
{ "type": "Feature", "properties": { "tipo": "TI", "nome": "São Marcos - MT" }, "geometry": { "type": "Polygon", "coordinates": [ [ [ -52.8487, -15.4732 ], [ -52.88, -15.4493 ], [ -52.8986, -15.4536 ], [ -52.9483, -15.4088 ], [ -52.951, -15.3887 ], [ -53.0012, -15.3931 ], [ -53.0198, -15.3757 ], [ -52.9523, -15.3407 ], [ -52.9378, -15.358 ], [ -52.8944, -15.3328 ], [ -52.8996, -15.3194 ], [ -52.8474, -15.3401 ], [ -52.8683, -15.3103 ], [ -52.9042, -15.294 ], [ -52.9253, -15.3014 ], [ -52.9262, -15.2703 ], [ -52.9383, -15.2691 ], [ -52.8981, -15.2399 ], [ -52.9001, -15.2168 ], [ -52.8446, -15.1298 ], [ -52.7595, -15.0548 ], [ -52.7318, -15.0044 ], [ -52.7264, -14.9438 ], [ -52.6988, -14.9201 ], [ -52.6772, -14.8633 ], [ -52.6655, -14.8646 ], [ -52.637, -14.8794 ], [ -52.6374, -14.9227 ], [ -52.6042, -14.9379 ], [ -52.5869, -15.0651 ], [ -52.5287, -15.1932 ], [ -52.5018, -15.2088 ], [ -52.5212, -15.2438 ], [ -52.5173, -15.2809 ], [ -52.4593, -15.3527 ], [ -52.5366, -15.3491 ], [ -52.639, -15.4042 ], [ -52.7689, -15.3717 ], [ -52.81, -15.4241 ], [ -52.8083, -15.4513 ], [ -52.8487, -15.4732 ] ] ] } },
{ "type": "Feature", "properties": { "tipo": "TI", "nome": "Xerente" }, "geometry": { "type": "Polygon", "coordinates": [ [ [ -48.0423, -9.7254 ], [ -48.1267, -9.7065 ], [ -48.204, -9.7429 ], [ -48.2221, -9.7246 ], [ -48.2422, -9.6061 ], [ -48.2761, -9.5834 ], [ -48.3113, -9.5094 ], [ -48.3515, -9.5187 ], [ -48.3522, -9.4988 ], [ -48.368, -9.4971 ], [ -48.3748, -9.4389 ], [ -48.3559, -9.3989 ], [ -48.3651, -9.351 ], [ -48.3462, -9.2892 ], [ -48.2774, -9.3428 ], [ -48.2482, -9.3243 ], [ -48.2187, -9.3327 ], [ -48.194, -9.4005 ], [ -48.1489, -9.4285 ], [ -47.9057, -9.3423 ], [ -47.9008, -9.4008 ], [ -47.9374, -9.5406 ], [ -47.9121, -9.6056 ], [ -47.9205, -9.627 ], [ -47.8972, -9.7484 ], [ -47.9902, -9.7857 ], [ -48.0171, -9.7381 ], [ -48.0083, -9.7078 ], [ -48.0423, -9.7254 ] ] ] } },
{ "type": "Feature", "properties": { "tipo": "TI", "nome": "Riozinho" }, "geometry": { "type": "Polygon", "coordinates": [ [ [ -67.0531, -3.0001 ], [ -66.769, -3.1693 ], [ -66.7964, -3.1959 ], [ -66.814, -3.2976 ], [ -66.8451, -3.3493 ], [ -66.8826, -3.3565 ], [ -66.9086, -3.3959 ], [ -66.9051, -3.4507 ], [ -66.8366, -3.5068 ], [ -66.8356, -3.5571 ], [ -66.8634, -3.5973 ], [ -66.8645, -3.6581 ], [ -66.9483, -3.6978 ], [ -66.9361, -3.7763 ], [ -66.8983, -3.833 ], [ -66.8926, -3.8934 ], [ -66.8565, -3.9407 ], [ -66.9071, -4.0691 ], [ -66.9811, -4.0588 ], [ -67.003, -4.0768 ], [ -67.039, -4.0413 ], [ -67.0778, -4.0536 ], [ -67.1353, -4.0315 ], [ -67.2037, -3.9217 ], [ -67.1855, -3.8782 ], [ -67.199, -3.8627 ], [ -67.1746, -3.8395 ], [ -67.1848, -3.788 ], [ -67.208, -3.7757 ], [ -67.1984, -3.7623 ], [ -67.2109, -3.7615 ], [ -67.2301, -3.6743 ], [ -67.2181, -3.6651 ], [ -67.2261, -3.6432 ], [ -67.1998, -3.6204 ], [ -67.211, -3.5572 ], [ -67.1845, -3.5431 ], [ -67.1978, -3.5277 ], [ -67.1647, -3.4795 ], [ -67.1741, -3.4599 ], [ -67.1471, -3.4217 ], [ -67.1486, -3.3614 ], [ -67.1206, -3.3246 ], [ -67.1371, -3.2764 ], [ -67.1166, -3.2464 ], [ -67.1344, -3.2438 ], [ -67.1381, -3.2208 ], [ -67.1081, -3.1791 ], [ -67.1024, -3.124 ], [ -67.0772, -3.1235 ], [ -67.0753, -3.0873 ], [ -67.0514, -3.0813 ], [ -67.0743, -3.0374 ], [ -67.0531, -3.0001 ] ] ] } },
{ "type": "Feature", "properties": { "tipo": "TI", "nome": "Cobra Grande" }, "geometry": { "type": "Polygon", "coordinates": [ [ [ -55.094, -2.2778 ], [ -55.0833, -2.2881 ], [ -55.1098, -2.3382 ], [ -55.1418, -2.3274 ], [ -55.1691, -2.3564 ], [ -55.2263, -2.3532 ], [ -55.2282, -2.3205 ], [ -55.2075, -2.2885 ], [ -55.2212, -2.2674 ], [ -55.1858, -2.2972 ], [ -55.094, -2.2778 ] ] ] } },
{ "type": "Feature", "properties": { "tipo": "TI", "nome": "Kaxuyana-Tunayana" }, "geometry": { "type": "Polygon", "coordinates": [ [ [ -57.6261, -1.8655 ], [ -57.6709, -1.8421 ], [ -57.6853, -1.8701 ], [ -57.7253, -1.8715 ], [ -57.7417, -1.8361 ], [ -57.7743, -1.8226 ], [ -57.7696, -1.7867 ], [ -57.8142, -1.7865 ], [ -57.8023, -1.768 ], [ -57.8142, -1.7445 ], [ -57.8582, -1.7608 ], [ -57.8543, -1.7237 ], [ -57.8968, -1.7457 ], [ -57.8969, -1.7206 ], [ -57.9126, -1.7123 ], [ -57.9276, -1.7298 ], [ -57.9592, -1.7138 ], [ -57.9854, -1.7288 ], [ -58.0027, -1.6675 ], [ -57.9768, -1.5153 ], [ -57.9602, -1.4899 ], [ -57.8931, -1.4666 ], [ -57.9127, -1.429 ], [ -57.8875, -1.4328 ], [ -57.8605, -1.3875 ], [ -57.8699, -1.3242 ], [ -57.7561, -1.2373 ], [ -57.7832, -1.1692 ], [ -57.7856, -1.1166 ], [ -57.8427, -1.0367 ], [ -57.8145, -0.9228 ], [ -57.719, -0.9065 ], [ -57.6768, -0.8671 ], [ -57.6594, -0.9067 ], [ -57.5723, -0.9496 ], [ -57.5548, -0.9867 ], [ -57.5117, -1.0098 ], [ -57.4894, -1.0437 ], [ -57.4582, -1.0301 ], [ -57.4259, -1.0626 ], [ -57.3851, -1.0499 ], [ -57.3299, -1.0949 ], [ -57.303, -1.0918 ], [ -57.2974, -1.0127 ], [ -57.2661, -0.9772 ], [ -57.1846, -0.978 ], [ -57.1682, -0.9943 ], [ -57.1464, -0.9731 ], [ -57.1888, -0.9101 ], [ -57.1755, -0.898 ], [ -57.1827, -0.8758 ], [ -57.2084, -0.8633 ], [ -57.2266, -0.8821 ], [ -57.2555, -0.852 ], [ -57.3308, -0.8284 ], [ -57.3518, -0.8126 ], [ -57.3466, -0.7919 ], [ -57.3939, -0.7704 ], [ -57.3972, -0.7119 ], [ -57.379, -0.6922 ], [ -57.4022, -0.6707 ], [ -57.3718, -0.6297 ], [ -57.3787, -0.5761 ], [ -57.3478, -0.5074 ], [ -57.3622, -0.4981 ], [ -57.3557, -0.4776 ], [ -57.3699, -0.4812 ], [ -57.3289, -0.4262 ], [ -57.3281, -0.3609 ], [ -57.3156, -0.3479 ], [ -57.3366, -0.3292 ], [ -57.3349, -0.3056 ], [ -57.3311, -0.2851 ], [ -57.3068, -0.2715 ], [ -57.3221, -0.2483 ], [ -57.3222, -0.2329 ], [ -57.3055, -0.238 ], [ -57.3116, -0.1759 ], [ -57.2906, -0.1668 ], [ -57.326, -0.1288 ], [ -57.3146, -0.0396 ], [ -57.4538, -0.0407 ], [ -57.4684, -0.0319 ], [ -57.4637, -0.0146 ], [ -57.4866, -0.0145 ], [ -57.4924, 0.0143 ], [ -57.5452, 0.0152 ], [ -57.58, 0.066 ], [ -57.6344, 0.0785 ], [ -57.6744, 0.1252 ], [ -57.704, 0.2229 ], [ -57.7796, 0.2931 ], [ -57.8046, 0.3619 ], [ -57.8324, 0.3813 ], [ -57.8441, 0.4215 ], [ -57.8809, 0.4636 ], [ -57.8254, 0.6022 ], [ -57.8414, 0.6942 ], [ -57.8763, 0.7368 ], [ -57.8653, 0.7518 ], [ -57.8159, 0.7551 ], [ -57.7106, 0.7217 ], [ -57.6624, 0.7367 ], [ -57.6171, 0.6991 ], [ -57.5649, 0.7118 ], [ -57.5492, 0.692 ], [ -57.3838, 0.6758 ], [ -57.3349, 0.6325 ], [ -57.2768, 0.672 ], [ -57.2457, 0.6732 ], [ -57.0885, 0.7781 ], [ -57.0311, 0.7758 ], [ -56.9923, 0.805 ], [ -56.946, 0.8145 ], [ -56.7503, 0.7941 ], [ -56.7817, 0.7359 ], [ -56.7819, 0.6808 ], [ -56.8368, 0.6183 ], [ -56.805, 0.5216 ], [ -56.8089, 0.4779 ], [ -56.8464, 0.4376 ], [ -56.8105, 0.3689 ], [ -56.8074, 0.307 ], [ -56.8228, 0.2707 ], [ -56.7747, 0.2266 ], [ -56.7118, 0.2576 ], [ -56.6646, 0.3134 ], [ -56.608, 0.3151 ], [ -56.6086, 0.2802 ], [ -56.5879, 0.2663 ], [ -56.5562, 0.169 ], [ -56.5678, 0.1522 ], [ -56.5474, 0.143 ], [ -56.5597, 0.0953 ], [ -56.6252, 0.0065 ], [ -56.5687, -0.084 ], [ -56.5815, -0.1142 ], [ -56.5631, -0.1308 ], [ -56.5759, -0.1475 ], [ -56.5691, -0.2258 ], [ -56.5008, -0.3219 ], [ -56.5026, -0.3571 ], [ -56.4785, -0.371 ], [ -56.4778, -0.4067 ], [ -56.5459, -0.482 ], [ -56.6523, -0.5362 ], [ -56.6536, -0.5615 ], [ -56.6794, -0.5632 ], [ -56.6853, -0.5821 ], [ -56.7051, -0.5608 ], [ -56.7725, -0.5606 ], [ -56.7845, -0.5741 ], [ -56.7763, -0.6213 ], [ -56.8438, -0.6616 ], [ -56.8495, -0.6863 ], [ -56.8869, -0.674 ], [ -56.8927, -0.5767 ], [ -56.9504, -0.5618 ], [ -56.9618, -0.518 ], [ -56.9961, -0.4882 ], [ -57.0262, -0.4957 ], [ -57.0479, -0.5324 ], [ -57.0299, -0.6007 ], [ -57.0641, -0.6231 ], [ -56.9703, -0.6812 ], [ -57.0309, -0.7287 ], [ -57.0639, -0.7162 ], [ -57.0666, -0.7447 ], [ -57.0949, -0.7677 ], [ -57.0791, -0.7921 ], [ -57.1153, -0.813 ], [ -57.0899, -0.8528 ], [ -57.1123, -0.9007 ], [ -57.1469, -0.9209 ], [ -57.1178, -0.9392 ], [ -57.1174, -0.9937 ], [ -57.1387, -1.0236 ], [ -57.16, -1.0214 ], [ -57.1624, -1.0027 ], [ -57.2295, -1.0063 ], [ -57.2549, -1.0595 ], [ -57.248, -1.0913 ], [ -57.175, -1.1273 ], [ -57.1363, -1.1003 ], [ -57.0911, -1.1156 ], [ -57.0667, -1.1015 ], [ -57.0498, -1.1297 ], [ -57.0799, -1.1486 ], [ -57.1425, -1.1218 ], [ -57.1782, -1.1513 ], [ -57.2631, -1.1078 ], [ -57.2793, -1.142 ], [ -57.3248, -1.1657 ], [ -57.4359, -1.1687 ], [ -57.4925, -1.2158 ], [ -57.5183, -1.1977 ], [ -57.4861, -1.2614 ], [ -57.4225, -1.2427 ], [ -57.4038, -1.2541 ], [ -57.3532, -1.2209 ], [ -57.3218, -1.241 ], [ -57.2621, -1.2456 ], [ -57.2845, -1.3116 ], [ -57.3185, -1.356 ], [ -57.3175, -1.4054 ], [ -57.3403, -1.4661 ], [ -57.3328, -1.5247 ], [ -57.3498, -1.6673 ], [ -57.3815, -1.7048 ], [ -57.4554, -1.7432 ], [ -57.476, -1.8232 ], [ -57.5142, -1.8625 ], [ -57.6261, -1.8655 ] ] ] } },
{ "type": "Feature", "properties": { "tipo": "TI", "nome": "Nambikwara" }, "geometry": { "type": "Polygon", "coordinates": [ [ [ -59.6247, -13.8337 ], [ -59.7053, -13.7364 ], [ -59.7678, -13.5793 ], [ -59.8301, -13.5315 ], [ -59.8779, -13.3229 ], [ -59.8643, -13.195 ], [ -59.9028, -13.0438 ], [ -60.0113, -12.9753 ], [ -60.0131, -12.9392 ], [ -59.9713, -12.8758 ], [ -59.9445, -12.8623 ], [ -59.9322, -12.8276 ], [ -59.8759, -12.7899 ], [ -59.7847, -12.6639 ], [ -59.7858, -12.646 ], [ -59.7444, -12.6265 ], [ -59.7294, -12.5984 ], [ -59.6838, -12.6019 ], [ -59.6505, -12.5492 ], [ -59.5598, -12.5152 ], [ -59.5085, -12.4592 ], [ -59.4297, -12.4359 ], [ -59.4161, -12.3932 ], [ -59.3728, -12.3831 ], [ -59.3571, -12.3979 ], [ -59.3279, -12.386 ], [ -59.3066, -12.3948 ], [ -59.2642, -12.3523 ], [ -59.1637, -12.3678 ], [ -59.1292, -12.3551 ], [ -59.115, -12.3114 ], [ -59.0488, -12.2544 ], [ -58.9654, -12.2232 ], [ -58.8736, -12.2128 ], [ -58.8769, -12.2577 ], [ -58.8463, -12.3333 ], [ -58.8553, -12.438 ], [ -58.9105, -12.4991 ], [ -58.9339, -12.6452 ], [ -58.9801, -12.6883 ], [ -59.0313, -12.7024 ], [ -59.0549, -12.7694 ], [ -59.1099, -12.8378 ], [ -59.1443, -12.8414 ], [ -59.2299, -12.9209 ], [ -59.2464, -13.0442 ], [ -59.287, -13.0626 ], [ -59.3204, -13.1094 ], [ -59.3393, -13.1085 ], [ -59.3572, -13.1312 ], [ -59.3896, -13.2345 ], [ -59.4279, -13.282 ], [ -59.3953, -13.3484 ], [ -59.4076, -13.4329 ], [ -59.3885, -13.4717 ], [ -59.424, -13.5181 ], [ -59.413, -13.5283 ], [ -59.4292, -13.5646 ], [ -59.429, -13.6554 ], [ -59.4806, -13.7255 ], [ -59.5465, -13.7465 ], [ -59.6247, -13.8337 ] ] ] } },
{ "type": "Feature", "properties": { "tipo": "TI", "nome": "Rio Pindaré" }, "geometry": { "type": "Polygon", "coordinates": [ [ [ -45.505, -3.5876 ], [ -45.4912, -3.6086 ], [ -45.4757, -3.6064 ], [ -45.4772, -3.5889 ], [ -45.4546, -3.5946 ], [ -45.4575, -3.58 ], [ -45.4487, -3.5905 ], [ -45.4327, -3.5772 ], [ -45.4381, -3.5614 ], [ -45.4142, -3.5732 ], [ -45.4188, -3.5552 ], [ -45.4046, -3.5584 ], [ -45.4084, -3.6012 ], [ -45.3952, -3.6051 ], [ -45.4619, -3.6333 ], [ -45.4736, -3.6777 ], [ -45.4984, -3.6977 ], [ -45.5277, -3.6583 ], [ -45.6183, -3.6768 ], [ -45.6218, -3.6399 ], [ -45.6428, -3.622 ], [ -45.5259, -3.6127 ], [ -45.505, -3.5876 ] ] ] } },
{ "type": "Feature", "properties": { "tipo": "TI", "nome": "Uru-Eu-Wau-Wau" }, "geometry": { "type": "Polygon", "coordinates": [ [ [ -64.4108, -10.8255 ], [ -64.4098, -10.7929 ], [ -64.343, -10.7576 ], [ -64.2359, -10.7538 ], [ -64.1454, -10.7851 ], [ -64.1176, -10.7608 ], [ -64.0535, -10.7803 ], [ -63.9844, -10.7498 ], [ -63.988, -10.6864 ], [ -63.9715, -10.6527 ], [ -64.0166, -10.5841 ], [ -64.009, -10.5451 ], [ -63.9759, -10.5212 ], [ -63.9659, -10.5322 ], [ -63.9345, -10.5245 ], [ -63.9292, -10.547 ], [ -63.8528, -10.607 ], [ -63.7924, -10.5589 ], [ -63.7665, -10.614 ], [ -63.7394, -10.6145 ], [ -63.7352, -10.6457 ], [ -63.6823, -10.7012 ], [ -63.462, -10.7013 ], [ -63.456, -10.4998 ], [ -63.383, -10.4999 ], [ -63.3824, -10.4649 ], [ -63.316, -10.4488 ], [ -63.2735, -10.3985 ], [ -63.2179, -10.3944 ], [ -63.2182, -10.4777 ], [ -63.1905, -10.4779 ], [ -63.1906, -10.4986 ], [ -63.1655, -10.4986 ], [ -63.1661, -10.5765 ], [ -62.9082, -10.8265 ], [ -62.9319, -10.8712 ], [ -63.0016, -10.914 ], [ -62.9839, -10.9722 ], [ -62.9996, -11.0141 ], [ -62.9314, -11.0338 ], [ -62.9429, -11.0486 ], [ -62.9095, -11.0896 ], [ -62.8962, -11.1745 ], [ -62.8655, -11.1968 ], [ -62.736, -11.1823 ], [ -62.7344, -11.1541 ], [ -62.6983, -11.1281 ], [ -62.5375, -11.4909 ], [ -62.5371, -11.5218 ], [ -62.6476, -11.5762 ], [ -62.692, -11.6188 ], [ -62.7727, -11.6417 ], [ -62.85, -11.7222 ], [ -62.897, -11.723 ], [ -62.9376, -11.6722 ], [ -63.111, -11.6704 ], [ -63.1419, -11.6573 ], [ -63.1853, -11.6745 ], [ -63.2439, -11.7067 ], [ -63.2683, -11.7403 ], [ -63.293, -11.814 ], [ -63.2788, -11.8382 ], [ -63.8859, -11.8373 ], [ -63.8953, -11.7228 ], [ -63.9494, -11.7286 ], [ -63.9699, -11.7467 ], [ -63.9918, -11.7158 ], [ -63.9629, -11.6818 ], [ -63.9903, -11.6052 ], [ -63.9702, -11.5597 ], [ -63.9853, -11.5064 ], [ -63.9285, -11.4704 ], [ -63.8978, -11.3917 ], [ -63.8671, -11.373 ], [ -63.8535, -11.2802 ], [ -63.8741, -11.2666 ], [ -63.8945, -11.2771 ], [ -63.9256, -11.2487 ], [ -63.9733, -11.2763 ], [ -64.0085, -11.277 ], [ -64.0403, -11.2403 ], [ -64.0942, -11.2334 ], [ -64.1575, -11.1845 ], [ -64.247, -11.2111 ], [ -64.2847, -11.1924 ], [ -64.2681, -11.1574 ], [ -64.3214, -11.1291 ], [ -64.3497, -11.0548 ], [ -64.3608, -11.0498 ], [ -64.3867, -11.0788 ], [ -64.4336, -11.0788 ], [ -64.4303, -11.0545 ], [ -64.4596, -11.05 ], [ -64.4643, -11.0164 ], [ -64.4415, -10.9985 ], [ -64.4085, -10.9229 ], [ -64.3688, -10.9102 ], [ -64.3767, -10.8263 ], [ -64.4108, -10.8422 ], [ -64.4466, -10.836 ], [ -64.4108, -10.8255 ] ] ] } },
{ "type": "Feature", "properties": { "tipo": "TI", "nome": "Sawré Muybu (Pimental)" }, "geometry": { "type": "MultiPolygon", "coordinates": [ [ [ [ -56.829, -5.1207 ], [ -56.8249, -5.1358 ], [ -56.8265, -5.1403 ], [ -56.829, -5.1207 ] ] ], [ [ [ -56.558, -5.2035 ], [ -56.6358, -5.2422 ], [ -56.6909, -5.1734 ], [ -56.7231, -5.1773 ], [ -56.7489, -5.154 ], [ -56.8241, -5.1572 ], [ -56.8223, -5.1312 ], [ -56.8329, -5.0842 ], [ -56.7939, -5.0387 ], [ -56.7765, -4.9673 ], [ -56.7579, -4.9737 ], [ -56.7416, -4.9507 ], [ -56.7019, -4.8561 ], [ -56.6867, -4.7979 ], [ -56.6904, -4.7743 ], [ -56.5679, -4.7073 ], [ -56.4925, -4.737 ], [ -56.4845, -4.7514 ], [ -56.4696, -4.7617 ], [ -56.4332, -4.7572 ], [ -56.3934, -4.7355 ], [ -56.3839, -4.6846 ], [ -56.3375, -4.7257 ], [ -56.3504, -4.7605 ], [ -56.3804, -4.7501 ], [ -56.3656, -4.8304 ], [ -56.3871, -4.8536 ], [ -56.3823, -4.8868 ], [ -56.4142, -4.9284 ], [ -56.4504, -4.9054 ], [ -56.4971, -4.9245 ], [ -56.4865, -4.9751 ], [ -56.4462, -5.0063 ], [ -56.4409, -5.053 ], [ -56.504, -5.1485 ], [ -56.5354, -5.1455 ], [ -56.558, -5.2035 ] ] ], [ [ [ -56.759, -4.957 ], [ -56.7601, -4.9548 ], [ -56.7576, -4.9547 ], [ -56.759, -4.957 ] ] ], [ [ [ -56.7553, -4.9443 ], [ -56.7577, -4.9502 ], [ -56.7589, -4.9462 ], [ -56.7553, -4.9443 ] ] ], [ [ [ -56.6916, -4.7975 ], [ -56.6968, -4.785 ], [ -56.6941, -4.7801 ], [ -56.6916, -4.7975 ] ] ], [ [ [ -56.6243, -4.707 ], [ -56.652, -4.7277 ], [ -56.6909, -4.7529 ], [ -56.662, -4.7125 ], [ -56.6243, -4.707 ] ] ], [ [ [ -56.4544, -4.7545 ], [ -56.4678, -4.7605 ], [ -56.4837, -4.7497 ], [ -56.4693, -4.7552 ], [ -56.4544, -4.7545 ] ] ], [ [ [ -56.4348, -4.7487 ], [ -56.4502, -4.7545 ], [ -56.4535, -4.7528 ], [ -56.4348, -4.7487 ] ] ], [ [ [ -56.4517, -4.7412 ], [ -56.4459, -4.7428 ], [ -56.4526, -4.7421 ], [ -56.4517, -4.7412 ] ] ], [ [ [ -56.4318, -4.7247 ], [ -56.4491, -4.7338 ], [ -56.461, -4.7279 ], [ -56.4318, -4.7247 ] ] ], [ [ [ -56.5726, -4.7025 ], [ -56.5832, -4.7124 ], [ -56.5917, -4.7125 ], [ -56.5726, -4.7025 ] ] ], [ [ [ -56.5393, -4.7059 ], [ -56.5577, -4.7012 ], [ -56.5711, -4.7018 ], [ -56.5568, -4.7001 ], [ -56.5393, -4.7059 ] ] ] ] } },
{ "type": "Feature", "properties": { "tipo": "TI", "nome": "Pirititi" }, "geometry": { "type": "Polygon", "coordinates": [ [ [ -60.6056, -0.0974 ], [ -60.5008, 0.0272 ], [ -60.4831, 0.0201 ], [ -60.4654, 0.0568 ], [ -60.4283, 0.0365 ], [ -60.3878, 0.1102 ], [ -60.3808, 0.1711 ], [ -60.3459, 0.1887 ], [ -60.3866, 0.3588 ], [ -60.3648, 0.3519 ], [ -60.3148, 0.267 ], [ -60.3008, 0.1722 ], [ -60.3583, 0.1293 ], [ -60.3424, 0.0747 ], [ -60.3475, 0.0097 ], [ -60.3757, -0.0103 ], [ -60.4476, -0.0192 ], [ -60.4642, -0.0049 ], [ -60.4948, -0.0186 ], [ -60.5287, -0.0575 ], [ -60.5295, -0.0967 ], [ -60.5743, -0.1207 ], [ -60.5659, -0.1415 ], [ -60.5863, -0.2219 ], [ -60.6233, -0.2359 ], [ -60.6056, -0.0974 ] ] ] } },
{ "type": "Feature", "properties": { "tipo": "TI", "nome": "Rio Téa" }, "geometry": { "type": "Polygon", "coordinates": [ [ [ -65.8755, -0.414 ], [ -65.7944, -0.4499 ], [ -65.7429, -0.416 ], [ -65.471, -0.4591 ], [ -65.4585, -0.3544 ], [ -65.4022, -0.3355 ], [ -65.3559, -0.3881 ], [ -65.306, -0.4125 ], [ -65.2581, -0.4072 ], [ -65.2108, -0.4363 ], [ -65.1624, -0.4328 ], [ -65.1695, -0.4803 ], [ -65.1578, -0.5013 ], [ -65.1795, -0.5336 ], [ -65.1931, -0.5248 ], [ -65.2038, -0.5366 ], [ -65.2066, -0.5201 ], [ -65.2118, -0.5371 ], [ -65.2236, -0.5263 ], [ -65.2649, -0.5493 ], [ -65.2854, -0.5296 ], [ -65.3167, -0.529 ], [ -65.3279, -0.5437 ], [ -65.3536, -0.5328 ], [ -65.3842, -0.5394 ], [ -65.3758, -0.5498 ], [ -65.4018, -0.5624 ], [ -65.4433, -0.5326 ], [ -65.4698, -0.5558 ], [ -65.5132, -0.5339 ], [ -65.5467, -0.5575 ], [ -65.5654, -0.5304 ], [ -65.5722, -0.5501 ], [ -65.6154, -0.5581 ], [ -65.6443, -0.5302 ], [ -65.6769, -0.5662 ], [ -65.694, -0.5638 ], [ -65.684, -0.5492 ], [ -65.7005, -0.5413 ], [ -65.7653, -0.5433 ], [ -65.7791, -0.5725 ], [ -65.8201, -0.5832 ], [ -65.8376, -0.5672 ], [ -65.8705, -0.6016 ], [ -65.906, -0.5803 ], [ -65.907, -0.6049 ], [ -65.9466, -0.6112 ], [ -65.9597, -0.635 ], [ -65.9841, -0.614 ], [ -66.0226, -0.6358 ], [ -66.0592, -0.6124 ], [ -66.0636, -0.6305 ], [ -66.0917, -0.6301 ], [ -66.1076, -0.6674 ], [ -66.1474, -0.6879 ], [ -66.2598, -0.6717 ], [ -66.2935, -0.6976 ], [ -66.3576, -0.6953 ], [ -66.4281, -0.7368 ], [ -66.4562, -0.7627 ], [ -66.459, -0.7979 ], [ -66.4841, -0.8054 ], [ -66.4762, -0.8289 ], [ -66.4918, -0.8696 ], [ -66.4789, -0.9033 ], [ -66.5506, -0.9194 ], [ -66.5949, -0.9086 ], [ -66.6676, -0.9478 ], [ -66.7254, -0.9279 ], [ -66.7503, -0.9349 ], [ -66.8029, -0.8936 ], [ -66.8795, -0.8907 ], [ -66.914, -0.8582 ], [ -66.8948, -0.7851 ], [ -66.8545, -0.7868 ], [ -66.8016, -0.7603 ], [ -66.8311, -0.7331 ], [ -66.8368, -0.691 ], [ -66.7908, -0.6822 ], [ -66.6685, -0.6144 ], [ -66.5755, -0.5273 ], [ -66.4337, -0.4478 ], [ -66.4168, -0.4418 ], [ -66.42, -0.4602 ], [ -66.4007, -0.4729 ], [ -66.3652, -0.5814 ], [ -66.2767, -0.4781 ], [ -65.9505, -0.4521 ], [ -65.8755, -0.414 ] ] ] } },
{ "type": "Feature", "properties": { "tipo": "TI", "nome": "Maraã Urubaxi" }, "geometry": { "type": "Polygon", "coordinates": [ [ [ -65.6538, -1.7393 ], [ -65.6979, -1.695 ], [ -65.6109, -1.5175 ], [ -65.3474, -1.4952 ], [ -65.2951, -1.5113 ], [ -65.382, -1.6929 ], [ -65.6247, -1.8144 ], [ -65.6538, -1.7393 ] ] ] } },
{ "type": "Feature", "properties": { "tipo": "TI", "nome": "Parana do Boa Boa" }, "geometry": { "type": "Polygon", "coordinates": [ [ [ -67.4723, -1.5989 ], [ -67.3904, -1.5941 ], [ -67.2816, -1.5096 ], [ -67.2347, -1.5174 ], [ -67.1469, -1.4921 ], [ -67.1259, -1.458 ], [ -67.1184, -1.4762 ], [ -67.1105, -1.4588 ], [ -67.0245, -1.4801 ], [ -66.9863, -1.459 ], [ -66.943, -1.4615 ], [ -66.9383, -1.4851 ], [ -66.8809, -1.4895 ], [ -66.8856, -1.5318 ], [ -66.8102, -1.6409 ], [ -66.7811, -1.7268 ], [ -66.8074, -1.7455 ], [ -66.827, -1.7341 ], [ -66.8435, -1.7512 ], [ -66.8764, -1.7524 ], [ -66.8851, -1.7727 ], [ -66.9279, -1.7925 ], [ -66.9234, -1.8143 ], [ -66.9669, -1.8239 ], [ -66.9862, -1.8534 ], [ -67.1144, -1.8829 ], [ -67.3529, -1.7843 ], [ -67.4809, -1.757 ], [ -67.4717, -1.7527 ], [ -67.4973, -1.7365 ], [ -67.4723, -1.5989 ] ] ] } },
{ "type": "Feature", "properties": { "tipo": "TI", "nome": "Uneiuxi" }, "geometry": { "type": "Polygon", "coordinates": [ [ [ -67.4392, -1.4224 ], [ -67.1205, -1.2141 ], [ -67.0264, -1.2686 ], [ -66.9651, -1.2538 ], [ -66.9176, -1.2948 ], [ -66.8279, -1.2131 ], [ -66.7399, -1.2109 ], [ -66.6987, -1.189 ], [ -66.6977, -1.1518 ], [ -66.6676, -1.1685 ], [ -66.5615, -1.1587 ], [ -66.4697, -1.2005 ], [ -66.4839, -1.1299 ], [ -66.4553, -1.1042 ], [ -66.4146, -1.0182 ], [ -66.1578, -1.1486 ], [ -66.1435, -1.1893 ], [ -66.1111, -1.1754 ], [ -66.1132, -1.1885 ], [ -66.0983, -1.1803 ], [ -66.0915, -1.1979 ], [ -66.0776, -1.1887 ], [ -66.0709, -1.2004 ], [ -66.0951, -1.276 ], [ -66.2049, -1.3908 ], [ -66.2489, -1.4173 ], [ -66.2984, -1.3932 ], [ -66.3944, -1.475 ], [ -66.3912, -1.5139 ], [ -66.4433, -1.5361 ], [ -66.4587, -1.6037 ], [ -66.4735, -1.6222 ], [ -66.5145, -1.626 ], [ -66.5501, -1.7113 ], [ -66.641, -1.7226 ], [ -66.6543, -1.7077 ], [ -66.6925, -1.7705 ], [ -66.7097, -1.7498 ], [ -66.7321, -1.7626 ], [ -66.7481, -1.7403 ], [ -66.7889, -1.7381 ], [ -66.788, -1.6834 ], [ -66.873, -1.5589 ], [ -66.8809, -1.4895 ], [ -66.9383, -1.4851 ], [ -66.943, -1.4615 ], [ -66.9863, -1.459 ], [ -67.0245, -1.4801 ], [ -67.1105, -1.4588 ], [ -67.1184, -1.4762 ], [ -67.1259, -1.458 ], [ -67.1467, -1.4921 ], [ -67.2347, -1.5174 ], [ -67.2816, -1.5096 ], [ -67.3904, -1.5941 ], [ -67.4717, -1.5976 ], [ -67.4392, -1.4224 ] ] ] } },
{ "type": "Feature", "properties": { "tipo": "TI", "nome": "Uneiuxi" }, "geometry": { "type": "Polygon", "coordinates": [ [ [ -66.0951, -1.276 ], [ -66.2477, -1.4171 ], [ -66.2759, -1.4131 ], [ -66.2984, -1.3932 ], [ -66.2957, -1.3512 ], [ -66.3123, -1.3297 ], [ -66.3355, -1.3634 ], [ -66.3536, -1.3477 ], [ -66.3581, -1.3662 ], [ -66.3922, -1.3686 ], [ -66.399, -1.3907 ], [ -66.4543, -1.3941 ], [ -66.4576, -1.422 ], [ -66.4781, -1.4077 ], [ -66.4843, -1.4222 ], [ -66.5407, -1.4268 ], [ -66.5508, -1.4459 ], [ -66.5953, -1.4282 ], [ -66.5997, -1.459 ], [ -66.6285, -1.4266 ], [ -66.6468, -1.441 ], [ -66.6721, -1.4374 ], [ -66.6858, -1.4148 ], [ -66.7026, -1.4158 ], [ -66.7068, -1.433 ], [ -66.7498, -1.4183 ], [ -66.7989, -1.4333 ], [ -66.8182, -1.4584 ], [ -66.8477, -1.4584 ], [ -66.8402, -1.4829 ], [ -66.8652, -1.4857 ], [ -66.875, -1.5031 ], [ -66.9026, -1.4796 ], [ -66.9383, -1.4851 ], [ -66.943, -1.4615 ], [ -66.9863, -1.459 ], [ -67.0245, -1.4801 ], [ -67.1105, -1.4588 ], [ -67.1184, -1.4762 ], [ -67.1259, -1.458 ], [ -67.1467, -1.4921 ], [ -67.2347, -1.5174 ], [ -67.2816, -1.5096 ], [ -67.3904, -1.5941 ], [ -67.4717, -1.5976 ], [ -67.4392, -1.4224 ], [ -67.13, -1.2172 ], [ -67.0264, -1.2686 ], [ -66.9651, -1.2538 ], [ -66.9176, -1.2948 ], [ -66.8279, -1.2131 ], [ -66.7399, -1.2109 ], [ -66.6987, -1.189 ], [ -66.6977, -1.1518 ], [ -66.6676, -1.1685 ], [ -66.5615, -1.1587 ], [ -66.4697, -1.2005 ], [ -66.4839, -1.1299 ], [ -66.4553, -1.1042 ], [ -66.4146, -1.0182 ], [ -66.1578, -1.1486 ], [ -66.1408, -1.1907 ], [ -66.1135, -1.1752 ], [ -66.0915, -1.1979 ], [ -66.0728, -1.19 ], [ -66.0951, -1.276 ] ] ] } },
{ "type": "Feature", "properties": { "tipo": "TI", "nome": "Jurubaxi-téa" }, "geometry": { "type": "MultiPolygon", "coordinates": [ [ [ [ -65.6606, -1.4746 ], [ -65.5983, -1.4419 ], [ -65.6953, -1.4206 ], [ -65.7956, -1.4222 ], [ -65.8556, -1.3384 ], [ -65.8342, -1.2389 ], [ -65.7755, -1.116 ], [ -65.7168, -1.0864 ], [ -65.6803, -1.1017 ], [ -65.6706, -1.0832 ], [ -65.6266, -1.0703 ], [ -65.6693, -1.004 ], [ -65.7291, -0.9814 ], [ -65.7273, -0.9308 ], [ -65.6997, -0.9 ], [ -65.6702, -0.9132 ], [ -65.6587, -0.8549 ], [ -65.7925, -0.758 ], [ -65.7522, -0.6817 ], [ -65.7242, -0.6627 ], [ -65.7038, -0.5403 ], [ -65.6763, -0.5673 ], [ -65.6439, -0.53 ], [ -65.6162, -0.5587 ], [ -65.5727, -0.5512 ], [ -65.5663, -0.5319 ], [ -65.549, -0.5581 ], [ -65.5147, -0.534 ], [ -65.4713, -0.5564 ], [ -65.4401, -0.5331 ], [ -65.4006, -0.5632 ], [ -65.3755, -0.55 ], [ -65.3837, -0.5406 ], [ -65.3517, -0.5336 ], [ -65.3293, -0.5463 ], [ -65.3166, -0.5305 ], [ -65.286, -0.5317 ], [ -65.2548, -0.55 ], [ -65.2234, -0.5287 ], [ -65.2108, -0.5393 ], [ -65.2041, -0.5235 ], [ -65.203, -0.539 ], [ -65.192, -0.5288 ], [ -65.1699, -0.5388 ], [ -65.177, -0.5241 ], [ -65.1573, -0.5098 ], [ -65.1519, -0.524 ], [ -65.1447, -0.5106 ], [ -65.0993, -0.507 ], [ -65.0853, -0.5231 ], [ -65.0562, -0.5344 ], [ -65.0457, -0.5329 ], [ -65.0089, -0.5138 ], [ -65.0146, -0.4967 ], [ -64.9971, -0.4889 ], [ -64.9873, -0.4947 ], [ -64.9764, -0.51 ], [ -64.9611, -0.5207 ], [ -64.9532, -0.5215 ], [ -64.9424, -0.5148 ], [ -64.9213, -0.536 ], [ -64.8963, -0.5429 ], [ -64.8776, -0.5436 ], [ -64.7624, -0.4785 ], [ -64.743, -0.5004 ], [ -64.7344, -0.505 ], [ -64.6551, -0.4999 ], [ -64.6556, -0.5006 ], [ -64.6555, -0.5018 ], [ -64.6542, -0.503 ], [ -64.6539, -0.5045 ], [ -64.6532, -0.5056 ], [ -64.6526, -0.5059 ], [ -64.6541, -0.5151 ], [ -64.6418, -0.5231 ], [ -64.6406, -0.5479 ], [ -64.6542, -0.5701 ], [ -64.6116, -0.6876 ], [ -64.5382, -0.7066 ], [ -64.535, -0.7386 ], [ -64.5532, -0.7596 ], [ -64.5455, -0.7941 ], [ -64.7279, -1.0759 ], [ -64.6989, -1.1147 ], [ -64.7273, -1.1423 ], [ -64.7635, -1.147 ], [ -64.9372, -1.3588 ], [ -65.0158, -1.3661 ], [ -65.0693, -1.3483 ], [ -65.075, -1.3652 ], [ -65.045, -1.3889 ], [ -65.0836, -1.4575 ], [ -65.0931, -1.4472 ], [ -65.1367, -1.4519 ], [ -65.1488, -1.468 ], [ -65.1922, -1.4591 ], [ -65.2035, -1.4794 ], [ -65.2285, -1.4754 ], [ -65.2524, -1.4924 ], [ -65.2698, -1.479 ], [ -65.2869, -1.4942 ], [ -65.3008, -1.4855 ], [ -65.3021, -1.5096 ], [ -65.3562, -1.4916 ], [ -65.6586, -1.5198 ], [ -65.6606, -1.4746 ] ] ], [ [ [ -65.0576, -0.5311 ], [ -65.0563, -0.5328 ], [ -65.06, -0.5309 ], [ -65.0576, -0.5311 ] ] ], [ [ [ -65.0452, -0.5268 ], [ -65.0453, -0.5255 ], [ -65.0448, -0.526 ], [ -65.0452, -0.5268 ] ] ], [ [ [ -65.0414, -0.5249 ], [ -65.0434, -0.5258 ], [ -65.0438, -0.525 ], [ -65.0414, -0.5249 ] ] ], [ [ [ -65.0738, -0.5151 ], [ -65.073, -0.517 ], [ -65.075, -0.5148 ], [ -65.0738, -0.5151 ] ] ], [ [ [ -65.076, -0.5134 ], [ -65.0764, -0.5124 ], [ -65.0757, -0.5135 ], [ -65.076, -0.5134 ] ] ], [ [ [ -65.0223, -0.5115 ], [ -65.0262, -0.5141 ], [ -65.0269, -0.5135 ], [ -65.0223, -0.5115 ] ] ], [ [ [ -65.0768, -0.5131 ], [ -65.0771, -0.5122 ], [ -65.0769, -0.5122 ], [ -65.0768, -0.5131 ] ] ], [ [ [ -65.0849, -0.5152 ], [ -65.0858, -0.5056 ], [ -65.0785, -0.5169 ], [ -65.0849, -0.5152 ] ] ], [ [ [ -65.0214, -0.508 ], [ -65.0203, -0.51 ], [ -65.0212, -0.5101 ], [ -65.0214, -0.508 ] ] ], [ [ [ -65.0776, -0.507 ], [ -65.0789, -0.5083 ], [ -65.079, -0.5073 ], [ -65.0776, -0.507 ] ] ], [ [ [ -65.1392, -0.5081 ], [ -65.14, -0.5068 ], [ -65.1377, -0.5078 ], [ -65.1392, -0.5081 ] ] ], [ [ [ -65.0573, -0.5245 ], [ -65.0842, -0.5007 ], [ -65.1467, -0.49 ], [ -65.1423, -0.4331 ], [ -65.0275, -0.4275 ], [ -65.0003, -0.4431 ], [ -64.9865, -0.4814 ], [ -65.016, -0.4798 ], [ -65.0221, -0.5108 ], [ -65.0573, -0.5245 ] ] ], [ [ [ -64.9031, -0.5391 ], [ -64.8983, -0.5388 ], [ -64.8909, -0.5415 ], [ -64.9031, -0.5391 ] ] ], [ [ [ -64.8939, -0.5348 ], [ -64.8631, -0.5273 ], [ -64.8708, -0.5337 ], [ -64.8599, -0.5265 ], [ -64.8939, -0.5348 ] ] ], [ [ [ -64.9188, -0.5346 ], [ -64.9253, -0.5287 ], [ -64.9095, -0.5343 ], [ -64.9188, -0.5346 ] ] ], [ [ [ -65.0188, -0.5108 ], [ -65.0194, -0.5104 ], [ -65.0183, -0.5093 ], [ -65.0188, -0.5108 ] ] ], [ [ [ -64.9582, -0.5195 ], [ -64.9796, -0.5005 ], [ -64.9476, -0.5144 ], [ -64.9582, -0.5195 ] ] ], [ [ [ -65.0168, -0.5053 ], [ -65.0168, -0.5106 ], [ -65.0185, -0.5109 ], [ -65.0168, -0.5053 ] ] ], [ [ [ -65.0183, -0.5049 ], [ -65.021, -0.5073 ], [ -65.0186, -0.5034 ], [ -65.0183, -0.5049 ] ] ], [ [ [ -64.8317, -0.5054 ], [ -64.8326, -0.5031 ], [ -64.8312, -0.502 ], [ -64.8317, -0.5054 ] ] ], [ [ [ -64.7275, -0.5044 ], [ -64.7489, -0.4873 ], [ -64.7204, -0.4987 ], [ -64.7275, -0.5044 ] ] ], [ [ [ -64.614, -0.484 ], [ -64.6526, -0.5057 ], [ -64.6549, -0.4998 ], [ -64.6646, -0.4936 ], [ -64.6836, -0.4957 ], [ -64.6458, -0.4733 ], [ -64.614, -0.484 ] ] ], [ [ [ -64.9898, -0.485 ], [ -64.9893, -0.4814 ], [ -64.9844, -0.4845 ], [ -64.9898, -0.485 ] ] ], [ [ [ -64.6043, -0.4743 ], [ -64.615, -0.4783 ], [ -64.6254, -0.4753 ], [ -64.6184, -0.4732 ], [ -64.6043, -0.4743 ] ] ] ] } },
{ "type": "Feature", "properties": { "tipo": "TI", "nome": "Arara" }, "geometry": { "type": "Polygon", "coordinates": [ [ [ -53.3906, -3.8439 ], [ -53.4686, -3.8283 ], [ -53.474, -3.8079 ], [ -53.5024, -3.8155 ], [ -53.4915, -3.7981 ], [ -53.3009, -3.7477 ], [ -53.3215, -3.6348 ], [ -53.3441, -3.6377 ], [ -53.3481, -3.6199 ], [ -53.2439, -3.6039 ], [ -53.1398, -3.5186 ], [ -53.1349, -3.5361 ], [ -53.156, -3.544 ], [ -53.1382, -3.6269 ], [ -52.7303, -3.5256 ], [ -52.6532, -3.8203 ], [ -52.6972, -3.8177 ], [ -52.7266, -3.8409 ], [ -52.8089, -3.8614 ], [ -52.8754, -3.8221 ], [ -52.9274, -3.8709 ], [ -52.9413, -3.9125 ], [ -53.014, -3.9362 ], [ -53.07, -3.8981 ], [ -53.1087, -3.8977 ], [ -53.1726, -3.9233 ], [ -53.2034, -3.9751 ], [ -53.2536, -4.0014 ], [ -53.2964, -3.9993 ], [ -53.3604, -3.9341 ], [ -53.4043, -3.9138 ], [ -53.3724, -3.8734 ], [ -53.3906, -3.8439 ] ] ] } },
{ "type": "Feature", "properties": { "tipo": "TI", "nome": "Araweté Igarapé Ipixuna" }, "geometry": { "type": "Polygon", "coordinates": [ [ [ -52.6945, -4.326 ], [ -52.5954, -4.1688 ], [ -52.6072, -4.1393 ], [ -52.5762, -4.1444 ], [ -52.5451, -4.191 ], [ -52.5213, -4.1989 ], [ -52.5287, -4.2221 ], [ -52.4933, -4.2351 ], [ -52.4919, -4.2622 ], [ -52.4781, -4.2515 ], [ -52.4195, -4.2778 ], [ -52.3854, -4.3426 ], [ -52.3637, -4.3416 ], [ -52.3559, -4.3734 ], [ -52.3148, -4.4137 ], [ -52.2881, -4.4818 ], [ -52.276, -4.585 ], [ -52.2536, -4.6205 ], [ -52.2462, -4.6694 ], [ -52.2603, -4.6921 ], [ -52.2135, -4.751 ], [ -52.2157, -4.8319 ], [ -52.1876, -4.9028 ], [ -52.1616, -4.915 ], [ -52.0116, -4.6201 ], [ -52.0085, -5.4493 ], [ -52.0205, -5.456 ], [ -52.1921, -5.4173 ], [ -52.2407, -5.4406 ], [ -52.3805, -5.4601 ], [ -52.4418, -5.4393 ], [ -52.4937, -5.4495 ], [ -52.5467, -5.4349 ], [ -52.569, -5.4571 ], [ -52.6214, -5.4503 ], [ -52.6352, -5.4904 ], [ -52.69, -5.5071 ], [ -52.7256, -5.4693 ], [ -52.7479, -5.4014 ], [ -52.7806, -5.3887 ], [ -52.8054, -5.4125 ], [ -52.8336, -5.4144 ], [ -52.8909, -5.3632 ], [ -52.8431, -5.2783 ], [ -52.8475, -5.1726 ], [ -52.9065, -5.0921 ], [ -52.9106, -5.0359 ], [ -52.857, -4.9719 ], [ -52.8487, -4.9318 ], [ -52.8235, -4.9202 ], [ -52.7901, -4.8689 ], [ -52.7829, -4.8356 ], [ -52.803, -4.815 ], [ -52.7502, -4.7508 ], [ -52.7476, -4.7228 ], [ -52.7285, -4.7118 ], [ -52.6856, -4.6194 ], [ -52.6931, -4.5898 ], [ -52.6446, -4.4909 ], [ -52.637, -4.3968 ], [ -52.6473, -4.3723 ], [ -52.6875, -4.3541 ], [ -52.6945, -4.326 ] ] ] } },
{ "type": "Feature", "properties": { "tipo": "TI", "nome": "Koatinemo" }, "geometry": { "type": "Polygon", "coordinates": [ [ [ -52.5866, -3.9995 ], [ -52.5914, -3.9607 ], [ -52.5776, -3.9399 ], [ -52.5915, -3.9069 ], [ -52.5755, -3.8671 ], [ -52.5942, -3.8651 ], [ -52.567, -3.7924 ], [ -52.4535, -3.7244 ], [ -52.4204, -3.8033 ], [ -52.4213, -3.843 ], [ -52.3982, -3.8694 ], [ -52.4115, -3.9155 ], [ -52.3281, -3.919 ], [ -52.2913, -3.8995 ], [ -52.2814, -3.9385 ], [ -52.2274, -3.9749 ], [ -52.1413, -3.9753 ], [ -52.1631, -4.0213 ], [ -52.1373, -4.0814 ], [ -52.1652, -4.0623 ], [ -52.1968, -4.0852 ], [ -52.1995, -4.159 ], [ -52.2324, -4.175 ], [ -52.1686, -4.1804 ], [ -52.1191, -4.2469 ], [ -52.067, -4.2637 ], [ -52.0498, -4.3485 ], [ -52.0285, -4.3669 ], [ -52.0048, -4.3622 ], [ -51.9972, -4.3433 ], [ -51.9765, -4.3458 ], [ -51.9713, -4.366 ], [ -51.9996, -4.4314 ], [ -51.9625, -4.4808 ], [ -51.9809, -4.5723 ], [ -52.1616, -4.915 ], [ -52.1958, -4.8908 ], [ -52.2157, -4.8319 ], [ -52.2135, -4.751 ], [ -52.2603, -4.6921 ], [ -52.2462, -4.6694 ], [ -52.2536, -4.6205 ], [ -52.276, -4.585 ], [ -52.2881, -4.4818 ], [ -52.3148, -4.4137 ], [ -52.3559, -4.3734 ], [ -52.3637, -4.3416 ], [ -52.3854, -4.3426 ], [ -52.4195, -4.2778 ], [ -52.4781, -4.2515 ], [ -52.4919, -4.2622 ], [ -52.4936, -4.2347 ], [ -52.5326, -4.2149 ], [ -52.5226, -4.1971 ], [ -52.5451, -4.191 ], [ -52.5762, -4.1444 ], [ -52.6072, -4.1393 ], [ -52.6055, -4.1091 ], [ -52.5795, -4.0775 ], [ -52.5819, -4.0321 ], [ -52.5987, -4.0094 ], [ -52.5866, -3.9995 ] ] ] } },
{ "type": "Feature", "properties": { "tipo": "TI", "nome": "Kararaô" }, "geometry": { "type": "Polygon", "coordinates": [ [ [ -52.6168, -4.0372 ], [ -52.6401, -4.1792 ], [ -52.6291, -4.1842 ], [ -52.7004, -4.2181 ], [ -52.6958, -4.2396 ], [ -52.719, -4.2372 ], [ -52.7473, -4.3324 ], [ -52.87, -4.319 ], [ -52.9912, -4.3691 ], [ -53.0385, -4.4275 ], [ -53.0478, -4.3782 ], [ -53.1766, -4.3119 ], [ -53.2459, -4.2471 ], [ -53.2988, -4.1692 ], [ -53.3637, -4.123 ], [ -53.3289, -4.0531 ], [ -53.1947, -3.9819 ], [ -53.1501, -3.937 ], [ -53.0971, -3.929 ], [ -53.0234, -3.9512 ], [ -52.929, -3.9408 ], [ -52.8936, -3.8617 ], [ -52.8621, -3.8462 ], [ -52.811, -3.9018 ], [ -52.7997, -3.8772 ], [ -52.7453, -3.8691 ], [ -52.7172, -3.8858 ], [ -52.6878, -3.8609 ], [ -52.689, -3.8262 ], [ -52.6065, -3.818 ], [ -52.6128, -3.85 ], [ -52.5966, -3.8589 ], [ -52.5892, -3.9388 ], [ -52.6083, -3.9741 ], [ -52.5993, -4.0276 ], [ -52.6168, -4.0372 ] ] ] } },
{ "type": "Feature", "properties": { "tipo": "TI", "nome": "Apyterewa" }, "geometry": { "type": "Polygon", "coordinates": [ [ [ -52.5434, -5.8456 ], [ -52.5387, -5.8216 ], [ -52.5596, -5.7896 ], [ -52.5973, -5.7893 ], [ -52.6203, -5.7613 ], [ -52.6417, -5.6735 ], [ -52.6867, -5.6258 ], [ -52.6687, -5.5695 ], [ -52.6808, -5.503 ], [ -52.6352, -5.4904 ], [ -52.6214, -5.4503 ], [ -52.569, -5.4571 ], [ -52.5467, -5.4349 ], [ -52.4937, -5.4495 ], [ -52.4724, -5.4378 ], [ -52.3805, -5.4601 ], [ -52.2407, -5.4406 ], [ -52.1921, -5.4173 ], [ -52.0216, -5.4565 ], [ -52.0085, -5.4493 ], [ -52.0089, -5.3484 ], [ -51.8989, -5.3082 ], [ -51.8362, -5.3125 ], [ -51.6936, -5.2337 ], [ -51.6489, -5.2471 ], [ -51.6087, -5.2295 ], [ -51.5052, -5.2729 ], [ -51.4502, -5.2591 ], [ -51.4349, -5.269 ], [ -51.4268, -5.2567 ], [ -51.394, -5.2907 ], [ -51.3826, -5.369 ], [ -51.3973, -5.3806 ], [ -51.3881, -5.3973 ], [ -51.4028, -5.4103 ], [ -51.4037, -5.4607 ], [ -51.4844, -5.5255 ], [ -51.5227, -5.5236 ], [ -51.5616, -5.5535 ], [ -51.594, -5.5482 ], [ -51.6052, -5.642 ], [ -51.6503, -5.7315 ], [ -51.6422, -5.7596 ], [ -51.6852, -5.8549 ], [ -51.6762, -5.889 ], [ -51.7085, -5.9181 ], [ -51.7323, -5.9129 ], [ -51.8262, -5.9616 ], [ -51.8555, -6.0007 ], [ -51.8892, -6.0065 ], [ -51.9307, -5.9895 ], [ -51.9539, -6.0087 ], [ -51.9773, -5.9869 ], [ -51.9717, -5.9686 ], [ -51.9834, -5.9822 ], [ -52.0171, -5.9749 ], [ -52.0249, -5.9898 ], [ -52.0398, -5.9742 ], [ -52.0401, -6.0057 ], [ -52.1319, -6.0021 ], [ -52.1527, -6.0267 ], [ -52.1991, -6.031 ], [ -52.2165, -6.0099 ], [ -52.2307, -6.0206 ], [ -52.237, -6.0017 ], [ -52.2714, -6.0046 ], [ -52.2819, -6.0219 ], [ -52.3106, -5.9974 ], [ -52.338, -5.9997 ], [ -52.3515, -5.9534 ], [ -52.3757, -5.9735 ], [ -52.395, -5.9685 ], [ -52.3967, -5.9519 ], [ -52.4316, -5.9302 ], [ -52.4277, -5.9111 ], [ -52.4731, -5.9131 ], [ -52.4903, -5.8771 ], [ -52.5434, -5.8456 ] ] ] } },
{ "type": "Feature", "properties": { "tipo": "TI", "nome": "Igarapé Lourdes" }, "geometry": { "type": "Polygon", "coordinates": [ [ [ -61.7072, -10.2034 ], [ -61.5519, -10.1994 ], [ -61.5772, -10.2261 ], [ -61.5439, -10.3008 ], [ -61.5531, -10.3079 ], [ -61.5157, -10.334 ], [ -61.4967, -10.3895 ], [ -61.4617, -10.4187 ], [ -61.4818, -10.49 ], [ -61.4661, -10.542 ], [ -61.4901, -10.6309 ], [ -61.4804, -10.6617 ], [ -61.4998, -10.6966 ], [ -61.4725, -10.7151 ], [ -61.4887, -10.7319 ], [ -61.4741, -10.797 ], [ -61.5044, -10.8103 ], [ -61.5241, -10.8489 ], [ -61.5393, -10.79 ], [ -61.5909, -10.7639 ], [ -61.5951, -10.733 ], [ -61.6322, -10.7105 ], [ -61.6915, -10.7151 ], [ -61.7222, -10.6658 ], [ -61.7639, -10.6684 ], [ -61.8079, -10.6388 ], [ -61.8054, -10.5389 ], [ -61.7715, -10.509 ], [ -61.789, -10.4603 ], [ -61.7859, -10.3794 ], [ -61.8297, -10.33 ], [ -61.828, -10.296 ], [ -61.8637, -10.2068 ], [ -61.8281, -10.21 ], [ -61.7916, -10.1698 ], [ -61.7072, -10.2034 ] ], [ [ -61.7072, -10.2034 ], [ -61.7074, -10.2035 ], [ -61.7073, -10.2036 ], [ -61.7072, -10.2034 ] ] ] } },
{ "type": "Feature", "properties": { "tipo": "TI", "nome": "Wedezé" }, "geometry": { "type": "Polygon", "coordinates": [ [ [ -51.0661, -13.5341 ], [ -51.1122, -13.5434 ], [ -51.1195, -13.5982 ], [ -51.1508, -13.5953 ], [ -51.1978, -13.6232 ], [ -51.2508, -13.6032 ], [ -51.3188, -13.7261 ], [ -51.3401, -13.7151 ], [ -51.3769, -13.7513 ], [ -51.4469, -13.7443 ], [ -51.4883, -13.832 ], [ -51.5961, -13.8313 ], [ -51.5911, -13.8035 ], [ -51.5536, -13.7709 ], [ -51.5522, -13.7105 ], [ -51.5134, -13.6632 ], [ -51.4648, -13.6421 ], [ -51.4715, -13.5814 ], [ -51.49, -13.5843 ], [ -51.4571, -13.5431 ], [ -51.442, -13.5591 ], [ -51.4463, -13.5818 ], [ -51.4326, -13.5823 ], [ -51.4125, -13.5458 ], [ -51.4107, -13.4855 ], [ -51.3502, -13.4281 ], [ -51.3444, -13.3948 ], [ -51.305, -13.376 ], [ -51.3074, -13.3485 ], [ -51.3424, -13.3441 ], [ -51.2688, -13.3013 ], [ -51.2594, -13.2705 ], [ -51.2708, -13.2482 ], [ -51.2056, -13.2492 ], [ -51.0661, -13.5341 ] ] ] } },
{ "type": "Feature", "properties": { "tipo": "TI", "nome": "Zoró" }, "geometry": { "type": "Polygon", "coordinates": [ [ [ -60.7888, -10.9549 ], [ -60.9257, -10.9605 ], [ -60.926, -10.7374 ], [ -61.1337, -10.7427 ], [ -61.1466, -10.7108 ], [ -61.1501, -10.6625 ], [ -61.1257, -10.6421 ], [ -61.1404, -10.5472 ], [ -61.1207, -10.5356 ], [ -61.0973, -10.48 ], [ -61.0482, -10.4542 ], [ -61.029, -10.38 ], [ -61.0059, -10.3731 ], [ -61.0143, -10.3569 ], [ -60.9956, -10.2944 ], [ -60.9735, -10.3 ], [ -60.9465, -10.2766 ], [ -60.9555, -10.2595 ], [ -60.9246, -10.2439 ], [ -60.9125, -10.2086 ], [ -60.6002, -10.3967 ], [ -60.6005, -10.4117 ], [ -60.5253, -10.4741 ], [ -60.5365, -10.4942 ], [ -60.5192, -10.5662 ], [ -60.5385, -10.5941 ], [ -60.5181, -10.6437 ], [ -60.5184, -10.6872 ], [ -60.5348, -10.6899 ], [ -60.5149, -10.703 ], [ -60.5196, -10.7456 ], [ -60.5645, -10.7812 ], [ -60.5533, -10.7913 ], [ -60.6426, -10.8035 ], [ -60.7071, -10.8698 ], [ -60.8036, -10.8925 ], [ -60.8108, -10.9341 ], [ -60.7888, -10.9549 ] ] ] } },
{ "type": "Feature", "properties": { "tipo": "TI", "nome": "Sete de Setembro" }, "geometry": { "type": "Polygon", "coordinates": [ [ [ -61.1508, -11.2478 ], [ -61.3154, -11.2495 ], [ -61.3154, -11.1152 ], [ -61.425, -11.1157 ], [ -61.4312, -10.7538 ], [ -60.926, -10.7374 ], [ -60.9222, -10.9561 ], [ -61.1508, -11.2478 ] ] ] } },
{ "type": "Feature", "properties": { "tipo": "TI", "nome": "Cachoeira Seca" }, "geometry": { "type": "Polygon", "coordinates": [ [ [ -53.4042, -3.9091 ], [ -53.2978, -3.9989 ], [ -53.2594, -4.0016 ], [ -53.3199, -4.0171 ], [ -53.3427, -4.0399 ], [ -53.4259, -4.1928 ], [ -53.4176, -4.2292 ], [ -53.4662, -4.2409 ], [ -53.4693, -4.2631 ], [ -53.4953, -4.2742 ], [ -53.5152, -4.3651 ], [ -53.5794, -4.3379 ], [ -53.6087, -4.3486 ], [ -53.6549, -4.3822 ], [ -53.6693, -4.4342 ], [ -53.7088, -4.443 ], [ -53.7993, -4.393 ], [ -53.8419, -4.4313 ], [ -53.8682, -4.4292 ], [ -53.9325, -4.4764 ], [ -53.9769, -4.4836 ], [ -53.9973, -4.5414 ], [ -54.0179, -4.5173 ], [ -54.0372, -4.5203 ], [ -54.0495, -4.5665 ], [ -54.0849, -4.5513 ], [ -54.1269, -4.5895 ], [ -54.1557, -4.5878 ], [ -54.1624, -4.5677 ], [ -54.1992, -4.5763 ], [ -54.2208, -4.5487 ], [ -54.2704, -4.5361 ], [ -54.3117, -4.5955 ], [ -54.34, -4.5697 ], [ -54.3767, -4.5718 ], [ -54.4911, -4.6914 ], [ -54.5487, -4.6746 ], [ -54.6117, -4.7254 ], [ -54.6472, -4.7345 ], [ -54.6689, -4.7726 ], [ -54.7644, -4.7549 ], [ -54.7695, -4.7169 ], [ -54.7928, -4.7046 ], [ -54.8244, -4.6433 ], [ -54.827, -4.4188 ], [ -54.7499, -4.328 ], [ -54.7674, -4.2744 ], [ -54.61, -4.2351 ], [ -54.5958, -4.1712 ], [ -54.5495, -4.1509 ], [ -54.5352, -4.0805 ], [ -54.4682, -4.0942 ], [ -54.4331, -4.1201 ], [ -54.337, -4.0846 ], [ -54.2938, -4.1277 ], [ -54.2493, -4.1095 ], [ -54.2412, -4.1453 ], [ -53.834, -4.0451 ], [ -53.7747, -4.1283 ], [ -53.589, -4.0952 ], [ -53.5263, -4.0522 ], [ -53.5246, -3.9703 ], [ -53.4549, -3.9532 ], [ -53.4042, -3.9091 ] ] ] } },
{ "type": "Feature", "properties": { "tipo": "TI", "nome": "Kaxinawá Nova Olinda" }, "geometry": { "type": "Polygon", "coordinates": [ [ [ -70.6826, -9.0615 ], [ -70.6393, -9.1076 ], [ -70.5928, -9.1204 ], [ -70.6, -9.1434 ], [ -70.7189, -9.2534 ], [ -70.7179, -9.1743 ], [ -70.7491, -9.1704 ], [ -70.8229, -9.0534 ], [ -70.7882, -9.0245 ], [ -70.6826, -9.0615 ] ] ] } },
{ "type": "Feature", "properties": { "tipo": "TI", "nome": "Rio Mequens" }, "geometry": { "type": "Polygon", "coordinates": [ [ [ -61.8105, -12.8277 ], [ -61.8511, -12.8196 ], [ -61.8296, -12.7632 ], [ -61.8999, -12.6801 ], [ -61.92, -12.6161 ], [ -61.8946, -12.5155 ], [ -61.8628, -12.4668 ], [ -61.8369, -12.4623 ], [ -61.7893, -12.4948 ], [ -61.7441, -12.4689 ], [ -61.6536, -12.5265 ], [ -61.5622, -12.541 ], [ -61.5464, -12.5976 ], [ -61.546, -12.6715 ], [ -61.5612, -12.6935 ], [ -61.6793, -12.7446 ], [ -61.7619, -12.8097 ], [ -61.8105, -12.8277 ] ] ] } },
{ "type": "Feature", "properties": { "tipo": "TI", "nome": "Kayapó" }, "geometry": { "type": "MultiPolygon", "coordinates": [ [ [ [ -52.2901, -8.6312 ], [ -52.3775, -8.5612 ], [ -52.476, -8.5617 ], [ -52.5122, -8.5391 ], [ -52.5366, -8.5416 ], [ -52.5675, -8.5114 ], [ -52.5942, -8.4306 ], [ -52.6231, -8.4178 ], [ -52.6356, -8.4328 ], [ -52.6483, -8.4144 ], [ -52.6174, -8.3624 ], [ -52.6292, -8.3003 ], [ -52.6178, -8.2374 ], [ -52.6297, -8.2137 ], [ -52.6693, -8.1977 ], [ -52.6991, -8.0819 ], [ -52.687, -8.0515 ], [ -52.7424, -7.9781 ], [ -52.7437, -7.9378 ], [ -52.7635, -7.9238 ], [ -52.7623, -7.8937 ], [ -52.7877, -7.8609 ], [ -52.7831, -7.8368 ], [ -52.7499, -7.8242 ], [ -52.7325, -7.6655 ], [ -52.7911, -7.6614 ], [ -52.8218, -7.6937 ], [ -52.8673, -7.7011 ], [ -52.9542, -7.7853 ], [ -53.0671, -7.5374 ], [ -53.1049, -7.2483 ], [ -53.1304, -7.2218 ], [ -53.0846, -7.0891 ], [ -52.9523, -7.0908 ], [ -52.9524, -7.1084 ], [ -52.9172, -7.138 ], [ -52.9188, -7.1597 ], [ -52.9057, -7.1477 ], [ -52.8553, -7.1942 ], [ -52.8365, -7.171 ], [ -52.8164, -7.1696 ], [ -52.8028, -7.1883 ], [ -52.798, -7.1738 ], [ -52.7721, -7.1851 ], [ -52.7407, -7.1657 ], [ -52.7363, -7.1875 ], [ -52.7201, -7.1747 ], [ -52.6972, -7.1971 ], [ -52.6937, -7.1683 ], [ -52.6628, -7.185 ], [ -52.6542, -7.1653 ], [ -52.6411, -7.1959 ], [ -52.6091, -7.1991 ], [ -52.5998, -7.215 ], [ -52.598, -7.2017 ], [ -52.5861, -7.2083 ], [ -52.5513, -7.1827 ], [ -51.7326, -6.9672 ], [ -51.6961, -6.9821 ], [ -51.7, -7.0013 ], [ -51.6771, -7.0269 ], [ -51.6685, -6.9989 ], [ -51.5798, -7.005 ], [ -51.568, -7.0221 ], [ -51.5391, -7.003 ], [ -51.4877, -7.0141 ], [ -51.477, -7.0017 ], [ -51.4589, -7.0139 ], [ -51.4479, -7.0041 ], [ -51.3833, -7.0522 ], [ -51.3463, -7.054 ], [ -51.2697, -6.9713 ], [ -51.2059, -6.9624 ], [ -51.169, -6.9159 ], [ -51.1033, -6.8785 ], [ -50.996, -6.9343 ], [ -50.9714, -6.9287 ], [ -50.901, -7.0093 ], [ -50.839, -7.0639 ], [ -50.8395, -7.3238 ], [ -50.8827, -7.4139 ], [ -50.9607, -7.4588 ], [ -50.9568, -7.5903 ], [ -50.8335, -7.7127 ], [ -50.8638, -7.7945 ], [ -50.8956, -7.7965 ], [ -50.8893, -7.8953 ], [ -51.3065, -8.2285 ], [ -51.6203, -8.2041 ], [ -51.5675, -8.3843 ], [ -51.7852, -8.6878 ], [ -51.8227, -8.6906 ], [ -51.9095, -8.6545 ], [ -51.9529, -8.6613 ], [ -52.0386, -8.618 ], [ -52.0798, -8.6226 ], [ -52.0748, -8.6402 ], [ -52.0994, -8.653 ], [ -52.1465, -8.604 ], [ -52.1779, -8.5995 ], [ -52.2901, -8.6312 ] ] ], [ [ [ -50.9104, -6.9947 ], [ -50.9106, -6.9948 ], [ -50.9105, -6.9946 ], [ -50.9104, -6.9947 ] ] ] ] } },
{ "type": "Feature", "properties": { "tipo": "TI", "nome": "Kraolandia" }, "geometry": { "type": "Polygon", "coordinates": [ [ [ -47.2891, -7.922 ], [ -47.2746, -7.9478 ], [ -47.2835, -7.9683 ], [ -47.2625, -7.9633 ], [ -47.2773, -8.0008 ], [ -47.2553, -8.0179 ], [ -47.2667, -8.0343 ], [ -47.2319, -8.0457 ], [ -47.2412, -8.0598 ], [ -47.1991, -8.101 ], [ -47.2074, -8.1495 ], [ -47.1825, -8.147 ], [ -47.1965, -8.1607 ], [ -47.1797, -8.1971 ], [ -47.1947, -8.2155 ], [ -47.1613, -8.2195 ], [ -47.1608, -8.2314 ], [ -47.1776, -8.2291 ], [ -47.1536, -8.253 ], [ -47.1663, -8.272 ], [ -47.1369, -8.3101 ], [ -47.1532, -8.3544 ], [ -47.1734, -8.3582 ], [ -47.167, -8.3934 ], [ -47.2047, -8.4221 ], [ -47.2094, -8.4599 ], [ -47.2578, -8.4848 ], [ -47.2725, -8.5287 ], [ -47.261, -8.5331 ], [ -47.2783, -8.5403 ], [ -47.3302, -8.6362 ], [ -47.3156, -8.6831 ], [ -47.325, -8.719 ], [ -47.3032, -8.7479 ], [ -47.3691, -8.7746 ], [ -47.4112, -8.7537 ], [ -47.4677, -8.7631 ], [ -47.4836, -8.7348 ], [ -47.4718, -8.7043 ], [ -47.5113, -8.5952 ], [ -47.5569, -8.6043 ], [ -47.5711, -8.5839 ], [ -47.6031, -8.5832 ], [ -47.6509, -8.5481 ], [ -47.6967, -8.5535 ], [ -47.7142, -8.5313 ], [ -47.7009, -8.5246 ], [ -47.7131, -8.5104 ], [ -47.7028, -8.4744 ], [ -47.7658, -8.39 ], [ -47.7296, -8.3768 ], [ -47.6511, -8.2797 ], [ -47.6039, -8.2765 ], [ -47.5481, -8.2267 ], [ -47.4845, -8.2263 ], [ -47.4399, -8.1478 ], [ -47.4081, -8.1375 ], [ -47.3616, -8.089 ], [ -47.3669, -8.036 ], [ -47.3441, -7.9601 ], [ -47.2891, -7.922 ] ] ] } },
{ "type": "Feature", "properties": { "tipo": "TI", "nome": "Uty-Xunaty" }, "geometry": { "type": "Polygon", "coordinates": [ [ [ -60.0239, -12.3836 ], [ -59.9952, -12.4122 ], [ -60.0118, -12.4276 ], [ -60.0314, -12.4043 ], [ -60.0239, -12.3836 ] ] ] } },
{ "type": "Feature", "properties": { "tipo": "TI", "nome": "Uirapuru" }, "geometry": { "type": "Polygon", "coordinates": [ [ [ -59.3739, -14.3531 ], [ -59.4107, -14.3266 ], [ -59.4098, -14.2741 ], [ -59.3505, -14.2561 ], [ -59.3029, -14.2629 ], [ -59.3191, -14.2935 ], [ -59.3123, -14.3204 ], [ -59.2898, -14.3332 ], [ -59.2129, -14.3219 ], [ -59.1948, -14.3436 ], [ -59.291, -14.3899 ], [ -59.3072, -14.4341 ], [ -59.305, -14.5102 ], [ -59.3739, -14.3531 ] ] ] } },
{ "type": "Feature", "properties": { "tipo": "TI", "nome": "Juininha" }, "geometry": { "type": "Polygon", "coordinates": [ [ [ -59.0875, -14.2778 ], [ -59.0562, -14.3112 ], [ -59.0759, -14.5215 ], [ -59.049, -14.5335 ], [ -59.0366, -14.6295 ], [ -59.1076, -14.6612 ], [ -59.1362, -14.6026 ], [ -59.2772, -14.5104 ], [ -59.3086, -14.5072 ], [ -59.3072, -14.4341 ], [ -59.2658, -14.3676 ], [ -59.1435, -14.343 ], [ -59.0875, -14.2778 ] ] ] } },
{ "type": "Feature", "properties": { "tipo": "TI", "nome": "Utiariti" }, "geometry": { "type": "Polygon", "coordinates": [ [ [ -58.3355, -13.3232 ], [ -58.3117, -13.2921 ], [ -58.3222, -13.2765 ], [ -58.2968, -13.2397 ], [ -58.2687, -13.1244 ], [ -58.2823, -13.0836 ], [ -58.2762, -12.9595 ], [ -58.2916, -12.9303 ], [ -58.2567, -12.9612 ], [ -58.2098, -12.9755 ], [ -58.1901, -13.0424 ], [ -58.1733, -13.0476 ], [ -58.1814, -13.1853 ], [ -58.1627, -13.1861 ], [ -58.1543, -13.2187 ], [ -58.1275, -13.2384 ], [ -58.1434, -13.2792 ], [ -58.106, -13.3486 ], [ -58.1143, -13.3735 ], [ -58.0744, -13.4154 ], [ -58.0723, -13.4561 ], [ -58.0409, -13.4782 ], [ -58.028, -13.5311 ], [ -58.0028, -13.5464 ], [ -57.9968, -13.5705 ], [ -58.0187, -13.6528 ], [ -57.988, -13.748 ], [ -58.0082, -13.8021 ], [ -58.0539, -13.8521 ], [ -58.0417, -13.8648 ], [ -58.065, -13.8984 ], [ -58.063, -13.9511 ], [ -58.0762, -13.9559 ], [ -58.0805, -13.9968 ], [ -58.6528, -14.0004 ], [ -58.6495, -13.9341 ], [ -58.6357, -13.9194 ], [ -58.6494, -13.8517 ], [ -58.5907, -13.7748 ], [ -58.538, -13.751 ], [ -58.5099, -13.7575 ], [ -58.5059, -13.7335 ], [ -58.4657, -13.7194 ], [ -58.4082, -13.5565 ], [ -58.3976, -13.5348 ], [ -58.3845, -13.539 ], [ -58.353, -13.4723 ], [ -58.3355, -13.3232 ] ] ] } },
{ "type": "Feature", "properties": { "tipo": "TI", "nome": "Tirecatinga" }, "geometry": { "type": "Polygon", "coordinates": [ [ [ -58.5878, -13.361 ], [ -58.6019, -13.2536 ], [ -58.5892, -13.2531 ], [ -58.4896, -13.0256 ], [ -58.4402, -12.9814 ], [ -58.4202, -12.9075 ], [ -58.3997, -12.8941 ], [ -58.411, -12.8432 ], [ -58.3975, -12.8001 ], [ -58.3844, -12.8231 ], [ -58.3568, -12.8237 ], [ -58.3423, -12.8793 ], [ -58.2963, -12.9131 ], [ -58.2767, -12.9594 ], [ -58.2827, -13.0828 ], [ -58.2689, -13.1241 ], [ -58.2969, -13.2391 ], [ -58.3225, -13.2764 ], [ -58.3117, -13.2912 ], [ -58.3361, -13.3236 ], [ -58.4879, -13.3616 ], [ -58.5878, -13.361 ] ] ] } },
{ "type": "Feature", "properties": { "tipo": "TI", "nome": "Rio Gregório" }, "geometry": { "type": "Polygon", "coordinates": [ [ [ -71.9636, -8.668 ], [ -72.0007, -8.6655 ], [ -72.0062, -8.5661 ], [ -71.9576, -8.5314 ], [ -71.9268, -8.4424 ], [ -71.8988, -8.4323 ], [ -71.8726, -8.3908 ], [ -71.8549, -8.293 ], [ -71.8701, -8.2699 ], [ -71.8524, -8.2349 ], [ -71.9017, -8.2325 ], [ -71.9362, -8.1668 ], [ -71.8807, -8.1107 ], [ -71.8093, -8.082 ], [ -71.7941, -8.0556 ], [ -71.7935, -8.0844 ], [ -71.7634, -8.1098 ], [ -71.7726, -8.1333 ], [ -71.7522, -8.1525 ], [ -71.6897, -8.1237 ], [ -71.6613, -8.1258 ], [ -71.6359, -8.1492 ], [ -71.6112, -8.1452 ], [ -71.5661, -8.226 ], [ -71.5664, -8.2674 ], [ -71.5955, -8.2954 ], [ -71.5353, -8.3391 ], [ -71.5223, -8.4031 ], [ -71.5748, -8.4292 ], [ -71.6241, -8.4932 ], [ -71.6926, -8.5449 ], [ -71.841, -8.6149 ], [ -71.9208, -8.6247 ], [ -71.9636, -8.668 ] ] ] } },
{ "type": "Feature", "properties": { "tipo": "TI", "nome": "Bakairi" }, "geometry": { "type": "Polygon", "coordinates": [ [ [ -54.7266, -14.1794 ], [ -54.502, -14.2394 ], [ -54.4362, -14.3651 ], [ -54.5583, -14.3984 ], [ -54.5825, -14.3847 ], [ -54.5987, -14.4139 ], [ -54.6059, -14.3961 ], [ -54.6273, -14.3932 ], [ -54.6332, -14.4163 ], [ -54.6412, -14.394 ], [ -54.6506, -14.4149 ], [ -54.674, -14.3791 ], [ -54.7298, -14.3796 ], [ -54.7243, -14.3345 ], [ -54.7379, -14.3116 ], [ -54.7741, -14.3208 ], [ -54.7974, -14.278 ], [ -54.8079, -14.307 ], [ -54.8163, -14.284 ], [ -54.7553, -14.2317 ], [ -54.7266, -14.1794 ] ] ] } },
{ "type": "Feature", "properties": { "tipo": "TI", "nome": "Tenharim do Igarapé Preto" }, "geometry": { "type": "Polygon", "coordinates": [ [ [ -61.066, -8.5169 ], [ -61.0623, -8.5807 ], [ -61.029, -8.6118 ], [ -61.0438, -8.6369 ], [ -61.1093, -8.6657 ], [ -61.1182, -8.6337 ], [ -61.1563, -8.65 ], [ -61.2151, -8.6092 ], [ -61.4032, -8.5766 ], [ -61.2861, -8.4956 ], [ -61.2682, -8.4386 ], [ -61.2289, -8.4011 ], [ -61.2315, -8.3745 ], [ -61.1905, -8.34 ], [ -61.1933, -8.3 ], [ -61.163, -8.3155 ], [ -61.128, -8.2904 ], [ -61.1062, -8.3084 ], [ -61.0891, -8.2994 ], [ -61.0994, -8.3204 ], [ -61.07, -8.3598 ], [ -61.0619, -8.4039 ], [ -61.0431, -8.4077 ], [ -61.0565, -8.4455 ], [ -61.0326, -8.4983 ], [ -61.066, -8.5169 ] ] ] } },
{ "type": "Feature", "properties": { "tipo": "TI", "nome": "Kampa do Igarapé Primavera" }, "geometry": { "type": "Polygon", "coordinates": [ [ [ -71.782, -8.7185 ], [ -71.8015, -8.694 ], [ -71.7728, -8.6713 ], [ -71.841, -8.6149 ], [ -71.7166, -8.5528 ], [ -71.6749, -8.5977 ], [ -71.6624, -8.6486 ], [ -71.6283, -8.6872 ], [ -71.6622, -8.706 ], [ -71.7278, -8.6788 ], [ -71.7323, -8.6947 ], [ -71.7488, -8.6897 ], [ -71.782, -8.7185 ] ] ] } },
{ "type": "Feature", "properties": { "tipo": "TI", "nome": "Jaminawa Arara do Rio Bagé" }, "geometry": { "type": "Polygon", "coordinates": [ [ [ -72.1992, -8.8828 ], [ -72.2976, -8.8814 ], [ -72.3167, -8.841 ], [ -72.2715, -8.7741 ], [ -72.1935, -8.7815 ], [ -72.1681, -8.7691 ], [ -72.0957, -8.7856 ], [ -72.0689, -8.8393 ], [ -72.1204, -8.8923 ], [ -72.1702, -8.9185 ], [ -72.1992, -8.8828 ] ] ] } },
{ "type": "Feature", "properties": { "tipo": "TI", "nome": "São Marcos - RR" }, "geometry": { "type": "Polygon", "coordinates": [ [ [ -61.5133, 4.396 ], [ -61.4516, 4.4388 ], [ -61.441, 4.4241 ], [ -61.4214, 4.4332 ], [ -61.3445, 4.4175 ], [ -61.3202, 4.4291 ], [ -61.3134, 4.4557 ], [ -61.2783, 4.468 ], [ -61.3279, 4.5159 ], [ -61.3058, 4.5396 ], [ -61.1872, 4.52 ], [ -61.1652, 4.5018 ], [ -61.177, 4.4956 ], [ -61.1617, 4.4638 ], [ -61.1198, 4.4997 ], [ -61.1004, 4.4857 ], [ -60.9651, 4.4863 ], [ -60.9061, 4.4719 ], [ -60.8497, 4.4332 ], [ -60.86, 4.4089 ], [ -60.9085, 4.3803 ], [ -60.8212, 4.2802 ], [ -60.8144, 4.2581 ], [ -60.8293, 4.2529 ], [ -60.8077, 4.2463 ], [ -60.7921, 4.1896 ], [ -60.7965, 4.1383 ], [ -60.7838, 4.1271 ], [ -60.7655, 4.1372 ], [ -60.7428, 4.0995 ], [ -60.6662, 4.0719 ], [ -60.6607, 4.0845 ], [ -60.6508, 4.0739 ], [ -60.6049, 4.0868 ], [ -60.5906, 4.0639 ], [ -60.5801, 4.0737 ], [ -60.5862, 4.0547 ], [ -60.5301, 4.04 ], [ -60.517, 4.0223 ], [ -60.527, 3.9647 ], [ -60.5043, 3.9553 ], [ -60.5057, 3.913 ], [ -60.4888, 3.8993 ], [ -60.5005, 3.8716 ], [ -60.4782, 3.8407 ], [ -60.4925, 3.7992 ], [ -60.4808, 3.776 ], [ -60.4948, 3.7725 ], [ -60.4889, 3.7557 ], [ -60.5066, 3.7336 ], [ -60.4871, 3.7422 ], [ -60.4721, 3.7223 ], [ -60.476, 3.6989 ], [ -60.4329, 3.6477 ], [ -60.4396, 3.6277 ], [ -60.41, 3.5689 ], [ -60.3799, 3.5658 ], [ -60.3614, 3.5419 ], [ -60.3389, 3.5455 ], [ -60.2876, 3.4569 ], [ -60.3229, 3.4161 ], [ -60.3232, 3.3704 ], [ -60.3481, 3.3187 ], [ -60.4001, 3.3018 ], [ -60.4134, 3.2815 ], [ -60.3748, 3.1672 ], [ -60.4534, 3.0447 ], [ -60.4872, 3.0274 ], [ -60.5173, 3.1454 ], [ -60.5818, 3.2343 ], [ -60.5866, 3.3637 ], [ -60.6215, 3.4688 ], [ -60.6098, 3.503 ], [ -60.6966, 3.5636 ], [ -60.7115, 3.5531 ], [ -60.7414, 3.575 ], [ -60.7674, 3.5668 ], [ -60.7979, 3.5803 ], [ -60.8126, 3.5964 ], [ -60.8046, 3.6141 ], [ -60.8678, 3.647 ], [ -60.8887, 3.7376 ], [ -60.8744, 3.8321 ], [ -60.9328, 3.9345 ], [ -60.9298, 3.9853 ], [ -60.9567, 4.0213 ], [ -61.0177, 4.0433 ], [ -61.0586, 4.0024 ], [ -61.194, 4.0475 ], [ -61.2521, 4.0983 ], [ -61.2409, 4.1459 ], [ -61.2598, 4.1652 ], [ -61.2453, 4.2016 ], [ -61.2783, 4.2551 ], [ -61.2904, 4.3217 ], [ -61.5133, 4.396 ] ] ] } },
{ "type": "Feature", "properties": { "tipo": "TI", "nome": "Parque do Aripuanã" }, "geometry": { "type": "Polygon", "coordinates": [ [ [ -59.8859, -12.2461 ], [ -59.9861, -12.3648 ], [ -60.0266, -12.3787 ], [ -60.0229, -12.3985 ], [ -60.047, -12.4463 ], [ -60.0694, -12.4583 ], [ -60.0723, -12.5071 ], [ -60.1165, -12.6009 ], [ -60.1228, -12.4503 ], [ -60.2864, -12.3215 ], [ -60.3086, -12.2437 ], [ -60.3116, -12.1497 ], [ -60.3755, -12.0518 ], [ -60.3883, -11.989 ], [ -60.3471, -11.9547 ], [ -60.3754, -11.9325 ], [ -60.378, -11.8619 ], [ -60.4323, -11.8251 ], [ -60.4263, -11.811 ], [ -60.464, -11.7813 ], [ -60.4575, -11.7462 ], [ -60.432, -11.7294 ], [ -60.4424, -11.7201 ], [ -60.4256, -11.7154 ], [ -60.4599, -11.6993 ], [ -60.4463, -11.6719 ], [ -60.4616, -11.6619 ], [ -60.4549, -11.6264 ], [ -60.4368, -11.6104 ], [ -60.4358, -11.5667 ], [ -60.4512, -11.5629 ], [ -60.4362, -11.503 ], [ -60.4719, -11.4833 ], [ -60.461, -11.457 ], [ -60.4387, -11.4482 ], [ -60.4351, -11.4133 ], [ -60.4602, -11.3584 ], [ -60.4839, -11.3676 ], [ -60.4971, -11.3443 ], [ -60.4843, -11.2932 ], [ -60.528, -11.2546 ], [ -60.5374, -11.2128 ], [ -60.5183, -11.1476 ], [ -60.5352, -11.1352 ], [ -60.507, -11.1011 ], [ -60.513, -11.0679 ], [ -60.4726, -11.0423 ], [ -60.4596, -10.9892 ], [ -60.438, -11.0179 ], [ -60.4466, -11.0418 ], [ -60.4165, -11.0423 ], [ -60.3922, -11.0935 ], [ -60.349, -11.1086 ], [ -60.348, -11.0738 ], [ -60.3341, -11.0831 ], [ -60.3004, -11.0573 ], [ -60.2817, -11.0649 ], [ -60.2715, -11.098 ], [ -60.2377, -11.0948 ], [ -60.1998, -11.1138 ], [ -60.1614, -11.0957 ], [ -60.0981, -11.1102 ], [ -60.0848, -11.0971 ], [ -60.0639, -11.1258 ], [ -59.9927, -11.1263 ], [ -59.9477, -11.0644 ], [ -59.9162, -11.0562 ], [ -59.9198, -11.0149 ], [ -59.9474, -11.0062 ], [ -59.9394, -10.9641 ], [ -59.92, -10.9346 ], [ -59.8732, -10.9252 ], [ -59.8655, -10.8603 ], [ -59.8453, -10.8357 ], [ -59.7635, -10.8051 ], [ -59.6946, -10.802 ], [ -59.6595, -10.7405 ], [ -59.5633, -10.7401 ], [ -59.5308, -10.7264 ], [ -59.4946, -10.7442 ], [ -59.4648, -10.7202 ], [ -59.427, -10.749 ], [ -59.4545, -10.783 ], [ -59.439, -10.8034 ], [ -59.462, -10.8484 ], [ -59.4542, -10.8784 ], [ -59.4753, -10.8851 ], [ -59.4889, -10.9194 ], [ -59.5128, -10.9164 ], [ -59.5093, -10.9656 ], [ -59.5443, -11.0183 ], [ -59.5484, -11.0609 ], [ -59.5342, -11.0725 ], [ -59.5393, -11.0907 ], [ -59.517, -11.0945 ], [ -59.4194, -11.227 ], [ -59.3901, -11.2394 ], [ -59.3795, -11.2211 ], [ -59.3296, -11.226 ], [ -59.2761, -11.2557 ], [ -59.2457, -11.2501 ], [ -59.2174, -11.2761 ], [ -59.2303, -11.3954 ], [ -59.2661, -11.4542 ], [ -59.2486, -11.4935 ], [ -59.336, -11.5556 ], [ -59.332, -11.6008 ], [ -59.356, -11.6371 ], [ -59.3478, -11.6696 ], [ -59.3852, -11.7274 ], [ -59.3829, -11.753 ], [ -59.4373, -11.7952 ], [ -59.433, -11.8191 ], [ -59.47, -11.8953 ], [ -59.4582, -11.9682 ], [ -59.4376, -11.9796 ], [ -59.4393, -12.0182 ], [ -59.6149, -12.0856 ], [ -59.6442, -12.0641 ], [ -59.6626, -12.0696 ], [ -59.7276, -12.1503 ], [ -59.7834, -12.0999 ], [ -59.8613, -12.0882 ], [ -59.9146, -12.098 ], [ -59.8985, -12.118 ], [ -59.9109, -12.1939 ], [ -59.8859, -12.2461 ] ] ] } },
{ "type": "Feature", "properties": { "tipo": "TI", "nome": "Enawenê-Nawê" }, "geometry": { "type": "Polygon", "coordinates": [ [ [ -59.6414, -12.5429 ], [ -59.6947, -12.6058 ], [ -59.7281, -12.5978 ], [ -59.8074, -12.6839 ], [ -59.911, -12.6746 ], [ -59.9381, -12.6337 ], [ -59.6855, -12.3367 ], [ -59.742, -12.2704 ], [ -59.7471, -12.2383 ], [ -59.734, -12.2195 ], [ -59.7548, -12.2106 ], [ -59.7537, -12.1878 ], [ -59.6955, -12.1311 ], [ -59.6885, -12.1009 ], [ -59.6445, -12.0653 ], [ -59.5881, -12.0982 ], [ -59.4303, -12.0243 ], [ -59.4315, -11.9884 ], [ -59.3146, -11.8001 ], [ -59.2018, -11.7329 ], [ -59.1853, -11.6868 ], [ -59.1673, -11.858 ], [ -58.927, -11.9845 ], [ -58.7811, -11.9739 ], [ -58.751, -11.982 ], [ -58.7171, -12.018 ], [ -58.6609, -12.0047 ], [ -58.6059, -12.0473 ], [ -58.5871, -12.0384 ], [ -58.5815, -12.0124 ], [ -58.5545, -12.0133 ], [ -58.551, -11.9865 ], [ -58.5301, -11.9977 ], [ -58.4996, -11.937 ], [ -58.4491, -11.9229 ], [ -58.4696, -12.0094 ], [ -58.4889, -12.0288 ], [ -58.478, -12.0437 ], [ -58.4925, -12.1243 ], [ -58.4757, -12.1665 ], [ -58.5306, -12.256 ], [ -58.5104, -12.2997 ], [ -58.4857, -12.3117 ], [ -58.5188, -12.351 ], [ -58.5194, -12.4241 ], [ -58.6106, -12.4284 ], [ -58.6397, -12.5262 ], [ -58.6861, -12.5587 ], [ -58.7149, -12.6035 ], [ -58.8378, -12.6738 ], [ -58.9048, -12.6801 ], [ -58.931, -12.6664 ], [ -58.9384, -12.6363 ], [ -58.9242, -12.6207 ], [ -58.9317, -12.5725 ], [ -58.9084, -12.5308 ], [ -58.9121, -12.501 ], [ -58.8534, -12.4364 ], [ -58.8459, -12.3306 ], [ -58.8764, -12.257 ], [ -58.8712, -12.2108 ], [ -58.9641, -12.2224 ], [ -59.0494, -12.2534 ], [ -59.1167, -12.3104 ], [ -59.1315, -12.3572 ], [ -59.1641, -12.3678 ], [ -59.2646, -12.3506 ], [ -59.3042, -12.3766 ], [ -59.3066, -12.3947 ], [ -59.3287, -12.3849 ], [ -59.3588, -12.398 ], [ -59.3742, -12.3822 ], [ -59.4172, -12.3938 ], [ -59.4314, -12.4354 ], [ -59.5081, -12.458 ], [ -59.5475, -12.5066 ], [ -59.6414, -12.5429 ] ] ] } },
{ "type": "Feature", "properties": { "tipo": "TI", "nome": "Torá" }, "geometry": { "type": "Polygon", "coordinates": [ [ [ -61.7716, -6.2454 ], [ -61.7206, -6.2576 ], [ -61.717, -6.1871 ], [ -61.6146, -6.2052 ], [ -61.5851, -6.2247 ], [ -61.5806, -6.281 ], [ -61.5581, -6.2721 ], [ -61.5379, -6.3162 ], [ -61.5088, -6.332 ], [ -61.5349, -6.4452 ], [ -61.5889, -6.4552 ], [ -61.6073, -6.422 ], [ -61.6519, -6.4149 ], [ -61.6371, -6.3821 ], [ -61.7089, -6.3827 ], [ -61.8279, -6.2683 ], [ -61.8162, -6.2611 ], [ -61.8212, -6.2336 ], [ -61.7611, -6.2272 ], [ -61.7716, -6.2454 ] ] ] } },
{ "type": "Feature", "properties": { "tipo": "TI", "nome": "Morro Branco" }, "geometry": { "type": "Polygon", "coordinates": [ [ [ -46.1317, -5.8184 ], [ -46.1273, -5.8262 ], [ -46.1334, -5.8245 ], [ -46.1317, -5.8184 ] ] ] } },
{ "type": "Feature", "properties": { "tipo": "TI", "nome": "Jabuti" }, "geometry": { "type": "Polygon", "coordinates": [ [ [ -60.2098, 3.2314 ], [ -60.1939, 3.1888 ], [ -60.2487, 3.1575 ], [ -60.334, 3.1957 ], [ -60.3729, 3.1694 ], [ -60.3982, 3.2369 ], [ -60.3338, 3.2316 ], [ -60.2865, 3.2504 ], [ -60.2098, 3.2314 ] ] ] } },
{ "type": "Feature", "properties": { "tipo": "TI", "nome": "Karipuna" }, "geometry": { "type": "Polygon", "coordinates": [ [ [ -64.4006, -10.087 ], [ -64.4137, -10.1403 ], [ -64.4498, -10.1681 ], [ -64.4483, -10.1864 ], [ -64.5218, -10.2781 ], [ -64.7362, -10.2727 ], [ -64.7405, -10.2307 ], [ -64.68, -10.2208 ], [ -64.647, -10.1779 ], [ -64.6874, -10.0426 ], [ -64.6301, -10.0315 ], [ -64.6056, -10.0442 ], [ -64.5812, -10.0315 ], [ -64.5635, -9.9884 ], [ -64.5705, -9.8547 ], [ -64.5442, -9.8218 ], [ -64.5099, -9.8435 ], [ -64.41, -9.7587 ], [ -64.3712, -9.6841 ], [ -64.3908, -9.6198 ], [ -64.3863, -9.5857 ], [ -64.3772, -9.5778 ], [ -64.3818, -9.5877 ], [ -64.357, -9.5977 ], [ -64.3745, -9.6169 ], [ -64.3491, -9.6189 ], [ -64.3426, -9.6578 ], [ -64.3135, -9.6642 ], [ -64.3398, -9.6775 ], [ -64.3086, -9.6931 ], [ -64.3233, -9.7052 ], [ -64.308, -9.7412 ], [ -64.3197, -9.7597 ], [ -64.2942, -9.7863 ], [ -64.313, -9.81 ], [ -64.2978, -9.843 ], [ -64.3234, -9.8677 ], [ -64.3424, -10.0116 ], [ -64.3725, -10.0322 ], [ -64.3727, -10.0637 ], [ -64.4006, -10.087 ] ] ] } },
{ "type": "Feature", "properties": { "tipo": "TI", "nome": "Parakanã" }, "geometry": { "type": "Polygon", "coordinates": [ [ [ -50.228, -4.5551 ], [ -50.1482, -4.5807 ], [ -50.0982, -4.5393 ], [ -50.1008, -4.4967 ], [ -50.074, -4.4441 ], [ -49.9912, -4.4112 ], [ -49.9284, -4.432 ], [ -49.908, -4.4749 ], [ -49.849, -4.5108 ], [ -49.768, -4.6081 ], [ -49.7674, -4.6475 ], [ -49.8032, -4.6989 ], [ -49.9192, -4.7422 ], [ -49.9295, -4.7863 ], [ -50.0654, -4.9619 ], [ -50.0097, -5.0542 ], [ -50.0821, -5.1596 ], [ -50.2034, -5.1968 ], [ -50.4378, -5.0368 ], [ -50.4259, -4.9473 ], [ -50.4008, -4.9316 ], [ -50.3819, -4.8738 ], [ -50.3795, -4.7616 ], [ -50.3518, -4.6863 ], [ -50.3655, -4.6307 ], [ -50.228, -4.5551 ] ] ] } },
{ "type": "Feature", "properties": { "tipo": "TI", "nome": "Taego Ãwa" }, "geometry": { "type": "Polygon", "coordinates": [ [ [ -49.7792, -11.85 ], [ -49.7754, -11.8677 ], [ -49.7519, -11.8656 ], [ -49.7577, -11.8858 ], [ -49.7391, -11.8863 ], [ -49.7272, -11.9208 ], [ -49.7019, -11.9221 ], [ -49.7188, -11.9312 ], [ -49.6995, -11.939 ], [ -49.7165, -11.9605 ], [ -49.7027, -11.9827 ], [ -49.7459, -12.0436 ], [ -49.8425, -12.037 ], [ -49.8433, -12.0037 ], [ -49.8661, -11.9919 ], [ -49.8701, -11.9401 ], [ -49.8974, -11.9288 ], [ -49.8865, -11.904 ], [ -49.865, -11.9043 ], [ -49.8563, -11.8884 ], [ -49.8406, -11.9041 ], [ -49.8145, -11.8999 ], [ -49.8013, -11.8517 ], [ -49.7792, -11.85 ] ] ] } },
{ "type": "Feature", "properties": { "tipo": "TI", "nome": "Juruna do Km 17" }, "geometry": { "type": "MultiPolygon", "coordinates": [ [ [ [ -52.1481, -3.0751 ], [ -52.1571, -3.0758 ], [ -52.1566, -3.0734 ], [ -52.1481, -3.0751 ] ] ], [ [ [ -52.1569, -3.0711 ], [ -52.1652, -3.0699 ], [ -52.1644, -3.068 ], [ -52.1569, -3.0711 ] ] ], [ [ [ -52.1108, -2.6421 ], [ -52.128, -2.6581 ], [ -52.1296, -2.6349 ], [ -52.1291, -2.6343 ], [ -52.1281, -2.6313 ], [ -52.1271, -2.6298 ], [ -52.1254, -2.6299 ], [ -52.1229, -2.6295 ], [ -52.1194, -2.627 ], [ -52.1176, -2.628 ], [ -52.1163, -2.6276 ], [ -52.11, -2.6219 ], [ -52.1079, -2.597 ], [ -52.1108, -2.6421 ] ] ], [ [ [ -52.108, -2.5967 ], [ -52.1103, -2.6221 ], [ -52.1272, -2.6297 ], [ -52.1283, -2.6312 ], [ -52.1297, -2.6349 ], [ -52.1281, -2.658 ], [ -52.165, -2.6362 ], [ -52.108, -2.5967 ] ] ] ] } },
{ "type": "Feature", "properties": { "tipo": "TI", "nome": "Pequizal do Naruvôtu" }, "geometry": { "type": "Polygon", "coordinates": [ [ [ -52.7866, -12.9949 ], [ -53.0031, -13.0025 ], [ -52.741, -12.7962 ], [ -52.7233, -12.8121 ], [ -52.7577, -12.8806 ], [ -52.7723, -12.8833 ], [ -52.7642, -12.9359 ], [ -52.7272, -12.9569 ], [ -52.8032, -12.9587 ], [ -52.7866, -12.9949 ] ] ] } },
{ "type": "Feature", "properties": { "tipo": "TI", "nome": "Portal do Encantado" }, "geometry": { "type": "Polygon", "coordinates": [ [ [ -59.5132, -16.2747 ], [ -59.5343, -16.2069 ], [ -59.5694, -16.1878 ], [ -59.6079, -16.1296 ], [ -59.5833, -16.1175 ], [ -59.5778, -16.0767 ], [ -59.555, -16.0874 ], [ -59.53, -16.0268 ], [ -59.4538, -16.0436 ], [ -59.4635, -16.0715 ], [ -59.3974, -16.0637 ], [ -59.3934, -16.0802 ], [ -59.423, -16.1237 ], [ -59.3752, -16.142 ], [ -59.3619, -16.2131 ], [ -59.3797, -16.2318 ], [ -59.4131, -16.2305 ], [ -59.4204, -16.2721 ], [ -59.4885, -16.2628 ], [ -59.5059, -16.2446 ], [ -59.4944, -16.2749 ], [ -59.5132, -16.2747 ] ] ] } },
{ "type": "Feature", "properties": { "tipo": "TI", "nome": "Krahó-Kanela" }, "geometry": { "type": "Polygon", "coordinates": [ [ [ -49.8322, -10.9758 ], [ -49.8072, -10.9951 ], [ -49.8937, -11.0195 ], [ -49.8901, -11.0446 ], [ -49.9362, -11.0567 ], [ -49.9624, -11.0438 ], [ -49.9808, -11.0006 ], [ -49.8964, -10.9999 ], [ -49.8967, -10.9751 ], [ -49.8322, -10.9758 ] ] ] } },
{ "type": "Feature", "properties": { "tipo": "TI", "nome": "Tubarão Latunde" }, "geometry": { "type": "Polygon", "coordinates": [ [ [ -60.6301, -12.4451 ], [ -60.6347, -12.539 ], [ -60.4484, -12.5387 ], [ -60.4484, -12.8358 ], [ -60.5029, -12.7968 ], [ -60.5359, -12.7933 ], [ -60.5728, -12.7497 ], [ -60.6166, -12.7309 ], [ -60.6391, -12.742 ], [ -60.7058, -12.7245 ], [ -60.8115, -12.7518 ], [ -60.8116, -12.447 ], [ -60.6301, -12.4451 ] ] ] } },
{ "type": "Feature", "properties": { "tipo": "TI", "nome": "Parque do Xingu" }, "geometry": { "type": "Polygon", "coordinates": [ [ [ -54.0068, -12.998 ], [ -54.0109, -11.5718 ], [ -53.9947, -11.5732 ], [ -53.9696, -11.5336 ], [ -53.9438, -11.5384 ], [ -53.9163, -11.5113 ], [ -53.8847, -11.5164 ], [ -53.8498, -11.4973 ], [ -53.8595, -11.4671 ], [ -53.8347, -11.4464 ], [ -53.8358, -11.3697 ], [ -53.7976, -11.3425 ], [ -53.7777, -11.2691 ], [ -53.7589, -11.2559 ], [ -53.7662, -11.2432 ], [ -53.7477, -11.2337 ], [ -53.7527, -11.2131 ], [ -53.7324, -11.2213 ], [ -53.709, -11.1959 ], [ -53.7139, -11.1771 ], [ -53.69, -11.1877 ], [ -53.6766, -11.1493 ], [ -53.6605, -11.1403 ], [ -53.6441, -11.1532 ], [ -53.6299, -11.1252 ], [ -53.6046, -11.1208 ], [ -53.4336, -10.6005 ], [ -53.3192, -10.644 ], [ -53.1273, -10.7744 ], [ -52.9873, -10.7927 ], [ -52.8327, -10.7478 ], [ -52.7872, -10.7949 ], [ -52.7605, -10.8014 ], [ -52.7588, -10.8434 ], [ -52.8706, -10.873 ], [ -52.9522, -10.9625 ], [ -52.9518, -10.9903 ], [ -52.9121, -11.0533 ], [ -52.9217, -11.0729 ], [ -52.8749, -11.1443 ], [ -52.8707, -11.2035 ], [ -52.8915, -11.2399 ], [ -52.8822, -11.2589 ], [ -53.0342, -11.4383 ], [ -53.0596, -11.4268 ], [ -53.1093, -11.52 ], [ -53.1233, -11.5041 ], [ -53.1778, -11.5696 ], [ -53.1653, -11.5888 ], [ -53.2006, -11.6239 ], [ -53.235, -11.7656 ], [ -53.2186, -11.8556 ], [ -53.1813, -11.9344 ], [ -53.1193, -11.9446 ], [ -53.1097, -11.9835 ], [ -53.0867, -11.9733 ], [ -53.0162, -12.0208 ], [ -53.0168, -12.0445 ], [ -52.9859, -12.0531 ], [ -52.9933, -12.0748 ], [ -52.9718, -12.0909 ], [ -52.9686, -12.1446 ], [ -52.9258, -12.1598 ], [ -52.9484, -12.1828 ], [ -52.9293, -12.2009 ], [ -52.9416, -12.2261 ], [ -52.9068, -12.2209 ], [ -52.8569, -12.2815 ], [ -52.8235, -12.2618 ], [ -52.821, -12.314 ], [ -52.7747, -12.3204 ], [ -52.7763, -12.3431 ], [ -52.7519, -12.3479 ], [ -52.7319, -12.3757 ], [ -52.7429, -12.3919 ], [ -52.7189, -12.4617 ], [ -52.666, -12.4857 ], [ -52.6734, -12.5125 ], [ -52.65, -12.5093 ], [ -52.6416, -12.5422 ], [ -52.6333, -12.5173 ], [ -52.5966, -12.5568 ], [ -52.602, -12.5825 ], [ -52.5536, -12.6035 ], [ -52.5394, -12.6369 ], [ -53.0031, -13.0025 ], [ -53.919, -12.9991 ], [ -53.9205, -12.9733 ], [ -53.8872, -12.9348 ], [ -53.9082, -12.8901 ], [ -53.932, -12.914 ], [ -53.9352, -12.9538 ], [ -53.982, -12.9977 ], [ -54.0068, -12.998 ] ] ] } },
{ "type": "Feature", "properties": { "tipo": "TI", "nome": "Ituna/Itatá (restrição de uso)" }, "geometry": { "type": "Polygon", "coordinates": [ [ [ -51.8444, -4.0471 ], [ -51.8594, -4.0935 ], [ -51.8967, -4.0806 ], [ -51.9334, -4.0985 ], [ -51.9508, -4.1671 ], [ -51.9097, -4.217 ], [ -51.8995, -4.2629 ], [ -52.019, -4.3659 ], [ -52.0497, -4.3476 ], [ -52.048, -4.3091 ], [ -52.0728, -4.2601 ], [ -52.119, -4.2465 ], [ -52.1681, -4.1801 ], [ -52.2322, -4.1735 ], [ -52.1998, -4.1595 ], [ -52.1965, -4.0849 ], [ -52.1639, -4.0608 ], [ -52.1459, -4.0884 ], [ -52.1369, -4.0801 ], [ -52.1624, -4.0021 ], [ -52.0486, -3.8815 ], [ -52.0134, -3.8658 ], [ -52.0098, -3.8804 ], [ -51.9148, -3.914 ], [ -51.8779, -3.9427 ], [ -51.8589, -3.9127 ], [ -51.7841, -3.886 ], [ -51.7405, -3.9031 ], [ -51.7694, -3.9448 ], [ -51.761, -3.959 ], [ -51.7857, -4.0139 ], [ -51.8444, -4.0471 ] ] ] } },
{ "type": "Feature", "properties": { "tipo": "TI", "nome": "Caititu" }, "geometry": { "type": "Polygon", "coordinates": [ [ [ -64.801, -7.275 ], [ -64.7575, -7.3514 ], [ -64.7523, -7.4237 ], [ -64.725, -7.4419 ], [ -64.725, -7.498 ], [ -64.7073, -7.4982 ], [ -64.7072, -7.671 ], [ -64.5602, -7.6697 ], [ -64.5511, -7.7067 ], [ -64.5683, -7.723 ], [ -64.5544, -7.7764 ], [ -64.5771, -7.9168 ], [ -64.6674, -7.9976 ], [ -64.6333, -8.0396 ], [ -64.6376, -8.2614 ], [ -64.6692, -8.2964 ], [ -64.628, -8.3386 ], [ -64.6222, -8.3572 ], [ -64.6398, -8.3688 ], [ -64.8905, -8.2128 ], [ -64.8666, -8.1849 ], [ -64.9004, -8.1518 ], [ -64.8984, -8.1183 ], [ -64.975, -8.0732 ], [ -64.9734, -8.0196 ], [ -64.9549, -8.0097 ], [ -64.9906, -7.9647 ], [ -64.9421, -7.9435 ], [ -64.9586, -7.9343 ], [ -64.9509, -7.9184 ], [ -64.9678, -7.8958 ], [ -64.944, -7.8868 ], [ -64.994, -7.8631 ], [ -64.9826, -7.8379 ], [ -65.0052, -7.7987 ], [ -64.9902, -7.7802 ], [ -64.9372, -7.7868 ], [ -64.9235, -7.7645 ], [ -64.943, -7.7364 ], [ -64.875, -7.6808 ], [ -64.8624, -7.62 ], [ -64.8415, -7.6113 ], [ -64.8615, -7.5721 ], [ -64.8911, -7.5626 ], [ -64.8617, -7.5315 ], [ -64.876, -7.5041 ], [ -64.8525, -7.4908 ], [ -64.8819, -7.4787 ], [ -64.8913, -7.4543 ], [ -64.801, -7.275 ] ] ] } },
{ "type": "Feature", "properties": { "tipo": "TI", "nome": "Umutina" }, "geometry": { "type": "Polygon", "coordinates": [ [ [ -57.0531, -14.9136 ], [ -56.9267, -14.9368 ], [ -56.9305, -14.9587 ], [ -56.9579, -14.9663 ], [ -56.962, -14.9976 ], [ -56.9862, -14.9976 ], [ -57.0186, -15.069 ], [ -57.054, -15.0627 ], [ -57.109, -15.1113 ], [ -57.1293, -15.0832 ], [ -57.1622, -15.0889 ], [ -57.1795, -15.0781 ], [ -57.1578, -15.0576 ], [ -57.1459, -15.0696 ], [ -57.1434, -15.046 ], [ -57.1257, -15.0434 ], [ -57.0988, -14.9294 ], [ -57.0531, -14.9136 ] ] ] } },
{ "type": "Feature", "properties": { "tipo": "TI", "nome": "Menkü" }, "geometry": { "type": "Polygon", "coordinates": [ [ [ -58.4655, -11.9542 ], [ -58.4242, -11.9681 ], [ -58.3944, -12.0055 ], [ -58.3399, -12.0261 ], [ -58.3345, -11.9916 ], [ -58.316, -11.9786 ], [ -58.2887, -12.0223 ], [ -58.2469, -12.0153 ], [ -58.2142, -12.0826 ], [ -58.1564, -12.1332 ], [ -58.0969, -12.1434 ], [ -58.1457, -12.1756 ], [ -58.1383, -12.2093 ], [ -58.1499, -12.2278 ], [ -58.1278, -12.2492 ], [ -58.1447, -12.2616 ], [ -58.1417, -12.2815 ], [ -58.0853, -12.3013 ], [ -58.177, -12.3489 ], [ -58.1802, -12.3938 ], [ -58.1514, -12.417 ], [ -58.1844, -12.4271 ], [ -58.188, -12.4702 ], [ -58.2973, -12.5268 ], [ -58.3406, -12.5299 ], [ -58.3852, -12.5064 ], [ -58.4255, -12.5215 ], [ -58.4213, -12.5026 ], [ -58.4534, -12.4618 ], [ -58.4445, -12.4273 ], [ -58.4702, -12.3596 ], [ -58.4887, -12.3547 ], [ -58.4781, -12.2904 ], [ -58.4207, -12.3161 ], [ -58.3876, -12.2863 ], [ -58.3136, -12.2838 ], [ -58.31, -12.1875 ], [ -58.3882, -12.1193 ], [ -58.3654, -12.044 ], [ -58.4853, -12.0615 ], [ -58.4878, -12.028 ], [ -58.4622, -11.9886 ], [ -58.4655, -11.9542 ] ] ] } },
{ "type": "Feature", "properties": { "tipo": "TI", "nome": "Sangradouro/Volta Grande" }, "geometry": { "type": "Polygon", "coordinates": [ [ [ -53.8783, -15.1834 ], [ -53.7789, -15.1863 ], [ -53.7923, -15.2064 ], [ -53.7527, -15.2289 ], [ -53.7515, -15.2573 ], [ -53.7894, -15.28 ], [ -53.7879, -15.3117 ], [ -53.7757, -15.3025 ], [ -53.7697, -15.3203 ], [ -53.7236, -15.343 ], [ -53.7335, -15.373 ], [ -53.7937, -15.412 ], [ -53.7725, -15.4663 ], [ -53.7957, -15.4947 ], [ -53.7797, -15.5728 ], [ -53.7879, -15.6214 ], [ -53.7782, -15.6767 ], [ -53.7576, -15.6853 ], [ -53.7843, -15.7434 ], [ -53.8281, -15.7141 ], [ -53.9167, -15.5855 ], [ -53.9569, -15.6345 ], [ -54.0077, -15.6234 ], [ -53.9513, -15.3421 ], [ -53.9007, -15.2727 ], [ -53.9151, -15.2547 ], [ -53.8651, -15.2093 ], [ -53.8783, -15.1834 ] ] ] } },
{ "type": "Feature", "properties": { "tipo": "TI", "nome": "Sucuba" }, "geometry": { "type": "Polygon", "coordinates": [ [ [ -61.1379, 3.0194 ], [ -61.1382, 2.9556 ], [ -61.1225, 2.9277 ], [ -61.0972, 2.9243 ], [ -61.1105, 2.9124 ], [ -61.1563, 2.9225 ], [ -61.1628, 2.9631 ], [ -61.223, 2.999 ], [ -61.1379, 3.0194 ] ] ] } },
{ "type": "Feature", "properties": { "tipo": "TI", "nome": "Mãe Maria" }, "geometry": { "type": "Polygon", "coordinates": [ [ [ -48.9965, -4.9728 ], [ -48.8017, -4.9865 ], [ -48.8433, -5.0704 ], [ -48.8464, -5.1116 ], [ -48.8094, -5.2296 ], [ -48.8396, -5.2955 ], [ -48.8301, -5.3304 ], [ -48.8495, -5.3304 ], [ -48.8366, -5.26 ], [ -48.9917, -5.2511 ], [ -49.0224, -5.1846 ], [ -49.0003, -5.1201 ], [ -49.007, -5.0664 ], [ -49.0274, -5.0431 ], [ -49.0141, -4.9871 ], [ -48.9965, -4.9728 ] ] ] } },
{ "type": "Feature", "properties": { "tipo": "TI", "nome": "Porquinhos dos Canela-Apãnjekra" }, "geometry": { "type": "Polygon", "coordinates": [ [ [ -45.294, -5.9497 ], [ -45.2719, -5.9967 ], [ -45.2759, -6.0415 ], [ -45.3097, -6.0667 ], [ -45.335, -6.1736 ], [ -45.4535, -6.426 ], [ -45.4967, -6.4194 ], [ -45.5533, -6.4528 ], [ -45.5859, -6.4467 ], [ -45.6288, -6.4778 ], [ -45.7129, -6.4694 ], [ -45.7227, -6.5317 ], [ -45.7663, -6.5829 ], [ -45.8082, -6.5985 ], [ -45.8785, -6.2621 ], [ -45.8655, -6.2024 ], [ -45.8172, -6.1473 ], [ -45.8194, -6.1097 ], [ -45.7821, -6.0713 ], [ -45.7753, -6.0128 ], [ -45.755, -5.9841 ], [ -45.6456, -5.9624 ], [ -45.294, -5.9497 ] ] ] } },
{ "type": "Feature", "properties": { "tipo": "TI", "nome": "Kawahiva do Rio Pardo" }, "geometry": { "type": "Polygon", "coordinates": [ [ [ -59.8017, -9.1391 ], [ -59.8034, -9.2397 ], [ -59.9223, -9.2973 ], [ -59.942, -9.3301 ], [ -60.0755, -9.3194 ], [ -60.2686, -9.1205 ], [ -60.3531, -9.0723 ], [ -60.3591, -9.0526 ], [ -60.3364, -9.0198 ], [ -60.369, -8.9831 ], [ -60.394, -8.9916 ], [ -60.3857, -8.9642 ], [ -60.4063, -8.9544 ], [ -60.413, -8.9006 ], [ -60.3914, -8.8969 ], [ -60.3863, -8.8345 ], [ -60.4214, -8.7966 ], [ -59.4182, -8.8033 ], [ -59.472, -8.8982 ], [ -59.4684, -8.9428 ], [ -59.5022, -8.9571 ], [ -59.5056, -8.9751 ], [ -59.5328, -8.9692 ], [ -59.5502, -9.0121 ], [ -59.5768, -9.0078 ], [ -59.6269, -9.0586 ], [ -59.6885, -9.0694 ], [ -59.7889, -9.1203 ], [ -59.8017, -9.1391 ] ] ] } },
{ "type": "Feature", "properties": { "tipo": "TI", "nome": "Serra da Moça" }, "geometry": { "type": "Polygon", "coordinates": [ [ [ -60.6787, 3.3262 ], [ -60.6492, 3.292 ], [ -60.6467, 3.2523 ], [ -60.6119, 3.2356 ], [ -60.6506, 3.2277 ], [ -60.6611, 3.2028 ], [ -60.7204, 3.1974 ], [ -60.749, 3.2468 ], [ -60.6787, 3.3262 ] ] ] } },
{ "type": "Feature", "properties": { "tipo": "TI", "nome": "Ponta da Serra" }, "geometry": { "type": "Polygon", "coordinates": [ [ [ -60.9193, 3.677 ], [ -60.805, 3.614 ], [ -60.8127, 3.5951 ], [ -60.7946, 3.579 ], [ -60.8209, 3.5514 ], [ -60.8806, 3.5475 ], [ -60.8853, 3.5773 ], [ -60.939, 3.5606 ], [ -60.9536, 3.5891 ], [ -60.9318, 3.6229 ], [ -60.9518, 3.6291 ], [ -60.9498, 3.6457 ], [ -60.9429, 3.6522 ], [ -60.9401, 3.6692 ], [ -60.9373, 3.6731 ], [ -60.9193, 3.677 ] ] ] } },
{ "type": "Feature", "properties": { "tipo": "TI", "nome": "Camicua" }, "geometry": { "type": "Polygon", "coordinates": [ [ [ -67.6198, -8.4829 ], [ -67.5872, -8.5405 ], [ -67.5749, -8.5309 ], [ -67.5687, -8.5532 ], [ -67.5617, -8.5588 ], [ -67.559, -8.5416 ], [ -67.5395, -8.5461 ], [ -67.531, -8.5783 ], [ -67.4972, -8.5737 ], [ -67.4429, -8.6529 ], [ -67.438, -8.6982 ], [ -67.4, -8.6963 ], [ -67.3847, -8.7243 ], [ -67.4062, -8.7228 ], [ -67.4229, -8.7474 ], [ -67.5357, -8.7438 ], [ -67.6513, -8.6922 ], [ -67.7119, -8.6388 ], [ -67.7301, -8.6104 ], [ -67.7335, -8.5424 ], [ -67.6849, -8.5475 ], [ -67.6705, -8.5273 ], [ -67.6627, -8.5389 ], [ -67.6376, -8.5203 ], [ -67.6428, -8.4886 ], [ -67.6198, -8.4829 ] ] ] } },
{ "type": "Feature", "properties": { "tipo": "TI", "nome": "Manoki" }, "geometry": { "type": "Polygon", "coordinates": [ [ [ -57.621, -12.3416 ], [ -57.5376, -12.3839 ], [ -57.5323, -12.405 ], [ -57.4949, -12.4126 ], [ -57.4407, -12.468 ], [ -57.4419, -12.5791 ], [ -57.3999, -12.6905 ], [ -57.4109, -12.7664 ], [ -57.3869, -12.845 ], [ -57.4312, -12.8615 ], [ -57.4389, -12.8952 ], [ -57.4867, -12.9285 ], [ -57.5235, -12.9827 ], [ -57.5844, -12.9594 ], [ -57.6073, -12.9236 ], [ -58.0243, -12.9709 ], [ -58.0726, -12.8584 ], [ -58.0376, -12.7401 ], [ -57.7394, -12.6947 ], [ -57.6925, -12.708 ], [ -57.6098, -12.6552 ], [ -57.6198, -12.6076 ], [ -57.5884, -12.5519 ], [ -57.6133, -12.504 ], [ -57.617, -12.4112 ], [ -57.6284, -12.403 ], [ -57.621, -12.3416 ] ] ] } },
{ "type": "Feature", "properties": { "tipo": "TI", "nome": "Japuira" }, "geometry": { "type": "Polygon", "coordinates": [ [ [ -58.2758, -10.48 ], [ -58.2362, -10.5001 ], [ -58.2038, -10.5639 ], [ -58.155, -10.5687 ], [ -58.0835, -10.6243 ], [ -58.0473, -10.6903 ], [ -58.1084, -10.8341 ], [ -58.0819, -10.8761 ], [ -58.108, -10.9081 ], [ -58.087, -10.9535 ], [ -58.1535, -10.9897 ], [ -58.2349, -10.9728 ], [ -58.2726, -11.0061 ], [ -58.3037, -11.0098 ], [ -58.3446, -10.936 ], [ -58.3349, -10.904 ], [ -58.3506, -10.8675 ], [ -58.3237, -10.7949 ], [ -58.3675, -10.7232 ], [ -58.3515, -10.6747 ], [ -58.3861, -10.6431 ], [ -58.3804, -10.6241 ], [ -58.4168, -10.573 ], [ -58.3356, -10.4628 ], [ -58.3321, -10.4185 ], [ -58.2758, -10.48 ] ] ] } },
{ "type": "Feature", "properties": { "tipo": "TI", "nome": "Tenharim Marmelos" }, "geometry": { "type": "Polygon", "coordinates": [ [ [ -62.1638, -7.8117 ], [ -61.8284, -7.8115 ], [ -61.8284, -8.0146 ], [ -61.8628, -8.022 ], [ -61.8597, -8.0903 ], [ -61.8418, -8.1298 ], [ -61.8087, -8.1621 ], [ -61.776, -8.1671 ], [ -61.7648, -8.1635 ], [ -61.7917, -8.1458 ], [ -61.7933, -8.0687 ], [ -61.7658, -8.0755 ], [ -61.7468, -8.0572 ], [ -61.6598, -8.0505 ], [ -61.6325, -8.0071 ], [ -61.6066, -8.0291 ], [ -61.5899, -8.1216 ], [ -61.6387, -8.1612 ], [ -61.6292, -8.1679 ], [ -61.676, -8.2549 ], [ -61.6855, -8.3269 ], [ -61.7324, -8.3735 ], [ -61.7535, -8.4802 ], [ -61.7865, -8.5186 ], [ -61.801, -8.7461 ], [ -61.8382, -8.7384 ], [ -61.86, -8.7923 ], [ -61.8556, -8.8543 ], [ -61.9366, -8.8824 ], [ -61.9914, -8.8753 ], [ -62.0026, -8.8277 ], [ -62.0309, -8.798 ], [ -62.1239, -8.806 ], [ -62.1582, -8.7327 ], [ -62.1638, -7.8117 ] ] ] } },
{ "type": "Feature", "properties": { "tipo": "TI", "nome": "Santa Inez" }, "geometry": { "type": "Polygon", "coordinates": [ [ [ -61.3613, 4.2814 ], [ -61.3203, 4.2708 ], [ -61.3171, 4.2241 ], [ -61.2943, 4.2114 ], [ -61.2778, 4.171 ], [ -61.3248, 4.0647 ], [ -61.3946, 4.0998 ], [ -61.4525, 4.1094 ], [ -61.4556, 4.1473 ], [ -61.4305, 4.2185 ], [ -61.3985, 4.2615 ], [ -61.3613, 4.2814 ] ] ] } },
{ "type": "Feature", "properties": { "tipo": "TI", "nome": "Manoa/Pium" }, "geometry": { "type": "Polygon", "coordinates": [ [ [ -59.961, 3.0132 ], [ -59.9472, 2.9994 ], [ -59.9601, 2.9537 ], [ -59.9842, 2.9314 ], [ -59.9784, 2.8972 ], [ -59.994, 2.8718 ], [ -60.2212, 2.8427 ], [ -60.1753, 2.9015 ], [ -60.1353, 2.99 ], [ -60.1705, 3.0292 ], [ -60.0761, 3.0841 ], [ -60.052, 3.0688 ], [ -60.0702, 3.02 ], [ -59.961, 3.0132 ] ] ] } },
{ "type": "Feature", "properties": { "tipo": "TI", "nome": "Moskow" }, "geometry": { "type": "MultiPolygon", "coordinates": [ [ [ [ -60.1226, 2.7414 ], [ -60.123, 2.7417 ], [ -60.1227, 2.7416 ], [ -60.1226, 2.7414 ] ] ], [ [ [ -60.1155, 2.7806 ], [ -60.1278, 2.7445 ], [ -60.1009, 2.7004 ], [ -60.1191, 2.661 ], [ -60.1687, 2.7178 ], [ -60.2009, 2.7325 ], [ -60.2219, 2.7717 ], [ -60.2346, 2.8384 ], [ -60.1155, 2.7806 ] ] ] ] } },
{ "type": "Feature", "properties": { "tipo": "TI", "nome": "Barata Livramento" }, "geometry": { "type": "Polygon", "coordinates": [ [ [ -61.0251, 3.3994 ], [ -61.0065, 3.2746 ], [ -61.0366, 3.2392 ], [ -61.0786, 3.241 ], [ -61.0768, 3.2525 ], [ -61.1016, 3.2578 ], [ -61.087, 3.2954 ], [ -61.1287, 3.3172 ], [ -61.1196, 3.333 ], [ -61.0615, 3.3184 ], [ -61.0594, 3.3631 ], [ -61.0251, 3.3994 ] ] ] } },
{ "type": "Feature", "properties": { "tipo": "TI", "nome": "Mangueira" }, "geometry": { "type": "Polygon", "coordinates": [ [ [ -61.4032, 3.3097 ], [ -61.3663, 3.282 ], [ -61.3447, 3.2879 ], [ -61.3491, 3.2604 ], [ -61.3803, 3.2721 ], [ -61.4009, 3.2455 ], [ -61.4355, 3.2336 ], [ -61.465, 3.2488 ], [ -61.4718, 3.2588 ], [ -61.4149, 3.2678 ], [ -61.4183, 3.2953 ], [ -61.4032, 3.3097 ] ] ] } },
{ "type": "Feature", "properties": { "tipo": "TI", "nome": "Boqueirão" }, "geometry": { "type": "Polygon", "coordinates": [ [ [ -61.2689, 3.3348 ], [ -61.2263, 3.2769 ], [ -61.2797, 3.1709 ], [ -61.3552, 3.207 ], [ -61.368, 3.2346 ], [ -61.3433, 3.2868 ], [ -61.2689, 3.3348 ] ] ] } },
{ "type": "Feature", "properties": { "tipo": "TI", "nome": "Truaru" }, "geometry": { "type": "Polygon", "coordinates": [ [ [ -61.0028, 3.2692 ], [ -60.9736, 3.2508 ], [ -60.9306, 3.2537 ], [ -60.9235, 3.2082 ], [ -60.9693, 3.1963 ], [ -61.0038, 3.2079 ], [ -61.0257, 3.2492 ], [ -61.0028, 3.2692 ] ] ] } },
{ "type": "Feature", "properties": { "tipo": "TI", "nome": "Bom Jesus" }, "geometry": { "type": "Polygon", "coordinates": [ [ [ -59.8244, 3.4711 ], [ -59.8422, 3.4325 ], [ -59.8638, 3.4377 ], [ -59.8447, 3.4672 ], [ -59.8244, 3.4711 ] ] ] } },
{ "type": "Feature", "properties": { "tipo": "TI", "nome": "Raimundão" }, "geometry": { "type": "Polygon", "coordinates": [ [ [ -61.2966, 2.9125 ], [ -61.2774, 2.8545 ], [ -61.3209, 2.8547 ], [ -61.3624, 2.9053 ], [ -61.2966, 2.9125 ] ] ] } },
{ "type": "Feature", "properties": { "tipo": "TI", "nome": "Pium" }, "geometry": { "type": "Polygon", "coordinates": [ [ [ -61.0842, 3.4376 ], [ -61.0717, 3.4066 ], [ -61.0857, 3.3734 ], [ -61.1175, 3.362 ], [ -61.1332, 3.4319 ], [ -61.0842, 3.4376 ] ] ] } },
{ "type": "Feature", "properties": { "tipo": "TI", "nome": "Malacacheta" }, "geometry": { "type": "Polygon", "coordinates": [ [ [ -60.4636, 2.7375 ], [ -60.4114, 2.6417 ], [ -60.4391, 2.6254 ], [ -60.4206, 2.6083 ], [ -60.4463, 2.47 ], [ -60.407, 2.4679 ], [ -60.4086, 2.4427 ], [ -60.4834, 2.4611 ], [ -60.5409, 2.6573 ], [ -60.5209, 2.6721 ], [ -60.5176, 2.7232 ], [ -60.4636, 2.7375 ] ] ] } },
{ "type": "Feature", "properties": { "tipo": "TI", "nome": "Ouro" }, "geometry": { "type": "Polygon", "coordinates": [ [ [ -60.6953, 3.5626 ], [ -60.6089, 3.5019 ], [ -60.6219, 3.4695 ], [ -60.5962, 3.3995 ], [ -60.7509, 3.4998 ], [ -60.7302, 3.5564 ], [ -60.6953, 3.5626 ] ] ] } },
{ "type": "Feature", "properties": { "tipo": "TI", "nome": "Canauanim" }, "geometry": { "type": "Polygon", "coordinates": [ [ [ -60.5477, 2.8175 ], [ -60.4511, 2.8262 ], [ -60.4186, 2.8075 ], [ -60.4883, 2.7577 ], [ -60.4676, 2.7359 ], [ -60.5196, 2.7165 ], [ -60.5738, 2.763 ], [ -60.5477, 2.8175 ] ] ] } },
{ "type": "Feature", "properties": { "tipo": "TI", "nome": "Krenrehé" }, "geometry": { "type": "Polygon", "coordinates": [ [ [ -51.4654, -11.0264 ], [ -51.3984, -11.0254 ], [ -51.4087, -11.0569 ], [ -51.4562, -11.0847 ], [ -51.4716, -11.0585 ], [ -51.504, -11.0675 ], [ -51.5166, -11.0897 ], [ -51.5401, -11.0766 ], [ -51.5239, -11.0311 ], [ -51.4896, -11.0434 ], [ -51.4654, -11.0264 ] ] ] } },
{ "type": "Feature", "properties": { "tipo": "TI", "nome": "Krenyê" }, "geometry": { "type": "Polygon", "coordinates": [ [ [ -44.7739, -5.9323 ], [ -44.7592, -5.9904 ], [ -44.7466, -5.9597 ], [ -44.736, -6.0058 ], [ -44.7241, -6.0057 ], [ -44.725, -6.0222 ], [ -44.7541, -6.0335 ], [ -44.7281, -6.0798 ], [ -44.7837, -6.0778 ], [ -44.7928, -6.1084 ], [ -44.8201, -6.0601 ], [ -44.7851, -6.0552 ], [ -44.8141, -6.0177 ], [ -44.7696, -5.9889 ], [ -44.7726, -5.9601 ], [ -44.8153, -5.9495 ], [ -44.7739, -5.9323 ] ], [ [ -44.7711, -6.0551 ], [ -44.7673, -6.0745 ], [ -44.7465, -6.0642 ], [ -44.7711, -6.0551 ] ], [ [ -44.7829, -6.0066 ], [ -44.7955, -6.0249 ], [ -44.7606, -6.0196 ], [ -44.7542, -6.004 ], [ -44.7829, -6.0066 ] ] ] } },
{ "type": "Feature", "properties": { "tipo": "TI", "nome": "Turé/Mariquita II" }, "geometry": { "type": "Polygon", "coordinates": [ [ [ -48.3524, -2.2687 ], [ -48.3385, -2.2797 ], [ -48.3436, -2.2982 ], [ -48.3641, -2.2925 ], [ -48.3524, -2.2687 ] ] ] } },
{ "type": "Feature", "properties": { "tipo": "TI", "nome": "Turé/Mariquita" }, "geometry": { "type": "Polygon", "coordinates": [ [ [ -48.3373, -2.28 ], [ -48.336, -2.292 ], [ -48.3325, -2.3024 ], [ -48.3436, -2.2982 ], [ -48.3373, -2.28 ] ] ] } },
{ "type": "Feature", "properties": { "tipo": "TI", "nome": "Pequizal" }, "geometry": { "type": "Polygon", "coordinates": [ [ [ -59.784, -14.2356 ], [ -59.8096, -14.3115 ], [ -59.8779, -14.3149 ], [ -59.8876, -14.2668 ], [ -59.9328, -14.2318 ], [ -59.9104, -14.2053 ], [ -59.865, -14.2474 ], [ -59.784, -14.2356 ] ] ] } },
{ "type": "Feature", "properties": { "tipo": "TI", "nome": "Campinas/Katukina" }, "geometry": { "type": "Polygon", "coordinates": [ [ [ -72.2533, -7.9099 ], [ -72.2617, -7.8275 ], [ -72.2434, -7.7827 ], [ -72.2618, -7.6771 ], [ -72.1831, -7.6848 ], [ -72.1447, -7.724 ], [ -72.0913, -7.7211 ], [ -72.0809, -7.7894 ], [ -72.1528, -7.8534 ], [ -72.162, -7.9038 ], [ -72.2073, -7.9307 ], [ -72.2533, -7.9099 ] ] ] } },
{ "type": "Feature", "properties": { "tipo": "TI", "nome": "Kayabi" }, "geometry": { "type": "Polygon", "coordinates": [ [ [ -57.8091, -9.0376 ], [ -57.7893, -9.0108 ], [ -57.8042, -8.9598 ], [ -57.7821, -8.9471 ], [ -57.7314, -8.953 ], [ -57.7105, -8.9146 ], [ -57.6648, -8.8875 ], [ -57.7103, -8.8509 ], [ -57.7628, -8.8538 ], [ -57.7857, -8.8185 ], [ -57.8592, -8.7849 ], [ -57.8764, -8.7926 ], [ -57.9017, -8.7656 ], [ -57.8963, -8.7045 ], [ -57.8667, -8.6944 ], [ -57.8816, -8.666 ], [ -57.8673, -8.6095 ], [ -57.8342, -8.5837 ], [ -57.826, -8.5375 ], [ -57.8563, -8.3889 ], [ -57.8975, -8.3232 ], [ -57.8677, -8.3051 ], [ -57.8643, -8.2808 ], [ -57.9274, -8.2184 ], [ -57.9228, -8.189 ], [ -57.8961, -8.1754 ], [ -57.9339, -8.1518 ], [ -57.9547, -8.0796 ], [ -57.9397, -8.066 ], [ -57.9457, -8.0016 ], [ -57.8436, -7.8892 ], [ -57.8312, -7.9789 ], [ -57.7817, -8.0516 ], [ -57.7304, -8.0934 ], [ -57.718, -8.1578 ], [ -57.6663, -8.1796 ], [ -57.6454, -8.2134 ], [ -57.6821, -8.312 ], [ -57.6697, -8.3676 ], [ -57.6299, -8.4098 ], [ -57.5726, -8.4062 ], [ -57.5152, -8.4338 ], [ -57.5044, -8.4797 ], [ -57.5178, -8.5753 ], [ -57.5113, -8.6106 ], [ -57.4808, -8.6328 ], [ -57.3972, -8.6462 ], [ -57.3675, -8.6701 ], [ -57.2894, -8.6621 ], [ -57.0126, -8.3269 ], [ -56.9453, -8.271 ], [ -56.9312, -8.2761 ], [ -56.9162, -8.3297 ], [ -56.8276, -8.3394 ], [ -56.7994, -8.3841 ], [ -56.6667, -8.3462 ], [ -56.6672, -9.0324 ], [ -56.693, -9.0155 ], [ -56.7129, -9.0402 ], [ -56.7736, -9.0593 ], [ -56.8072, -9.0308 ], [ -56.821, -9.0414 ], [ -56.8386, -9.0309 ], [ -56.8514, -9.0739 ], [ -56.8736, -9.0818 ], [ -56.8839, -9.1096 ], [ -56.9113, -9.1145 ], [ -56.9378, -9.0964 ], [ -56.9683, -9.1312 ], [ -57.0418, -9.1136 ], [ -57.062, -9.1344 ], [ -57.0628, -9.1921 ], [ -57.1976, -9.2031 ], [ -57.2119, -9.1819 ], [ -57.214, -9.2218 ], [ -57.3215, -9.2015 ], [ -57.3339, -9.1888 ], [ -57.3223, -9.1722 ], [ -57.3408, -9.1704 ], [ -57.3604, -9.1363 ], [ -57.4149, -9.1617 ], [ -57.5137, -9.1413 ], [ -57.5295, -9.1739 ], [ -57.5584, -9.1677 ], [ -57.5953, -9.1339 ], [ -57.5855, -9.0981 ], [ -57.6177, -9.1163 ], [ -57.6597, -9.096 ], [ -57.73, -9.1095 ], [ -57.8091, -9.0376 ] ] ] } },
{ "type": "Feature", "properties": { "tipo": "TI", "nome": "Médio Rio Negro II" }, "geometry": { "type": "Polygon", "coordinates": [ [ [ -65.9998, -0.2346 ], [ -65.9809, -0.1854 ], [ -65.8347, -0.1448 ], [ -65.5884, -0.2468 ], [ -65.4384, -0.1572 ], [ -65.4038, -0.2121 ], [ -65.4271, -0.2938 ], [ -65.4578, -0.2933 ], [ -65.4518, -0.2762 ], [ -65.4792, -0.2702 ], [ -65.6976, -0.2958 ], [ -65.7372, -0.2805 ], [ -65.7652, -0.2302 ], [ -65.8311, -0.2212 ], [ -65.8764, -0.2445 ], [ -65.9058, -0.3018 ], [ -66.0112, -0.3127 ], [ -66.0755, -0.271 ], [ -66.1006, -0.2713 ], [ -66.1393, -0.2941 ], [ -66.1944, -0.2837 ], [ -66.2696, -0.3736 ], [ -66.3654, -0.3455 ], [ -66.4581, -0.3673 ], [ -66.5935, -0.3345 ], [ -66.7381, -0.2074 ], [ -66.8286, -0.1791 ], [ -66.8718, -0.1481 ], [ -66.8489, -0.1418 ], [ -66.7763, 0.0002 ], [ -66.6137, -0.0004 ], [ -66.2862, -0.0702 ], [ -66.2541, -0.1035 ], [ -66.137, -0.0556 ], [ -66.136, -0.0814 ], [ -66.1226, -0.0661 ], [ -66.0822, -0.0838 ], [ -66.1203, -0.1191 ], [ -66.1034, -0.1343 ], [ -66.0773, -0.1258 ], [ -66.0999, -0.1624 ], [ -66.0868, -0.1587 ], [ -66.0586, -0.1984 ], [ -66.0458, -0.2481 ], [ -65.9998, -0.2346 ] ] ] } },
{ "type": "Feature", "properties": { "tipo": "TI", "nome": "Cana Brava/Guajajara" }, "geometry": { "type": "Polygon", "coordinates": [ [ [ -45.3939, -5.9157 ], [ -45.8242, -5.4684 ], [ -45.6853, -5.3516 ], [ -45.4061, -5.6254 ], [ -45.2766, -5.6801 ], [ -45.3347, -5.7606 ], [ -45.3803, -5.7841 ], [ -45.3666, -5.8511 ], [ -45.3807, -5.9125 ], [ -45.3939, -5.9157 ] ] ] } },
{ "type": "Feature", "properties": { "tipo": "TI", "nome": "Batelão" }, "geometry": { "type": "Polygon", "coordinates": [ [ [ -56.8168, -10.9014 ], [ -56.7294, -10.9311 ], [ -56.6115, -10.9336 ], [ -56.5964, -11.0071 ], [ -56.5194, -11.0587 ], [ -56.531, -11.0931 ], [ -56.513, -11.1052 ], [ -56.4371, -11.087 ], [ -56.403, -11.0999 ], [ -56.3825, -11.1912 ], [ -56.4204, -11.198 ], [ -56.4342, -11.2174 ], [ -56.4248, -11.2566 ], [ -56.5098, -11.2894 ], [ -56.4657, -11.3218 ], [ -56.4644, -11.3568 ], [ -56.6245, -11.3733 ], [ -56.6747, -11.2949 ], [ -56.7087, -11.1845 ], [ -56.6708, -11.1481 ], [ -56.6639, -11.1159 ], [ -56.6789, -11.1103 ], [ -56.6643, -11.0935 ], [ -56.7024, -11.097 ], [ -56.6989, -11.0323 ], [ -56.7252, -11.0219 ], [ -56.7195, -11.0447 ], [ -56.7329, -11.0485 ], [ -56.7519, -11.0135 ], [ -56.7725, -11.019 ], [ -56.7863, -10.983 ], [ -56.8482, -10.9697 ], [ -56.8153, -10.9456 ], [ -56.8168, -10.9014 ] ] ] } },
{ "type": "Feature", "properties": { "tipo": "TI", "nome": "Trincheira" }, "geometry": { "type": "Polygon", "coordinates": [ [ [ -59.2242, -3.6931 ], [ -59.2701, -3.7433 ], [ -59.3086, -3.7206 ], [ -59.247, -3.7151 ], [ -59.235, -3.6917 ], [ -59.2242, -3.6931 ] ] ] } },
{ "type": "Feature", "properties": { "tipo": "TI", "nome": "Trincheira Bacaja" }, "geometry": { "type": "Polygon", "coordinates": [ [ [ -51.5067, -3.7879 ], [ -51.5252, -3.8684 ], [ -51.4968, -3.8642 ], [ -51.4182, -3.8926 ], [ -51.4026, -3.8613 ], [ -51.3459, -3.8505 ], [ -51.3401, -3.8958 ], [ -51.2857, -3.8956 ], [ -51.2972, -3.9246 ], [ -51.2484, -3.9847 ], [ -51.2501, -4.0309 ], [ -51.2259, -4.0329 ], [ -51.2065, -4.0797 ], [ -51.1165, -4.0821 ], [ -51.0673, -4.2039 ], [ -50.9989, -4.3076 ], [ -50.9991, -5.4411 ], [ -51.0465, -5.4334 ], [ -51.0767, -5.4527 ], [ -51.1631, -5.4307 ], [ -51.2281, -5.4464 ], [ -51.2371, -5.462 ], [ -51.295, -5.4627 ], [ -51.395, -5.389 ], [ -51.3818, -5.3324 ], [ -51.4235, -5.258 ], [ -51.5143, -5.2714 ], [ -51.6091, -5.2289 ], [ -51.6498, -5.2469 ], [ -51.6942, -5.2327 ], [ -51.8358, -5.3124 ], [ -51.8948, -5.3075 ], [ -52.0084, -5.3483 ], [ -52.0112, -4.6221 ], [ -51.9725, -4.5528 ], [ -51.9621, -4.4804 ], [ -51.9992, -4.431 ], [ -51.9709, -4.3656 ], [ -51.9839, -4.3401 ], [ -51.8991, -4.2625 ], [ -51.9095, -4.2161 ], [ -51.9499, -4.169 ], [ -51.9361, -4.1052 ], [ -51.8963, -4.0803 ], [ -51.8585, -4.0929 ], [ -51.8441, -4.0469 ], [ -51.7845, -4.0136 ], [ -51.7603, -3.961 ], [ -51.7688, -3.9465 ], [ -51.7432, -3.9024 ], [ -51.6939, -3.8731 ], [ -51.6873, -3.8426 ], [ -51.5953, -3.7826 ], [ -51.565, -3.8006 ], [ -51.5214, -3.7715 ], [ -51.5067, -3.7879 ] ] ] } },
{ "type": "Feature", "properties": { "tipo": "TI", "nome": "Bom Intento" }, "geometry": { "type": "Polygon", "coordinates": [ [ [ -70.0243, -4.3599 ], [ -70.0137, -4.3484 ], [ -69.9839, -4.3326 ], [ -70.0067, -4.3718 ], [ -70.0243, -4.3599 ] ], [ [ -70.0056, -4.3601 ], [ -70.0057, -4.3602 ], [ -70.0056, -4.3602 ], [ -70.0056, -4.3601 ] ] ] } },
{ "type": "Feature", "properties": { "tipo": "TI", "nome": "Escondido" }, "geometry": { "type": "Polygon", "coordinates": [ [ [ -58.6703, -9.1938 ], [ -58.6352, -9.2595 ], [ -58.6499, -9.2919 ], [ -58.602, -9.3355 ], [ -58.5913, -9.3695 ], [ -58.4103, -9.4684 ], [ -58.3882, -9.5846 ], [ -58.4383, -9.6223 ], [ -58.4688, -9.6758 ], [ -58.8339, -9.6739 ], [ -58.8911, -9.6127 ], [ -58.8524, -9.4699 ], [ -58.8074, -9.4362 ], [ -58.7799, -9.3639 ], [ -58.7516, -9.3634 ], [ -58.7289, -9.339 ], [ -58.6993, -9.2506 ], [ -58.7079, -9.216 ], [ -58.6703, -9.1938 ] ] ] } },
{ "type": "Feature", "properties": { "tipo": "TI", "nome": "Sararé" }, "geometry": { "type": "Polygon", "coordinates": [ [ [ -59.5557, -14.6922 ], [ -59.4852, -14.6879 ], [ -59.3975, -14.7318 ], [ -59.387, -14.7623 ], [ -59.369, -14.7651 ], [ -59.363, -14.8036 ], [ -59.3237, -14.8023 ], [ -59.317, -14.8331 ], [ -59.3751, -14.8824 ], [ -59.4258, -14.8926 ], [ -59.4489, -14.9639 ], [ -59.4783, -14.9834 ], [ -59.5359, -14.9599 ], [ -59.552, -14.8816 ], [ -59.646, -14.7967 ], [ -59.6082, -14.7542 ], [ -59.6037, -14.6519 ], [ -59.5896, -14.6293 ], [ -59.5599, -14.6604 ], [ -59.5557, -14.6922 ] ] ] } },
{ "type": "Feature", "properties": { "tipo": "TI", "nome": "Urubu Branco" }, "geometry": { "type": "Polygon", "coordinates": [ [ [ -51.3778, -10.9539 ], [ -51.3792, -10.4395 ], [ -51.1084, -10.4626 ], [ -51.1002, -10.8877 ], [ -51.1132, -10.8874 ], [ -51.1137, -10.8829 ], [ -51.1152, -10.881 ], [ -51.121, -10.8813 ], [ -51.1281, -10.8962 ], [ -51.1164, -10.8814 ], [ -51.1151, -10.8971 ], [ -51.136, -10.8969 ], [ -51.1654, -10.9278 ], [ -51.1956, -10.9117 ], [ -51.2026, -10.9429 ], [ -51.2291, -10.9462 ], [ -51.2322, -10.9652 ], [ -51.2566, -10.9772 ], [ -51.241, -10.9736 ], [ -51.2455, -10.9822 ], [ -51.3169, -11.0173 ], [ -51.3304, -10.978 ], [ -51.3778, -10.9539 ] ] ] } },
{ "type": "Feature", "properties": { "tipo": "TI", "nome": "Irantxe" }, "geometry": { "type": "Polygon", "coordinates": [ [ [ -57.9235, -12.9601 ], [ -58.0243, -12.9709 ], [ -58.0726, -12.8584 ], [ -58.0376, -12.7401 ], [ -57.9377, -12.7203 ], [ -57.9147, -12.7367 ], [ -57.9195, -12.7655 ], [ -57.849, -12.8116 ], [ -57.9235, -12.9601 ] ] ] } },
{ "type": "Feature", "properties": { "tipo": "TI", "nome": "Paresi" }, "geometry": { "type": "Polygon", "coordinates": [ [ [ -59.0446, -14.0003 ], [ -58.0844, -14.0004 ], [ -58.1012, -14.0903 ], [ -58.088, -14.0969 ], [ -58.0895, -14.1316 ], [ -58.1277, -14.1998 ], [ -58.2103, -14.281 ], [ -58.2325, -14.3857 ], [ -58.3432, -14.4098 ], [ -58.7738, -14.6013 ], [ -58.9636, -14.5857 ], [ -59.0543, -14.653 ], [ -59.0936, -14.666 ], [ -59.1084, -14.6561 ], [ -59.0758, -14.6579 ], [ -59.0361, -14.6238 ], [ -59.0508, -14.5925 ], [ -59.0494, -14.5324 ], [ -59.0762, -14.5214 ], [ -59.0523, -14.3276 ], [ -59.0931, -14.274 ], [ -59.0848, -14.2593 ], [ -59.1039, -14.2295 ], [ -59.0672, -14.1673 ], [ -59.0784, -14.1394 ], [ -59.061, -14.1217 ], [ -59.0491, -14.054 ], [ -59.0376, -14.0586 ], [ -59.0446, -14.0003 ] ] ] } },
{ "type": "Feature", "properties": { "tipo": "TI", "nome": "Yanomami" }, "geometry": { "type": "MultiPolygon", "coordinates": [ [ [ [ -64.0629, 1.9156 ], [ -64.0647, 1.9196 ], [ -64.0613, 1.9146 ], [ -64.0629, 1.9156 ] ] ], [ [ [ -63.9348, 2.4569 ], [ -64.0059, 2.481 ], [ -64.0199, 2.4633 ], [ -64.0591, 2.4998 ], [ -64.0442, 2.5747 ], [ -64.0269, 2.5782 ], [ -63.9848, 2.6478 ], [ -63.9855, 2.6887 ], [ -64.0049, 2.7056 ], [ -63.9826, 2.7179 ], [ -64.0002, 2.7391 ], [ -63.9941, 2.7684 ], [ -64.0119, 2.7761 ], [ -64.0157, 2.8177 ], [ -64.0673, 2.8697 ], [ -64.0751, 2.9358 ], [ -64.1075, 2.9546 ], [ -64.1035, 2.9741 ], [ -64.1245, 2.988 ], [ -64.1309, 3.0194 ], [ -64.2196, 3.1049 ], [ -64.2264, 3.1279 ], [ -64.2167, 3.1544 ], [ -64.1806, 3.1657 ], [ -64.1553, 3.2141 ], [ -64.1574, 3.2454 ], [ -64.1165, 3.2786 ], [ -64.1138, 3.3339 ], [ -64.1486, 3.3753 ], [ -64.12, 3.4043 ], [ -64.129, 3.4447 ], [ -64.1174, 3.4689 ], [ -64.1752, 3.5046 ], [ -64.1693, 3.5503 ], [ -64.1967, 3.607 ], [ -64.24, 3.6296 ], [ -64.2434, 3.6625 ], [ -64.2747, 3.6675 ], [ -64.2858, 3.7056 ], [ -64.4149, 3.7819 ], [ -64.4574, 3.7827 ], [ -64.4767, 3.8359 ], [ -64.5114, 3.8379 ], [ -64.5327, 3.873 ], [ -64.554, 3.8671 ], [ -64.5511, 3.8872 ], [ -64.5664, 3.8984 ], [ -64.5512, 3.9256 ], [ -64.5692, 3.9206 ], [ -64.6187, 3.9505 ], [ -64.616, 3.9707 ], [ -64.6739, 4.0111 ], [ -64.676, 4.0386 ], [ -64.7314, 4.1254 ], [ -64.8026, 4.1699 ], [ -64.7925, 4.1848 ], [ -64.8159, 4.1986 ], [ -64.8217, 4.2367 ], [ -64.8041, 4.2772 ], [ -64.7523, 4.2741 ], [ -64.72, 4.2467 ], [ -64.6922, 4.2521 ], [ -64.6728, 4.2346 ], [ -64.6777, 4.1844 ], [ -64.6382, 4.1598 ], [ -64.6324, 4.1181 ], [ -64.6122, 4.111 ], [ -64.5582, 4.1018 ], [ -64.5339, 4.1177 ], [ -64.4363, 4.1163 ], [ -64.4257, 4.1351 ], [ -64.3355, 4.1264 ], [ -64.2782, 4.1452 ], [ -64.2664, 4.1274 ], [ -64.177, 4.0942 ], [ -64.1313, 4.1096 ], [ -64.0518, 3.9586 ], [ -64.0602, 3.908 ], [ -64.0414, 3.8803 ], [ -64.0256, 3.9071 ], [ -63.9978, 3.9102 ], [ -63.9629, 3.8693 ], [ -63.9296, 3.9242 ], [ -63.8518, 3.9482 ], [ -63.7959, 3.9335 ], [ -63.7572, 3.9412 ], [ -63.7131, 3.9043 ], [ -63.666, 3.9099 ], [ -63.6378, 3.9565 ], [ -63.6426, 3.9794 ], [ -63.5872, 3.9182 ], [ -63.5903, 3.886 ], [ -63.5578, 3.8875 ], [ -63.5507, 3.8638 ], [ -63.4986, 3.8403 ], [ -63.4898, 3.8747 ], [ -63.4589, 3.8585 ], [ -63.4345, 3.8652 ], [ -63.4366, 3.8842 ], [ -63.4114, 3.914 ], [ -63.451, 3.9577 ], [ -63.4257, 3.9768 ], [ -63.3923, 3.9791 ], [ -63.3339, 3.9527 ], [ -63.3038, 3.9211 ], [ -63.2179, 3.9173 ], [ -63.2329, 3.8761 ], [ -63.2217, 3.83 ], [ -63.2041, 3.811 ], [ -63.1005, 3.7914 ], [ -63.0617, 3.7371 ], [ -63.0642, 3.7028 ], [ -63.0798, 3.6925 ], [ -63.031, 3.6653 ], [ -62.9922, 3.614 ], [ -62.9605, 3.6082 ], [ -62.9299, 3.6332 ], [ -62.9181, 3.6739 ], [ -62.8973, 3.6746 ], [ -62.8377, 3.7368 ], [ -62.8025, 3.7273 ], [ -62.7512, 3.6743 ], [ -62.7365, 3.6824 ], [ -62.7269, 3.8042 ], [ -62.7719, 3.8354 ], [ -62.7533, 3.8562 ], [ -62.7886, 3.8939 ], [ -62.7831, 3.9335 ], [ -62.743, 3.9729 ], [ -62.7665, 3.9995 ], [ -62.7506, 4.0335 ], [ -62.6087, 4.0439 ], [ -62.5571, 4.0162 ], [ -62.5611, 4.0375 ], [ -62.5317, 4.0476 ], [ -62.5399, 4.079 ], [ -62.5568, 4.0795 ], [ -62.5488, 4.1097 ], [ -62.5, 4.1422 ], [ -62.4622, 4.1406 ], [ -62.4643, 4.1771 ], [ -62.4358, 4.1836 ], [ -62.3598, 4.168 ], [ -62.3279, 4.1345 ], [ -62.293, 4.1416 ], [ -62.1955, 4.1124 ], [ -62.1445, 4.0744 ], [ -62.1113, 4.0897 ], [ -62.1167, 4.1167 ], [ -62.0703, 4.1238 ], [ -62.0631, 4.1559 ], [ -62.0236, 4.1173 ], [ -62.0154, 4.0555 ], [ -62.0314, 4.0343 ], [ -62.0979, 4.0351 ], [ -62.0885, 4.012 ], [ -62.1002, 4.0013 ], [ -62.0747, 3.9654 ], [ -62.0902, 3.9467 ], [ -62.0655, 3.9143 ], [ -62.0751, 3.8863 ], [ -62.0526, 3.8868 ], [ -62.033, 3.8547 ], [ -62.0369, 3.8278 ], [ -62.0686, 3.7699 ], [ -62.0973, 3.7654 ], [ -62.1494, 3.6934 ], [ -62.1863, 3.6376 ], [ -62.1824, 3.612 ], [ -62.2356, 3.5797 ], [ -62.2509, 3.5854 ], [ -62.2581, 3.5113 ], [ -62.2224, 3.4901 ], [ -62.2167, 3.4636 ], [ -62.1561, 3.4398 ], [ -62.1802, 3.4038 ], [ -62.1373, 3.2496 ], [ -62.0908, 3.2484 ], [ -62.089, 3.2285 ], [ -62.0582, 3.2239 ], [ -62.0396, 3.1321 ], [ -61.9162, 2.9855 ], [ -61.9071, 2.8736 ], [ -61.8684, 2.8159 ], [ -61.8375, 2.6986 ], [ -61.7928, 2.6327 ], [ -61.8103, 2.556 ], [ -61.7521, 2.5071 ], [ -61.7732, 2.4874 ], [ -61.8422, 2.4772 ], [ -61.8928, 2.3925 ], [ -61.919, 2.378 ], [ -62.0171, 2.3926 ], [ -62.0346, 2.3567 ], [ -62.0171, 2.2926 ], [ -62.0418, 2.1638 ], [ -62.0208, 2.1613 ], [ -62.0239, 2.1362 ], [ -61.9744, 2.0524 ], [ -61.9276, 2.04 ], [ -61.8931, 2.002 ], [ -61.7986, 2.0434 ], [ -61.7711, 2.0236 ], [ -61.7432, 2.0405 ], [ -61.7089, 2.0231 ], [ -61.6955, 2.0493 ], [ -61.6649, 2.028 ], [ -61.6034, 2.0339 ], [ -61.5799, 2.0073 ], [ -61.5689, 2.0195 ], [ -61.5456, 1.9976 ], [ -61.5171, 1.9962 ], [ -61.4722, 2.0116 ], [ -61.499, 2.0949 ], [ -61.4765, 2.1542 ], [ -61.5124, 2.2108 ], [ -61.5075, 2.2332 ], [ -61.3548, 2.173 ], [ -61.3653, 2.1618 ], [ -61.3343, 2.0249 ], [ -61.3995, 1.9776 ], [ -61.3757, 1.9445 ], [ -61.4257, 1.8739 ], [ -61.4208, 1.8293 ], [ -61.4481, 1.8193 ], [ -61.4453, 1.7691 ], [ -61.5635, 1.7548 ], [ -61.5788, 1.8194 ], [ -61.7195, 1.7407 ], [ -61.8521, 1.7073 ], [ -61.9463, 1.5396 ], [ -62.1256, 1.3849 ], [ -62.1374, 1.381 ], [ -62.1464, 1.4055 ], [ -62.1938, 1.4049 ], [ -62.2033, 1.4212 ], [ -62.2344, 1.4136 ], [ -62.225, 1.3395 ], [ -62.2027, 1.3156 ], [ -62.2254, 1.3001 ], [ -62.2234, 1.2715 ], [ -62.1872, 1.2451 ], [ -62.1736, 1.2132 ], [ -62.1772, 1.0615 ], [ -62.1902, 1.0729 ], [ -62.1913, 1.0598 ], [ -62.2019, 1.064 ], [ -62.2098, 1.083 ], [ -62.2399, 1.0507 ], [ -62.254, 1.0731 ], [ -62.2949, 1.0624 ], [ -62.3137, 1.0998 ], [ -62.3368, 1.0921 ], [ -62.3635, 1.1112 ], [ -62.3795, 1.1005 ], [ -62.39, 1.1148 ], [ -62.3761, 1.1475 ], [ -62.3966, 1.1537 ], [ -62.3785, 1.1706 ], [ -62.4482, 1.2415 ], [ -62.6153, 1.1194 ], [ -62.6695, 0.9966 ], [ -62.6159, 0.9446 ], [ -62.6152, 0.9078 ], [ -62.6325, 0.8855 ], [ -62.6075, 0.885 ], [ -62.6017, 0.8487 ], [ -62.5851, 0.8552 ], [ -62.5916, 0.8424 ], [ -62.6849, 0.8151 ], [ -62.7562, 0.9145 ], [ -62.7919, 0.8638 ], [ -62.8547, 0.9737 ], [ -62.8933, 0.9955 ], [ -62.8578, 1.0374 ], [ -62.9152, 1.0674 ], [ -62.9335, 1.0591 ], [ -62.9484, 1.0867 ], [ -63.0022, 1.0663 ], [ -63.0677, 1.158 ], [ -63.1287, 1.2816 ], [ -63.2112, 1.3224 ], [ -63.2376, 1.3155 ], [ -63.2515, 1.3405 ], [ -63.3237, 1.286 ], [ -63.5005, 1.2288 ], [ -63.4837, 1.1831 ], [ -63.4924, 1.0944 ], [ -63.5085, 1.0847 ], [ -63.5409, 1.0777 ], [ -63.5735, 1.0964 ], [ -63.6155, 1.0962 ], [ -63.624, 1.1137 ], [ -63.709, 1.0912 ], [ -63.7757, 0.9415 ], [ -63.8386, 0.911 ], [ -63.853, 0.8854 ], [ -63.9019, 0.8891 ], [ -63.9173, 0.9427 ], [ -64.2891, 0.7836 ], [ -64.4616, 0.7812 ], [ -64.6033, 0.7123 ], [ -64.673, 0.7098 ], [ -64.8119, 0.6322 ], [ -64.9043, 0.5475 ], [ -64.9433, 0.436 ], [ -64.9757, 0.3926 ], [ -65.0168, -0.254 ], [ -64.9837, -0.2606 ], [ -64.9605, -0.3082 ], [ -64.9778, -0.3183 ], [ -65.1453, -0.318 ], [ -65.1437, -0.2684 ], [ -65.2469, -0.1638 ], [ -65.2349, -0.1231 ], [ -65.256, -0.0877 ], [ -65.248, -0.0522 ], [ -65.2816, 0.0019 ], [ -65.259, 0.1015 ], [ -65.2695, 0.3168 ], [ -65.3922, 0.2602 ], [ -65.4863, 0.2682 ], [ -65.6376, 0.2223 ], [ -65.6673, 0.2306 ], [ -65.7842, 0.2028 ], [ -66.0192, 0.2181 ], [ -66.0561, 0.1903 ], [ -66.0884, 0.058 ], [ -66.1156, 0.0366 ], [ -66.1651, 0.0767 ], [ -66.1783, 0.11 ], [ -66.245, 0.1074 ], [ -66.272, 0.1273 ], [ -66.2831, 0.1146 ], [ -66.3414, 0.1682 ], [ -66.3927, 0.179 ], [ -66.4235, 0.2318 ], [ -66.4089, 0.2449 ], [ -66.4571, 0.2707 ], [ -66.4747, 0.4302 ], [ -66.4595, 0.4804 ], [ -66.4043, 0.5208 ], [ -66.3862, 0.5002 ], [ -66.3434, 0.5024 ], [ -66.2558, 0.6146 ], [ -66.2364, 0.691 ], [ -66.2973, 0.7202 ], [ -66.3142, 0.7469 ], [ -66.1964, 0.7821 ], [ -66.1594, 0.748 ], [ -66.1305, 0.7463 ], [ -66.1079, 0.7646 ], [ -66.0768, 0.7617 ], [ -66.0656, 0.8072 ], [ -66.0101, 0.8028 ], [ -65.9764, 0.819 ], [ -65.9528, 0.8036 ], [ -65.9359, 0.887 ], [ -65.9, 0.8897 ], [ -65.8793, 0.9373 ], [ -65.7694, 0.9605 ], [ -65.7379, 1.0015 ], [ -65.6935, 0.9999 ], [ -65.6854, 0.9818 ], [ -65.6628, 1.0085 ], [ -65.6294, 0.9885 ], [ -65.6108, 1.0124 ], [ -65.6062, 0.9981 ], [ -65.5454, 0.9753 ], [ -65.5004, 0.8779 ], [ -65.5018, 0.8437 ], [ -65.526, 0.8337 ], [ -65.5915, 0.7222 ], [ -65.544, 0.6471 ], [ -65.5275, 0.6691 ], [ -65.4545, 0.6835 ], [ -65.3896, 0.7577 ], [ -65.4012, 0.8234 ], [ -65.3532, 0.8676 ], [ -65.3293, 0.9287 ], [ -65.3008, 0.9419 ], [ -65.2688, 0.9182 ], [ -65.2113, 0.9306 ], [ -65.2031, 0.9043 ], [ -65.1679, 0.943 ], [ -65.1426, 1.0056 ], [ -65.1683, 1.0151 ], [ -65.1496, 1.0531 ], [ -65.1562, 1.1251 ], [ -65.134, 1.1264 ], [ -65.1021, 1.1571 ], [ -65.0943, 1.1323 ], [ -65.0733, 1.1519 ], [ -65.0591, 1.1414 ], [ -65.0612, 1.1123 ], [ -65.0142, 1.1075 ], [ -64.9584, 1.2026 ], [ -64.9167, 1.2162 ], [ -64.9025, 1.2378 ], [ -64.8783, 1.2174 ], [ -64.8366, 1.2866 ], [ -64.8019, 1.3134 ], [ -64.7835, 1.2921 ], [ -64.7866, 1.2632 ], [ -64.7433, 1.2257 ], [ -64.6994, 1.2766 ], [ -64.6504, 1.2931 ], [ -64.6058, 1.3402 ], [ -64.5766, 1.341 ], [ -64.5774, 1.3777 ], [ -64.5504, 1.4155 ], [ -64.5235, 1.4244 ], [ -64.5256, 1.4413 ], [ -64.468, 1.4706 ], [ -64.4348, 1.4706 ], [ -64.4086, 1.5071 ], [ -64.3718, 1.524 ], [ -64.3507, 1.5174 ], [ -64.3501, 1.4992 ], [ -64.4015, 1.4251 ], [ -64.4002, 1.3948 ], [ -64.3441, 1.3551 ], [ -64.3128, 1.4438 ], [ -64.297, 1.443 ], [ -64.2613, 1.4988 ], [ -64.1949, 1.5197 ], [ -64.1677, 1.5781 ], [ -64.1156, 1.5867 ], [ -64.0539, 1.6711 ], [ -64.08, 1.7562 ], [ -64.0524, 1.809 ], [ -64.0717, 1.8552 ], [ -64.0619, 1.882 ], [ -64.0602, 1.9247 ], [ -63.9729, 1.9905 ], [ -63.8922, 1.9888 ], [ -63.8403, 1.9609 ], [ -63.8217, 1.9935 ], [ -63.7889, 1.9797 ], [ -63.754, 1.9858 ], [ -63.7387, 2.0177 ], [ -63.6977, 2.0451 ], [ -63.6922, 2.019 ], [ -63.6657, 2.0178 ], [ -63.6578, 2.0682 ], [ -63.631, 2.0725 ], [ -63.6197, 2.1036 ], [ -63.5911, 2.1235 ], [ -63.5327, 2.1327 ], [ -63.4941, 2.1121 ], [ -63.4716, 2.1421 ], [ -63.4378, 2.123 ], [ -63.3922, 2.1492 ], [ -63.396, 2.2008 ], [ -63.3725, 2.2094 ], [ -63.3791, 2.2363 ], [ -63.359, 2.2704 ], [ -63.3755, 2.3616 ], [ -63.355, 2.3872 ], [ -63.3691, 2.4008 ], [ -63.3624, 2.4188 ], [ -63.4073, 2.4355 ], [ -63.4137, 2.4545 ], [ -63.4349, 2.4357 ], [ -63.5538, 2.4215 ], [ -63.5567, 2.4506 ], [ -63.5923, 2.4572 ], [ -63.6348, 2.4396 ], [ -63.6842, 2.4418 ], [ -63.6984, 2.4597 ], [ -63.7191, 2.4433 ], [ -63.7319, 2.4539 ], [ -63.7669, 2.4414 ], [ -63.797, 2.4792 ], [ -63.8156, 2.4724 ], [ -63.8223, 2.4922 ], [ -63.8488, 2.4937 ], [ -63.8799, 2.4689 ], [ -63.9251, 2.4724 ], [ -63.9348, 2.4569 ] ] ], [ [ [ -63.6593, 2.0667 ], [ -63.6598, 2.0666 ], [ -63.6603, 2.0669 ], [ -63.6593, 2.0667 ] ] ] ] } },
{ "type": "Feature", "properties": { "tipo": "TI", "nome": "Maró" }, "geometry": { "type": "Polygon", "coordinates": [ [ [ -55.6474, -2.6762 ], [ -55.6803, -2.6881 ], [ -55.6749, -2.7137 ], [ -55.7138, -2.7204 ], [ -55.6891, -2.733 ], [ -55.6879, -2.7693 ], [ -55.7137, -2.7904 ], [ -55.6967, -2.8189 ], [ -55.8525, -2.857 ], [ -55.8744, -2.8818 ], [ -55.9745, -2.857 ], [ -55.9749, -2.8297 ], [ -55.8671, -2.6988 ], [ -55.8594, -2.7242 ], [ -55.7917, -2.719 ], [ -55.7405, -2.7002 ], [ -55.7213, -2.7097 ], [ -55.6905, -2.6758 ], [ -55.6474, -2.6762 ] ] ] } },
{ "type": "Feature", "properties": { "tipo": "TI", "nome": "Rio Gregório" }, "geometry": { "type": "Polygon", "coordinates": [ [ [ -71.8416, -8.6141 ], [ -71.9023, -8.5456 ], [ -71.8773, -8.4776 ], [ -71.8975, -8.4806 ], [ -71.9266, -8.4419 ], [ -71.873, -8.4404 ], [ -71.8592, -8.4165 ], [ -71.8114, -8.4046 ], [ -71.8209, -8.3472 ], [ -71.7529, -8.3251 ], [ -71.7508, -8.293 ], [ -71.7192, -8.2425 ], [ -71.6679, -8.2779 ], [ -71.627, -8.2737 ], [ -71.5355, -8.3395 ], [ -71.5219, -8.4035 ], [ -71.5731, -8.4295 ], [ -71.6823, -8.5394 ], [ -71.8416, -8.6141 ] ] ] } },
{ "type": "Feature", "properties": { "tipo": "TI", "nome": "Rio Formoso" }, "geometry": { "type": "Polygon", "coordinates": [ [ [ -58.0588, -14.4355 ], [ -58.0423, -14.5324 ], [ -58.0545, -14.5578 ], [ -58.0145, -14.593 ], [ -58.0771, -14.6564 ], [ -58.1119, -14.6465 ], [ -58.0702, -14.5967 ], [ -58.0994, -14.5664 ], [ -58.0889, -14.5328 ], [ -58.1175, -14.5282 ], [ -58.1563, -14.4335 ], [ -58.0845, -14.3894 ], [ -58.0588, -14.4355 ] ] ] } },
{ "type": "Feature", "properties": { "tipo": "TI", "nome": "Maraiwatsede" }, "geometry": { "type": "Polygon", "coordinates": [ [ [ -51.7012, -11.5921 ], [ -51.5899, -11.5858 ], [ -51.5809, -11.6849 ], [ -51.4199, -11.675 ], [ -51.3944, -11.8462 ], [ -51.6536, -11.8868 ], [ -51.6787, -11.9701 ], [ -51.8522, -11.9294 ], [ -51.9845, -11.7272 ], [ -51.7047, -11.7191 ], [ -51.7197, -11.6695 ], [ -51.7627, -11.6347 ], [ -51.7983, -11.623 ], [ -51.8894, -11.63 ], [ -51.9278, -11.5538 ], [ -51.8563, -11.5376 ], [ -51.8612, -11.5145 ], [ -51.7012, -11.5921 ] ] ] } },
{ "type": "Feature", "properties": { "tipo": "TI", "nome": "Pirineus de Souza" }, "geometry": { "type": "Polygon", "coordinates": [ [ [ -60.0174, -12.6837 ], [ -60.0152, -12.6821 ], [ -60.0084, -12.6858 ], [ -59.9871, -12.6827 ], [ -59.9734, -12.6878 ], [ -59.9828, -12.6706 ], [ -59.8088, -12.6865 ], [ -59.8754, -12.7894 ], [ -59.9324, -12.827 ], [ -59.9438, -12.8545 ], [ -60.047, -12.7211 ], [ -60.0174, -12.6837 ] ], [ [ -60.0166, -12.6836 ], [ -60.0167, -12.6835 ], [ -60.0167, -12.6836 ], [ -60.0166, -12.6836 ] ] ] } },
{ "type": "Feature", "properties": { "tipo": "TI", "nome": "Tanaru ( restrição de uso )" }, "geometry": { "type": "Polygon", "coordinates": [ [ [ -61.332, -12.5784 ], [ -61.3259, -12.6678 ], [ -61.3398, -12.6678 ], [ -61.3395, -12.6959 ], [ -61.4358, -12.6965 ], [ -61.4358, -12.6737 ], [ -61.4134, -12.6728 ], [ -61.4209, -12.6548 ], [ -61.362, -12.6373 ], [ -61.3622, -12.5787 ], [ -61.332, -12.5784 ] ] ] } },
{ "type": "Feature", "properties": { "tipo": "TI", "nome": "Barreirinha" }, "geometry": { "type": "MultiPolygon", "coordinates": [ [ [ [ -48.4414, -3.2639 ], [ -48.414, -3.2554 ], [ -48.4194, -3.2703 ], [ -48.4134, -3.2739 ], [ -48.4125, -3.2791 ], [ -48.4091, -3.2811 ], [ -48.3949, -3.2709 ], [ -48.3812, -3.3003 ], [ -48.43, -3.325 ], [ -48.4293, -3.2665 ], [ -48.4414, -3.2639 ] ] ], [ [ [ -48.4079, -3.2765 ], [ -48.409, -3.2805 ], [ -48.4122, -3.2785 ], [ -48.4079, -3.2765 ] ] ] ] } },
{ "type": "Feature", "properties": { "tipo": "TI", "nome": "Pimentel Barbosa" }, "geometry": { "type": "Polygon", "coordinates": [ [ [ -51.3724, -13.1356 ], [ -51.3156, -13.1647 ], [ -51.3124, -13.1809 ], [ -51.2739, -13.1847 ], [ -51.2567, -13.2083 ], [ -51.1988, -13.1698 ], [ -51.1892, -13.2041 ], [ -51.2082, -13.2205 ], [ -51.2029, -13.244 ], [ -51.2748, -13.2479 ], [ -51.2623, -13.2743 ], [ -51.2719, -13.2998 ], [ -51.3437, -13.3422 ], [ -51.3074, -13.3613 ], [ -51.3586, -13.3995 ], [ -51.3492, -13.4214 ], [ -51.3967, -13.4735 ], [ -51.4216, -13.4765 ], [ -51.4102, -13.4786 ], [ -51.4141, -13.5455 ], [ -51.4337, -13.5798 ], [ -51.458, -13.5412 ], [ -51.4923, -13.5842 ], [ -51.4732, -13.5832 ], [ -51.4705, -13.6263 ], [ -51.4857, -13.6342 ], [ -51.5231, -13.6065 ], [ -51.6026, -13.61 ], [ -51.6701, -13.6423 ], [ -51.6859, -13.669 ], [ -51.7756, -13.6961 ], [ -51.8728, -13.7699 ], [ -51.8999, -13.7776 ], [ -51.937, -13.7492 ], [ -51.9865, -13.7807 ], [ -52.0289, -13.7735 ], [ -52.0414, -13.7575 ], [ -51.9858, -13.6728 ], [ -51.9514, -13.6562 ], [ -51.8289, -13.217 ], [ -51.7072, -13.2037 ], [ -51.6337, -13.1676 ], [ -51.5724, -13.159 ], [ -51.5002, -13.1725 ], [ -51.4481, -13.1417 ], [ -51.3724, -13.1356 ] ] ] } },
{ "type": "Feature", "properties": { "tipo": "TI", "nome": "Betania" }, "geometry": { "type": "MultiPolygon", "coordinates": [ [ [ [ -67.8684, -3.3487 ], [ -67.9017, -3.2734 ], [ -67.8894, -3.2544 ], [ -67.9279, -3.1958 ], [ -67.9021, -3.1925 ], [ -67.8984, -3.2146 ], [ -67.8663, -3.2221 ], [ -67.8786, -3.2511 ], [ -67.8397, -3.2439 ], [ -67.8199, -3.3334 ], [ -67.8684, -3.3487 ] ] ], [ [ [ -68.2721, -3.0146 ], [ -68.2576, -2.9836 ], [ -68.3123, -2.9394 ], [ -68.2842, -2.9573 ], [ -68.2558, -2.9503 ], [ -68.2327, -2.975 ], [ -68.2236, -2.8934 ], [ -68.1714, -2.8561 ], [ -68.1028, -2.8458 ], [ -68.0626, -2.8713 ], [ -67.9993, -2.8479 ], [ -67.9455, -2.8769 ], [ -67.955, -2.9413 ], [ -67.9392, -2.9718 ], [ -67.9833, -2.9967 ], [ -67.9883, -3.0582 ], [ -68.0119, -3.0729 ], [ -67.9816, -3.1148 ], [ -67.9665, -3.1147 ], [ -67.9793, -3.1523 ], [ -67.9669, -3.1716 ], [ -67.9976, -3.1511 ], [ -68.0255, -3.1759 ], [ -68.04, -3.1628 ], [ -68.056, -3.1802 ], [ -68.0813, -3.1772 ], [ -68.13, -3.2156 ], [ -68.1273, -3.2308 ], [ -68.2341, -3.2268 ], [ -68.2307, -3.1068 ], [ -68.271, -3.0657 ], [ -68.2523, -3.0469 ], [ -68.22, -3.0535 ], [ -68.2081, -3.0344 ], [ -68.2586, -3.0361 ], [ -68.2721, -3.0146 ] ] ] ] } },
{ "type": "Feature", "properties": { "tipo": "TI", "nome": "Cajuhiri Atravessado" }, "geometry": { "type": "Polygon", "coordinates": [ [ [ -63.4048, -3.9131 ], [ -63.312, -3.9283 ], [ -63.3245, -3.9314 ], [ -63.3129, -3.9796 ], [ -63.3476, -3.9936 ], [ -63.3497, -4.0328 ], [ -63.426, -4.0711 ], [ -63.4091, -4.0424 ], [ -63.4245, -3.9702 ], [ -63.4007, -3.9408 ], [ -63.4048, -3.9131 ] ] ] } },
{ "type": "Feature", "properties": { "tipo": "TI", "nome": "Espírito Santo" }, "geometry": { "type": "MultiPolygon", "coordinates": [ [ [ [ -67.0642, -2.6546 ], [ -67.0389, -2.7359 ], [ -67.0004, -2.781 ], [ -67.0055, -2.7939 ], [ -66.9691, -2.7883 ], [ -66.9772, -2.8228 ], [ -67.0254, -2.8617 ], [ -67.0559, -2.8508 ], [ -67.0719, -2.8095 ], [ -67.0917, -2.8143 ], [ -67.0898, -2.8294 ], [ -67.1157, -2.8227 ], [ -67.1267, -2.8421 ], [ -67.1525, -2.84 ], [ -67.1781, -2.818 ], [ -67.1867, -2.6946 ], [ -67.0955, -2.6791 ], [ -67.1013, -2.6323 ], [ -67.0642, -2.6546 ] ] ], [ [ [ -67.1017, -2.6261 ], [ -67.0868, -2.6334 ], [ -67.0796, -2.643 ], [ -67.1017, -2.6261 ] ] ], [ [ [ -67.081, -2.626 ], [ -67.0705, -2.647 ], [ -67.0952, -2.6212 ], [ -67.081, -2.626 ] ] ] ] } },
{ "type": "Feature", "properties": { "tipo": "TI", "nome": "Guató" }, "geometry": { "type": "MultiPolygon", "coordinates": [ [ [ [ -57.7019, -17.5859 ], [ -57.7014, -17.5792 ], [ -57.7012, -17.5858 ], [ -57.7019, -17.5859 ] ] ], [ [ [ -57.712, -17.5611 ], [ -57.7097, -17.5643 ], [ -57.7107, -17.5656 ], [ -57.712, -17.5611 ] ] ], [ [ [ -57.7133, -17.5546 ], [ -57.7127, -17.5558 ], [ -57.7129, -17.5567 ], [ -57.7133, -17.5546 ] ] ], [ [ [ -57.7137, -17.5466 ], [ -57.713, -17.5488 ], [ -57.7135, -17.5498 ], [ -57.7137, -17.5466 ] ] ], [ [ [ -57.7141, -17.5425 ], [ -57.7118, -17.5437 ], [ -57.7137, -17.5457 ], [ -57.7141, -17.5425 ] ] ], [ [ [ -57.7335, -17.5346 ], [ -57.7336, -17.5347 ], [ -57.7336, -17.5346 ], [ -57.7335, -17.5346 ] ] ], [ [ [ -57.7335, -17.5346 ], [ -57.7335, -17.5345 ], [ -57.7333, -17.5345 ], [ -57.7335, -17.5346 ] ] ], [ [ [ -57.7265, -17.533 ], [ -57.728, -17.5312 ], [ -57.7264, -17.5313 ], [ -57.7265, -17.533 ] ] ], [ [ [ -57.6824, -17.7002 ], [ -57.6811, -17.7019 ], [ -57.6811, -17.7046 ], [ -57.6824, -17.7002 ] ] ], [ [ [ -57.6821, -17.6878 ], [ -57.6822, -17.6882 ], [ -57.6821, -17.6877 ], [ -57.6821, -17.6878 ] ] ], [ [ [ -57.6739, -17.6815 ], [ -57.6718, -17.681 ], [ -57.6719, -17.6821 ], [ -57.6739, -17.6815 ] ] ], [ [ [ -57.6733, -17.6738 ], [ -57.6696, -17.6724 ], [ -57.6689, -17.6734 ], [ -57.6733, -17.6738 ] ] ], [ [ [ -57.673, -17.665 ], [ -57.6751, -17.6625 ], [ -57.672, -17.6683 ], [ -57.673, -17.665 ] ] ], [ [ [ -57.679, -17.6527 ], [ -57.6776, -17.6531 ], [ -57.6773, -17.6541 ], [ -57.679, -17.6527 ] ] ], [ [ [ -57.6948, -17.6116 ], [ -57.6926, -17.6112 ], [ -57.6925, -17.6154 ], [ -57.6948, -17.6116 ] ] ] ] } },
{ "type": "Feature", "properties": { "tipo": "TI", "nome": "Inauini/Teuini" }, "geometry": { "type": "Polygon", "coordinates": [ [ [ -68.2868, -8.0882 ], [ -68.2986, -8.0915 ], [ -68.2963, -8.0739 ], [ -68.3446, -8.0057 ], [ -68.3956, -7.9825 ], [ -68.4532, -7.979 ], [ -68.4774, -7.9598 ], [ -68.5254, -7.9999 ], [ -68.5423, -8.0416 ], [ -68.6608, -8.0096 ], [ -68.6974, -7.9808 ], [ -68.8122, -7.9689 ], [ -68.7963, -7.8621 ], [ -68.7709, -7.8335 ], [ -68.7821, -7.8173 ], [ -68.7678, -7.7657 ], [ -68.7317, -7.7209 ], [ -68.633, -7.6882 ], [ -68.6102, -7.6579 ], [ -68.6141, -7.6077 ], [ -68.5756, -7.6089 ], [ -68.5004, -7.663 ], [ -68.4566, -7.6254 ], [ -68.4407, -7.5851 ], [ -68.3581, -7.6383 ], [ -68.3444, -7.6833 ], [ -68.2492, -7.7119 ], [ -68.1902, -7.8091 ], [ -68.1453, -7.7857 ], [ -68.116, -7.8013 ], [ -68.05, -7.7547 ], [ -68.0454, -7.7972 ], [ -67.9885, -7.8621 ], [ -67.9447, -7.8488 ], [ -67.85, -7.9005 ], [ -67.7758, -7.8813 ], [ -67.6711, -7.9734 ], [ -67.6017, -7.9798 ], [ -67.5576, -7.9499 ], [ -67.5774, -8.0324 ], [ -67.5461, -8.0637 ], [ -67.5793, -8.0778 ], [ -67.5503, -8.1137 ], [ -67.5859, -8.217 ], [ -67.6262, -8.2498 ], [ -67.6326, -8.2338 ], [ -67.7381, -8.2141 ], [ -68.0208, -8.0865 ], [ -68.0666, -8.0762 ], [ -68.0748, -8.0876 ], [ -68.0977, -8.0628 ], [ -68.1735, -8.1312 ], [ -68.1956, -8.1298 ], [ -68.23, -8.1722 ], [ -68.2326, -8.2105 ], [ -68.2784, -8.1623 ], [ -68.269, -8.1294 ], [ -68.2868, -8.0882 ] ] ] } },
{ "type": "Feature", "properties": { "tipo": "TI", "nome": "Inawebohona" }, "geometry": { "type": "Polygon", "coordinates": [ [ [ -50.2456, -10.8321 ], [ -50.2078, -10.7646 ], [ -50.2701, -10.7274 ], [ -50.2848, -10.6483 ], [ -50.2568, -10.5958 ], [ -50.2694, -10.5995 ], [ -50.2618, -10.5443 ], [ -50.279, -10.5142 ], [ -50.255, -10.5003 ], [ -50.2603, -10.4765 ], [ -50.2259, -10.4474 ], [ -50.2119, -10.4225 ], [ -50.2212, -10.4086 ], [ -50.1919, -10.3803 ], [ -50.2055, -10.3543 ], [ -50.1853, -10.3509 ], [ -50.2011, -10.328 ], [ -50.1897, -10.2869 ], [ -50.2022, -10.2717 ], [ -50.1958, -10.2608 ], [ -50.1975, -10.2748 ], [ -50.1848, -10.2728 ], [ -50.2046, -10.2277 ], [ -50.182, -10.2 ], [ -49.9527, -10.1978 ], [ -49.9721, -10.2196 ], [ -49.9636, -10.2596 ], [ -49.9426, -10.276 ], [ -49.9415, -10.3227 ], [ -49.9842, -10.3527 ], [ -49.9466, -10.3857 ], [ -49.9627, -10.4545 ], [ -49.9365, -10.555 ], [ -49.9408, -10.5698 ], [ -49.9597, -10.5683 ], [ -49.968, -10.5996 ], [ -49.9538, -10.6255 ], [ -49.9859, -10.675 ], [ -49.9601, -10.6937 ], [ -49.9749, -10.7137 ], [ -49.9581, -10.705 ], [ -49.9444, -10.7225 ], [ -49.9635, -10.7393 ], [ -49.9531, -10.7651 ], [ -49.978, -10.7813 ], [ -49.9531, -10.806 ], [ -49.976, -10.8153 ], [ -49.9671, -10.8425 ], [ -49.9799, -10.8678 ], [ -49.9644, -10.8708 ], [ -49.9587, -10.8936 ], [ -49.9815, -10.9 ], [ -49.968, -10.9389 ], [ -49.9896, -10.9291 ], [ -49.9963, -10.957 ], [ -49.9783, -10.9685 ], [ -49.9879, -10.9916 ], [ -49.9693, -11.0072 ], [ -49.9636, -11.0439 ], [ -49.9374, -11.0558 ], [ -49.949, -11.0981 ], [ -49.938, -11.1066 ], [ -49.9871, -11.1368 ], [ -49.9823, -11.1614 ], [ -50.3833, -11.1668 ], [ -50.3836, -10.8338 ], [ -50.2456, -10.8321 ] ] ] } },
{ "type": "Feature", "properties": { "tipo": "TI", "nome": "Kanamari do Rio Juruá" }, "geometry": { "type": "Polygon", "coordinates": [ [ [ -69.703, -7.035 ], [ -69.7263, -7.0022 ], [ -69.7106, -6.9466 ], [ -69.726, -6.8263 ], [ -69.7141, -6.8202 ], [ -69.7364, -6.7615 ], [ -69.7148, -6.7669 ], [ -69.6724, -6.6725 ], [ -69.6423, -6.6459 ], [ -69.549, -6.6159 ], [ -69.5274, -6.6264 ], [ -69.4502, -6.61 ], [ -69.4465, -6.6265 ], [ -69.3394, -6.687 ], [ -69.319, -6.7402 ], [ -69.344, -6.7573 ], [ -69.3293, -6.8444 ], [ -69.2153, -6.8224 ], [ -69.16, -6.8443 ], [ -69.1395, -6.8016 ], [ -69.0683, -6.825 ], [ -69.0103, -6.7316 ], [ -68.8838, -6.7392 ], [ -68.8369, -6.723 ], [ -68.7524, -6.7419 ], [ -68.7273, -6.7351 ], [ -68.6926, -6.6962 ], [ -68.6946, -6.6793 ], [ -68.6731, -6.6696 ], [ -68.6377, -6.6907 ], [ -68.5328, -6.6594 ], [ -68.4065, -6.6804 ], [ -68.394, -6.6658 ], [ -68.3606, -6.6693 ], [ -68.3042, -6.6474 ], [ -68.2351, -6.6746 ], [ -68.2367, -6.7177 ], [ -68.2641, -6.7307 ], [ -68.302, -6.7891 ], [ -68.3629, -6.8265 ], [ -68.4056, -6.8302 ], [ -68.4395, -6.8665 ], [ -68.416, -6.8976 ], [ -68.4452, -6.9135 ], [ -68.4921, -6.9854 ], [ -68.7706, -7.1437 ], [ -69.1058, -7.0066 ], [ -69.1539, -7.0595 ], [ -69.194, -7.0291 ], [ -69.2827, -7.0287 ], [ -69.3586, -7.0525 ], [ -69.3839, -7.0877 ], [ -69.5127, -7.1826 ], [ -69.659, -7.1907 ], [ -69.6793, -7.1607 ], [ -69.6751, -7.1223 ], [ -69.6989, -7.0935 ], [ -69.703, -7.035 ] ] ] } },
{ "type": "Feature", "properties": { "tipo": "TI", "nome": "Kanela" }, "geometry": { "type": "Polygon", "coordinates": [ [ [ -45.1055, -5.8642 ], [ -44.9952, -5.8967 ], [ -44.9952, -5.9161 ], [ -44.9561, -5.9347 ], [ -44.9372, -6.0061 ], [ -44.958, -6.097 ], [ -44.9844, -6.1297 ], [ -44.9602, -6.1772 ], [ -44.9627, -6.23 ], [ -44.9833, -6.2411 ], [ -45.0886, -6.2245 ], [ -45.1177, -6.237 ], [ -45.1397, -6.2764 ], [ -45.183, -6.2617 ], [ -45.208, -6.2284 ], [ -45.2458, -6.2189 ], [ -45.2622, -6.1885 ], [ -45.267, -6.1569 ], [ -45.233, -6.1139 ], [ -45.248, -6.0948 ], [ -45.2404, -6.052 ], [ -45.2719, -6.0293 ], [ -45.2763, -6.0039 ], [ -45.1808, -5.8803 ], [ -45.1055, -5.8642 ] ] ] } },
{ "type": "Feature", "properties": { "tipo": "TI", "nome": "Kaxinawá do Rio Humaitá" }, "geometry": { "type": "Polygon", "coordinates": [ [ [ -71.3743, -8.9073 ], [ -71.3485, -8.9308 ], [ -71.3697, -8.9787 ], [ -71.3595, -9.0007 ], [ -71.3812, -9.0684 ], [ -71.3813, -9.1361 ], [ -71.4082, -9.1472 ], [ -71.378, -9.1963 ], [ -71.4357, -9.3106 ], [ -71.4093, -9.3341 ], [ -71.4327, -9.3859 ], [ -71.4833, -9.406 ], [ -71.4817, -9.4332 ], [ -71.5192, -9.4767 ], [ -71.5316, -9.5451 ], [ -71.5593, -9.5644 ], [ -71.5914, -9.5493 ], [ -71.6036, -9.5583 ], [ -71.6725, -9.514 ], [ -71.6573, -9.4665 ], [ -71.6874, -9.4489 ], [ -71.685, -9.4339 ], [ -71.6568, -9.4137 ], [ -71.6527, -9.3596 ], [ -71.5829, -9.2614 ], [ -71.5993, -9.2222 ], [ -71.5902, -9.1783 ], [ -71.5564, -9.1299 ], [ -71.5419, -9.0646 ], [ -71.5192, -9.0614 ], [ -71.5083, -9.0111 ], [ -71.4781, -9.0031 ], [ -71.4777, -8.9619 ], [ -71.4574, -8.93 ], [ -71.3743, -8.9073 ] ] ] } },
{ "type": "Feature", "properties": { "tipo": "TI", "nome": "Kulina do Medio Jurua" }, "geometry": { "type": "Polygon", "coordinates": [ [ [ -70.1706, -7.0439 ], [ -70.0901, -7.0015 ], [ -70.0904, -7.0581 ], [ -70.0728, -7.0905 ], [ -70.0189, -7.1314 ], [ -70.0171, -7.1625 ], [ -70.1496, -7.3038 ], [ -70.4337, -7.5016 ], [ -70.6133, -7.5423 ], [ -70.591, -7.6097 ], [ -70.5484, -7.6591 ], [ -70.5637, -7.7121 ], [ -70.5754, -7.7254 ], [ -70.6324, -7.7238 ], [ -70.6858, -7.7821 ], [ -70.7254, -7.8099 ], [ -70.6999, -7.7702 ], [ -70.7209, -7.7355 ], [ -70.7844, -7.7704 ], [ -70.8771, -7.633 ], [ -70.971, -7.6592 ], [ -70.9041, -7.5039 ], [ -70.771, -7.3615 ], [ -70.7654, -7.2616 ], [ -70.7496, -7.2454 ], [ -70.773, -7.13 ], [ -70.8702, -7.1269 ], [ -70.9095, -7.1696 ], [ -71.0144, -7.203 ], [ -71.0178, -7.1708 ], [ -71.002, -7.1575 ], [ -71.0492, -7.1512 ], [ -71.1879, -7.2582 ], [ -71.2089, -7.2398 ], [ -71.1923, -7.1722 ], [ -71.2064, -7.1484 ], [ -71.1896, -7.1207 ], [ -71.2013, -7.0602 ], [ -71.2223, -7.049 ], [ -71.2146, -7.0157 ], [ -71.1817, -6.9886 ], [ -71.1791, -6.9589 ], [ -71.1399, -6.9493 ], [ -71.1343, -6.9256 ], [ -70.9986, -6.8818 ], [ -70.9571, -6.8189 ], [ -70.9278, -6.8307 ], [ -70.8978, -6.8086 ], [ -70.8592, -6.82 ], [ -70.8146, -6.7952 ], [ -70.7996, -6.8112 ], [ -70.7486, -6.8007 ], [ -70.7295, -6.81 ], [ -70.734, -6.8291 ], [ -70.6902, -6.8885 ], [ -70.6216, -6.9108 ], [ -70.6188, -6.8798 ], [ -70.5265, -6.8448 ], [ -70.4881, -6.9248 ], [ -70.3883, -6.8911 ], [ -70.3268, -6.8291 ], [ -70.2664, -6.8377 ], [ -70.2207, -6.877 ], [ -70.2145, -6.9225 ], [ -70.2348, -7.0325 ], [ -70.257, -7.043 ], [ -70.2204, -7.0586 ], [ -70.224, -7.0472 ], [ -70.1706, -7.0439 ] ] ] } },
{ "type": "Feature", "properties": { "tipo": "TI", "nome": "Kulina Igarapé do Pau" }, "geometry": { "type": "Polygon", "coordinates": [ [ [ -70.8675, -9.1934 ], [ -70.8693, -9.2863 ], [ -70.8504, -9.3592 ], [ -70.871, -9.4418 ], [ -70.9164, -9.3955 ], [ -70.9158, -9.3744 ], [ -70.9235, -9.3683 ], [ -70.958, -9.2932 ], [ -70.9643, -9.2881 ], [ -70.9875, -9.3013 ], [ -71.0044, -9.2808 ], [ -71.0349, -9.2801 ], [ -71.0973, -9.3107 ], [ -71.1813, -9.2648 ], [ -71.1705, -9.2388 ], [ -71.1258, -9.2236 ], [ -71.1072, -9.2316 ], [ -71.0838, -9.2143 ], [ -71.0494, -9.2192 ], [ -70.9812, -9.1644 ], [ -70.8675, -9.1934 ] ] ] } },
{ "type": "Feature", "properties": { "tipo": "TI", "nome": "Lago Capanã" }, "geometry": { "type": "MultiPolygon", "coordinates": [ [ [ [ -62.004, -6.042 ], [ -61.9851, -6.0605 ], [ -62.0017, -6.0702 ], [ -62.004, -6.042 ] ] ], [ [ [ -62.1727, -6.0017 ], [ -62.1857, -6.0275 ], [ -62.1782, -6.0679 ], [ -62.2214, -6.0752 ], [ -62.2895, -6.0571 ], [ -62.2179, -6.0063 ], [ -62.1727, -6.0017 ] ] ] ] } },
{ "type": "Feature", "properties": { "tipo": "TI", "nome": "Maraitá" }, "geometry": { "type": "MultiPolygon", "coordinates": [ [ [ [ -68.3535, -3.3775 ], [ -68.3546, -3.3485 ], [ -68.3063, -3.3404 ], [ -68.3059, -3.3713 ], [ -68.3535, -3.3775 ] ] ], [ [ [ -68.2849, -3.3089 ], [ -68.2962, -3.3049 ], [ -68.2771, -3.3323 ], [ -68.3422, -3.3289 ], [ -68.3128, -3.2794 ], [ -68.2849, -3.3089 ] ] ], [ [ [ -68.2846, -3.1037 ], [ -68.2399, -3.1277 ], [ -68.2312, -3.221 ], [ -68.2777, -3.3069 ], [ -68.286, -3.2795 ], [ -68.3165, -3.2668 ], [ -68.3594, -3.3267 ], [ -68.3946, -3.3444 ], [ -68.4789, -3.2082 ], [ -68.4592, -3.1594 ], [ -68.4281, -3.147 ], [ -68.4148, -3.1644 ], [ -68.419, -3.0937 ], [ -68.4042, -3.0802 ], [ -68.3801, -3.1055 ], [ -68.3804, -3.0855 ], [ -68.3547, -3.1033 ], [ -68.3535, -3.0875 ], [ -68.3109, -3.0988 ], [ -68.2847, -3.0793 ], [ -68.2846, -3.1037 ] ] ] ] } },
{ "type": "Feature", "properties": { "tipo": "TI", "nome": "Maranduba" }, "geometry": { "type": "MultiPolygon", "coordinates": [ [ [ [ -49.6873, -8.8783 ], [ -49.706, -8.8829 ], [ -49.6841, -8.8663 ], [ -49.6873, -8.8783 ] ] ], [ [ [ -49.6825, -8.8706 ], [ -49.6843, -8.8705 ], [ -49.6829, -8.8696 ], [ -49.6825, -8.8706 ] ] ], [ [ [ -49.704, -8.8687 ], [ -49.7017, -8.8537 ], [ -49.6981, -8.8561 ], [ -49.704, -8.8687 ] ] ] ] } },
{ "type": "Feature", "properties": { "tipo": "TI", "nome": "Matintin" }, "geometry": { "type": "MultiPolygon", "coordinates": [ [ [ [ -68.4564, -2.8792 ], [ -68.4235, -2.9524 ], [ -68.4298, -2.9835 ], [ -68.4468, -2.9927 ], [ -68.4557, -2.9728 ], [ -68.4813, -2.9929 ], [ -68.5269, -2.9332 ], [ -68.5146, -2.9087 ], [ -68.474, -2.915 ], [ -68.4564, -2.8792 ] ] ], [ [ [ -68.4846, -2.7813 ], [ -68.4129, -2.7897 ], [ -68.4185, -2.8415 ], [ -68.3951, -2.8906 ], [ -68.4308, -2.9162 ], [ -68.4549, -2.8758 ], [ -68.4813, -2.9106 ], [ -68.5217, -2.8934 ], [ -68.5238, -2.867 ], [ -68.4991, -2.8518 ], [ -68.5119, -2.8109 ], [ -68.4846, -2.7813 ] ] ] ] } },
{ "type": "Feature", "properties": { "tipo": "TI", "nome": "Médio Rio Negro I" }, "geometry": { "type": "MultiPolygon", "coordinates": [ [ [ [ -68.9695, -1.198 ], [ -69.0351, -1.1885 ], [ -69.0701, -1.1628 ], [ -69.0928, -1.0786 ], [ -69.137, -1.0337 ], [ -69.1528, -0.9519 ], [ -68.7741, -0.7534 ], [ -68.6765, -0.7622 ], [ -68.6381, -0.7507 ], [ -68.6004, -0.7148 ], [ -68.5447, -0.7511 ], [ -68.4258, -0.7615 ], [ -68.4042, -0.7352 ], [ -68.3616, -0.734 ], [ -68.2989, -0.6988 ], [ -68.3037, -0.6863 ], [ -68.2679, -0.684 ], [ -68.2658, -0.6668 ], [ -68.2494, -0.6765 ], [ -68.212, -0.6594 ], [ -68.1834, -0.678 ], [ -68.1815, -0.6634 ], [ -68.1486, -0.6716 ], [ -68.155, -0.6843 ], [ -68.112, -0.6797 ], [ -68.0823, -0.7031 ], [ -68.0264, -0.683 ], [ -68.037, -0.6944 ], [ -68.009, -0.693 ], [ -68.0197, -0.7066 ], [ -67.9907, -0.7119 ], [ -67.9821, -0.6848 ], [ -67.9568, -0.6834 ], [ -67.9488, -0.6633 ], [ -67.9272, -0.675 ], [ -67.8841, -0.629 ], [ -67.8296, -0.6121 ], [ -67.8234, -0.5699 ], [ -67.795, -0.5637 ], [ -67.8042, -0.554 ], [ -67.7833, -0.5338 ], [ -67.7978, -0.5335 ], [ -67.7771, -0.5159 ], [ -67.6972, -0.5309 ], [ -67.6917, -0.4975 ], [ -67.6793, -0.4963 ], [ -67.6992, -0.4903 ], [ -67.6826, -0.4728 ], [ -67.6942, -0.4718 ], [ -67.6726, -0.4704 ], [ -67.6797, -0.4476 ], [ -67.6283, -0.4133 ], [ -67.6136, -0.4252 ], [ -67.6121, -0.4069 ], [ -67.5772, -0.3954 ], [ -67.5668, -0.405 ], [ -67.5693, -0.3688 ], [ -67.5355, -0.426 ], [ -67.4862, -0.423 ], [ -67.4901, -0.3317 ], [ -67.4771, -0.311 ], [ -67.4546, -0.3442 ], [ -67.4407, -0.332 ], [ -67.4439, -0.2989 ], [ -67.4233, -0.2908 ], [ -67.4199, -0.3162 ], [ -67.3864, -0.3015 ], [ -67.3721, -0.325 ], [ -67.3447, -0.3241 ], [ -67.3395, 0.0919 ], [ -67.2884, 0.0356 ], [ -67.258, 0.0191 ], [ -67.2472, -0.0105 ], [ -67.2053, -0.0118 ], [ -67.1931, -0.0216 ], [ -67.1868, -0.0206 ], [ -67.1779, -0.0472 ], [ -67.1523, -0.0622 ], [ -67.1511, -0.0913 ], [ -67.1434, -0.1113 ], [ -67.1233, -0.129 ], [ -67.0955, -0.135 ], [ -67.0815, -0.1593 ], [ -67.0324, -0.1707 ], [ -67.0358, -0.1833 ], [ -67.0238, -0.1974 ], [ -67.0174, -0.1975 ], [ -67.0137, -0.1918 ], [ -67.0034, -0.1988 ], [ -66.9848, -0.195 ], [ -66.9452, -0.1764 ], [ -66.9448, -0.1677 ], [ -66.9034, -0.1753 ], [ -66.8945, -0.1666 ], [ -66.869, -0.183 ], [ -66.851, -0.1802 ], [ -66.7606, -0.2277 ], [ -66.7345, -0.2324 ], [ -66.7151, -0.2478 ], [ -66.6955, -0.2751 ], [ -66.633, -0.3368 ], [ -66.5866, -0.3563 ], [ -66.4378, -0.3899 ], [ -66.4037, -0.4242 ], [ -66.3427, -0.4275 ], [ -66.2961, -0.4044 ], [ -66.2887, -0.3921 ], [ -66.2557, -0.3898 ], [ -66.224, -0.3685 ], [ -66.195, -0.3201 ], [ -66.1716, -0.3084 ], [ -66.0302, -0.3368 ], [ -65.9395, -0.3324 ], [ -65.8773, -0.3052 ], [ -65.8581, -0.2625 ], [ -65.8383, -0.2541 ], [ -65.7908, -0.2589 ], [ -65.7451, -0.3143 ], [ -65.7192, -0.3267 ], [ -65.6956, -0.3113 ], [ -65.6842, -0.3225 ], [ -65.68, -0.3243 ], [ -65.6901, -0.323 ], [ -65.6936, -0.3253 ], [ -65.6916, -0.3273 ], [ -65.6859, -0.3239 ], [ -65.6676, -0.3322 ], [ -65.573, -0.3432 ], [ -65.5413, -0.3325 ], [ -65.5186, -0.3076 ], [ -65.4843, -0.3062 ], [ -65.4484, -0.3439 ], [ -65.4597, -0.3631 ], [ -65.4466, -0.3951 ], [ -65.4739, -0.4367 ], [ -65.4717, -0.4585 ], [ -65.7429, -0.416 ], [ -65.7944, -0.4499 ], [ -65.8755, -0.414 ], [ -65.9512, -0.452 ], [ -66.2767, -0.4781 ], [ -66.3671, -0.5817 ], [ -66.3944, -0.5263 ], [ -66.3905, -0.498 ], [ -66.4206, -0.4638 ], [ -66.4146, -0.4451 ], [ -66.4176, -0.4418 ], [ -66.5753, -0.5279 ], [ -66.6728, -0.6185 ], [ -66.7898, -0.683 ], [ -66.838, -0.6923 ], [ -66.8368, -0.7336 ], [ -66.8089, -0.7683 ], [ -66.8559, -0.7893 ], [ -66.8862, -0.7822 ], [ -66.949, -0.8143 ], [ -66.9792, -0.8038 ], [ -67.0182, -0.8227 ], [ -67.0145, -0.7647 ], [ -67.0487, -0.7695 ], [ -67.0842, -0.7147 ], [ -67.1097, -0.7319 ], [ -67.1135, -0.7058 ], [ -67.1243, -0.7317 ], [ -67.167, -0.7547 ], [ -67.1709, -0.7422 ], [ -67.2038, -0.7396 ], [ -67.21, -0.765 ], [ -67.2334, -0.7071 ], [ -67.2781, -0.6847 ], [ -67.2849, -0.7063 ], [ -67.304, -0.704 ], [ -67.3046, -0.7287 ], [ -67.3445, -0.7449 ], [ -67.3688, -0.7285 ], [ -67.389, -0.7647 ], [ -67.4515, -0.7566 ], [ -67.4538, -0.7675 ], [ -67.4261, -0.7751 ], [ -67.4321, -0.8109 ], [ -67.4427, -0.7972 ], [ -67.4748, -0.789 ], [ -67.4674, -0.8009 ], [ -67.4889, -0.8077 ], [ -67.4824, -0.8336 ], [ -67.5074, -0.8025 ], [ -67.5332, -0.8304 ], [ -67.5912, -0.8382 ], [ -67.5774, -0.8412 ], [ -67.5924, -0.8722 ], [ -67.6207, -0.8587 ], [ -67.6191, -0.8955 ], [ -67.6383, -0.9035 ], [ -67.6283, -0.9296 ], [ -67.6518, -0.9213 ], [ -67.6587, -0.9051 ], [ -67.6629, -0.903 ], [ -67.6649, -0.9041 ], [ -67.6683, -0.9027 ], [ -67.6715, -0.9033 ], [ -67.6654, -0.9146 ], [ -67.6845, -0.9209 ], [ -67.6918, -0.9343 ], [ -67.6737, -0.9297 ], [ -67.6833, -0.9703 ], [ -67.7153, -0.9735 ], [ -67.7444, -0.9975 ], [ -67.7328, -1.0267 ], [ -67.7678, -1.0175 ], [ -67.7627, -1.0643 ], [ -67.8057, -1.0593 ], [ -67.812, -1.1424 ], [ -67.8227, -1.1312 ], [ -67.8278, -1.1527 ], [ -67.8397, -1.1386 ], [ -67.8384, -1.1521 ], [ -67.8656, -1.1631 ], [ -67.8623, -1.1421 ], [ -67.8937, -1.1443 ], [ -67.8929, -1.1568 ], [ -67.9244, -1.1649 ], [ -67.9249, -1.1882 ], [ -67.9571, -1.1805 ], [ -67.959, -1.1999 ], [ -67.9862, -1.1997 ], [ -67.9894, -1.2158 ], [ -68.0012, -1.1991 ], [ -68.0164, -1.204 ], [ -68.0364, -1.2247 ], [ -68.0319, -1.2396 ], [ -68.0667, -1.2288 ], [ -68.1037, -1.2934 ], [ -68.119, -1.2714 ], [ -68.1207, -1.2993 ], [ -68.1477, -1.2796 ], [ -68.1863, -1.3119 ], [ -68.2244, -1.301 ], [ -68.2226, -1.3266 ], [ -68.2415, -1.3134 ], [ -68.2342, -1.3356 ], [ -68.2581, -1.3452 ], [ -68.2644, -1.3305 ], [ -68.2941, -1.3371 ], [ -68.3206, -1.3204 ], [ -68.3265, -1.3445 ], [ -68.3581, -1.3425 ], [ -68.3781, -1.3611 ], [ -68.3992, -1.334 ], [ -68.406, -1.3595 ], [ -68.4359, -1.3553 ], [ -68.4416, -1.3681 ], [ -68.4727, -1.3428 ], [ -68.4606, -1.3224 ], [ -68.5274, -1.2677 ], [ -68.5361, -1.2795 ], [ -68.5655, -1.2634 ], [ -68.5954, -1.2708 ], [ -68.6232, -1.2482 ], [ -68.6782, -1.2465 ], [ -68.6865, -1.2254 ], [ -68.7122, -1.2344 ], [ -68.7178, -1.2611 ], [ -68.7806, -1.2092 ], [ -68.8614, -1.1952 ], [ -68.9271, -1.2118 ], [ -68.9534, -1.1884 ], [ -68.9695, -1.198 ] ], [ [ -67.6825, -0.4725 ], [ -67.6826, -0.4724 ], [ -67.6826, -0.4726 ], [ -67.6825, -0.4725 ] ], [ [ -68.6797, -1.231 ], [ -68.6791, -1.2313 ], [ -68.679, -1.2312 ], [ -68.6797, -1.231 ] ], [ [ -68.8865, -1.1976 ], [ -68.8866, -1.1977 ], [ -68.8865, -1.1977 ], [ -68.8865, -1.1976 ] ], [ [ -68.9418, -1.1967 ], [ -68.9416, -1.1967 ], [ -68.9415, -1.1964 ], [ -68.9418, -1.1967 ] ] ], [ [ [ -67.1482, -0.087 ], [ -67.1449, -0.0898 ], [ -67.1448, -0.0906 ], [ -67.1476, -0.0898 ], [ -67.1484, -0.0881 ], [ -67.1482, -0.087 ] ] ], [ [ [ -67.1413, -0.085 ], [ -67.1475, -0.0858 ], [ -67.1462, -0.0821 ], [ -67.1413, -0.085 ] ] ], [ [ [ -67.1504, -0.0868 ], [ -67.1499, -0.0839 ], [ -67.1501, -0.0875 ], [ -67.1504, -0.0868 ] ] ], [ [ [ -67.1401, -0.0765 ], [ -67.1438, -0.0798 ], [ -67.1449, -0.0716 ], [ -67.1401, -0.0765 ] ] ], [ [ [ -67.1482, -0.0779 ], [ -67.15, -0.0755 ], [ -67.1491, -0.0746 ], [ -67.1482, -0.0779 ] ] ], [ [ [ -67.1474, -0.0758 ], [ -67.1484, -0.0732 ], [ -67.1481, -0.0711 ], [ -67.1474, -0.0758 ] ] ], [ [ [ -67.1458, -0.0726 ], [ -67.1456, -0.0711 ], [ -67.1451, -0.0712 ], [ -67.1458, -0.0726 ] ] ], [ [ [ -67.1702, -0.0489 ], [ -67.1718, -0.0478 ], [ -67.1707, -0.0471 ], [ -67.1702, -0.0489 ] ] ], [ [ [ -67.1624, -0.0488 ], [ -67.1627, -0.0471 ], [ -67.1615, -0.0474 ], [ -67.1624, -0.0488 ] ] ], [ [ [ -67.172, -0.0444 ], [ -67.1733, -0.0461 ], [ -67.1734, -0.0437 ], [ -67.172, -0.0444 ] ] ], [ [ [ -67.1643, -0.0464 ], [ -67.1702, -0.044 ], [ -67.1626, -0.0459 ], [ -67.1643, -0.0464 ] ] ], [ [ [ -67.1716, -0.0403 ], [ -67.1703, -0.041 ], [ -67.1718, -0.0408 ], [ -67.1716, -0.0403 ] ] ], [ [ [ -67.1588, -0.0353 ], [ -67.1566, -0.0341 ], [ -67.1561, -0.0364 ], [ -67.1588, -0.0353 ] ] ], [ [ [ -67.1701, -0.033 ], [ -67.1681, -0.0318 ], [ -67.1693, -0.0339 ], [ -67.1701, -0.033 ] ] ], [ [ [ -67.168, -0.0262 ], [ -67.1663, -0.0229 ], [ -67.1661, -0.0273 ], [ -67.168, -0.0262 ] ] ], [ [ [ -67.1712, -0.0243 ], [ -67.1743, -0.0249 ], [ -67.1735, -0.0219 ], [ -67.1712, -0.0243 ] ] ], [ [ [ -67.1913, -0.0197 ], [ -67.1928, -0.0198 ], [ -67.1912, -0.0194 ], [ -67.1913, -0.0197 ] ] ], [ [ [ -67.1881, -0.0147 ], [ -67.1878, -0.0138 ], [ -67.1868, -0.0145 ], [ -67.1881, -0.0147 ] ] ], [ [ [ -67.2239, -0.0073 ], [ -67.2196, -0.0097 ], [ -67.2261, -0.0084 ], [ -67.2239, -0.0073 ] ] ], [ [ [ -67.1961, -0.0075 ], [ -67.1966, -0.0084 ], [ -67.1967, -0.0078 ], [ -67.1961, -0.0075 ] ] ], [ [ [ -67.2312, -0.0091 ], [ -67.23, -0.0053 ], [ -67.2268, -0.007 ], [ -67.2312, -0.0091 ] ] ], [ [ [ -67.2101, -0.004 ], [ -67.2125, -0.0041 ], [ -67.2128, -0.0037 ], [ -67.2101, -0.004 ] ] ], [ [ [ -67.2311, -0.0034 ], [ -67.2352, -0.0025 ], [ -67.2299, -0.0022 ], [ -67.2311, -0.0034 ] ] ], [ [ [ -67.2412, -0.0013 ], [ -67.246, 0.0052 ], [ -67.2401, -0.0015 ], [ -67.2412, -0.0013 ] ] ], [ [ [ -67.2501, 0.0209 ], [ -67.2526, 0.0222 ], [ -67.2499, 0.021 ], [ -67.2501, 0.0209 ] ] ], [ [ [ -67.2712, 0.0301 ], [ -67.2726, 0.0287 ], [ -67.2735, 0.0308 ], [ -67.2712, 0.0301 ] ] ], [ [ [ -67.2749, 0.0398 ], [ -67.2726, 0.0335 ], [ -67.2773, 0.0378 ], [ -67.2749, 0.0398 ] ] ], [ [ [ -67.2866, 0.0368 ], [ -67.2875, 0.0376 ], [ -67.286, 0.0375 ], [ -67.2866, 0.0368 ] ] ], [ [ [ -67.2812, 0.0366 ], [ -67.2823, 0.0376 ], [ -67.2816, 0.0381 ], [ -67.2812, 0.0366 ] ] ], [ [ [ -67.2699, 0.0412 ], [ -67.268, 0.0404 ], [ -67.2694, 0.038 ], [ -67.2699, 0.0412 ] ] ], [ [ [ -67.2722, 0.0462 ], [ -67.2683, 0.0493 ], [ -67.2705, 0.043 ], [ -67.2722, 0.0462 ] ] ], [ [ [ -67.2899, 0.0461 ], [ -67.2912, 0.0461 ], [ -67.2904, 0.0478 ], [ -67.2899, 0.0461 ] ] ], [ [ [ -67.3011, 0.0519 ], [ -67.3016, 0.0528 ], [ -67.3009, 0.0527 ], [ -67.3011, 0.0519 ] ] ], [ [ [ -67.297, 0.0532 ], [ -67.2955, 0.0537 ], [ -67.2957, 0.0524 ], [ -67.297, 0.0532 ] ] ], [ [ [ -67.3222, 0.11 ], [ -67.2725, 0.0722 ], [ -67.2807, 0.0413 ], [ -67.3358, 0.0985 ], [ -67.3222, 0.11 ] ] ], [ [ [ -67.2897, 0.0861 ], [ -67.2908, 0.0867 ], [ -67.2897, 0.0865 ], [ -67.2897, 0.0861 ] ] ], [ [ [ -67.2811, 0.0875 ], [ -67.2902, 0.0901 ], [ -67.29, 0.0923 ], [ -67.2811, 0.0875 ] ] ], [ [ [ -67.3355, 0.0967 ], [ -67.3334, 0.0954 ], [ -67.3373, 0.096 ], [ -67.3355, 0.0967 ] ] ], [ [ [ -67.2903, 0.0927 ], [ -67.2985, 0.0975 ], [ -67.3009, 0.1019 ], [ -67.2903, 0.0927 ] ] ], [ [ [ -67.3099, 0.1055 ], [ -67.3104, 0.1047 ], [ -67.3104, 0.1055 ], [ -67.3099, 0.1055 ] ] ], [ [ [ -67.3166, 0.1134 ], [ -67.3155, 0.1098 ], [ -67.3173, 0.1132 ], [ -67.3166, 0.1134 ] ] ], [ [ [ -67.314, 0.1148 ], [ -67.3103, 0.1146 ], [ -67.3104, 0.1122 ], [ -67.314, 0.1148 ] ] ], [ [ [ -67.0033, -0.1959 ], [ -67.0041, -0.1968 ], [ -67.0044, -0.1961 ], [ -67.0033, -0.1959 ] ] ], [ [ [ -67.0197, -0.1957 ], [ -67.0191, -0.1938 ], [ -67.0179, -0.1943 ], [ -67.0197, -0.1957 ] ] ], [ [ [ -66.9874, -0.1945 ], [ -66.9863, -0.1927 ], [ -66.9861, -0.193 ], [ -66.9874, -0.1945 ] ] ], [ [ [ -66.9842, -0.1943 ], [ -66.9853, -0.1933 ], [ -66.9836, -0.1925 ], [ -66.9842, -0.1943 ] ] ], [ [ [ -66.9987, -0.1937 ], [ -67.0009, -0.1929 ], [ -66.9977, -0.1927 ], [ -66.9987, -0.1937 ] ] ], [ [ [ -66.9874, -0.1906 ], [ -66.9843, -0.1893 ], [ -66.9881, -0.1916 ], [ -66.9874, -0.1906 ] ] ], [ [ [ -66.9823, -0.1888 ], [ -66.9802, -0.1911 ], [ -66.9842, -0.1917 ], [ -66.9823, -0.1888 ] ] ], [ [ [ -67.0258, -0.1877 ], [ -67.026, -0.1889 ], [ -67.0265, -0.1882 ], [ -67.0258, -0.1877 ] ] ], [ [ [ -67.0148, -0.1864 ], [ -67.0132, -0.1884 ], [ -67.0154, -0.1886 ], [ -67.0148, -0.1864 ] ] ], [ [ [ -66.9764, -0.1845 ], [ -66.9776, -0.188 ], [ -66.9789, -0.1881 ], [ -66.9764, -0.1845 ] ] ], [ [ [ -67.0184, -0.1866 ], [ -67.0189, -0.1849 ], [ -67.017, -0.1853 ], [ -67.0184, -0.1866 ] ] ], [ [ [ -67.0284, -0.1842 ], [ -67.0258, -0.1835 ], [ -67.0265, -0.1858 ], [ -67.0284, -0.1842 ] ] ], [ [ [ -66.9703, -0.1833 ], [ -66.9694, -0.1828 ], [ -66.9696, -0.1834 ], [ -66.9703, -0.1833 ] ] ], [ [ [ -67.032, -0.1818 ], [ -67.031, -0.1826 ], [ -67.0318, -0.1825 ], [ -67.032, -0.1818 ] ] ], [ [ [ -67.033, -0.1818 ], [ -67.0318, -0.1808 ], [ -67.0321, -0.1816 ], [ -67.033, -0.1818 ] ] ], [ [ [ -67.0256, -0.176 ], [ -67.0218, -0.176 ], [ -67.0239, -0.1819 ], [ -67.0256, -0.176 ] ] ], [ [ [ -66.9683, -0.1773 ], [ -66.9686, -0.1785 ], [ -66.9697, -0.1774 ], [ -66.9683, -0.1773 ] ] ], [ [ [ -66.9607, -0.1773 ], [ -66.9609, -0.1765 ], [ -66.9599, -0.1767 ], [ -66.9607, -0.1773 ] ] ], [ [ [ -67.0232, -0.1734 ], [ -67.0221, -0.1736 ], [ -67.0231, -0.1742 ], [ -67.0232, -0.1734 ] ] ], [ [ [ -67.0299, -0.1651 ], [ -67.0271, -0.1645 ], [ -67.0278, -0.1658 ], [ -67.0299, -0.1651 ] ] ], [ [ [ -67.0372, -0.1611 ], [ -67.0342, -0.1604 ], [ -67.0344, -0.1618 ], [ -67.0372, -0.1611 ] ] ], [ [ [ -67.0522, -0.1576 ], [ -67.0502, -0.1547 ], [ -67.048, -0.1593 ], [ -67.0522, -0.1576 ] ] ], [ [ [ -67.064, -0.1557 ], [ -67.0646, -0.1544 ], [ -67.0634, -0.1556 ], [ -67.064, -0.1557 ] ] ], [ [ [ -67.055, -0.1547 ], [ -67.054, -0.1542 ], [ -67.054, -0.1547 ], [ -67.055, -0.1547 ] ] ], [ [ [ -67.0668, -0.153 ], [ -67.0616, -0.1536 ], [ -67.0602, -0.155 ], [ -67.0668, -0.153 ] ] ], [ [ [ -67.07, -0.1418 ], [ -67.0709, -0.1419 ], [ -67.0725, -0.1413 ], [ -67.07, -0.1418 ] ] ], [ [ [ -67.0865, -0.1385 ], [ -67.0853, -0.1396 ], [ -67.087, -0.1395 ], [ -67.0865, -0.1385 ] ] ], [ [ [ -67.1261, -0.1201 ], [ -67.1228, -0.1198 ], [ -67.1243, -0.122 ], [ -67.1261, -0.1201 ] ] ], [ [ [ -67.134, -0.1143 ], [ -67.1353, -0.114 ], [ -67.1354, -0.1135 ], [ -67.134, -0.1143 ] ] ], [ [ [ -67.1397, -0.1127 ], [ -67.1369, -0.11 ], [ -67.1355, -0.1124 ], [ -67.1397, -0.1127 ] ] ], [ [ [ -67.1415, -0.1093 ], [ -67.142, -0.11 ], [ -67.1421, -0.1092 ], [ -67.1415, -0.1093 ] ] ], [ [ [ -67.1331, -0.1091 ], [ -67.1331, -0.11 ], [ -67.1335, -0.1097 ], [ -67.1331, -0.1091 ] ] ], [ [ [ -67.1388, -0.1072 ], [ -67.1379, -0.1068 ], [ -67.1379, -0.1073 ], [ -67.1388, -0.1072 ] ] ], [ [ [ -67.1421, -0.1053 ], [ -67.1393, -0.1058 ], [ -67.1409, -0.1069 ], [ -67.1421, -0.1053 ] ] ], [ [ [ -67.1423, -0.1018 ], [ -67.1405, -0.1024 ], [ -67.1433, -0.1046 ], [ -67.1423, -0.1018 ] ] ], [ [ [ -67.1348, -0.0959 ], [ -67.1358, -0.0965 ], [ -67.1354, -0.0948 ], [ -67.1348, -0.0959 ] ] ], [ [ [ -67.1391, -0.0953 ], [ -67.1378, -0.0957 ], [ -67.1392, -0.097 ], [ -67.1391, -0.0953 ] ] ], [ [ [ -67.1414, -0.0929 ], [ -67.1401, -0.0937 ], [ -67.141, -0.0942 ], [ -67.1414, -0.0929 ] ] ], [ [ [ -67.1305, -0.0916 ], [ -67.127, -0.0896 ], [ -67.1285, -0.0943 ], [ -67.1305, -0.0916 ] ] ], [ [ [ -67.1399, -0.0916 ], [ -67.1421, -0.0905 ], [ -67.1402, -0.0902 ], [ -67.1399, -0.0916 ] ] ], [ [ [ -67.1346, -0.0879 ], [ -67.1323, -0.0875 ], [ -67.1329, -0.0918 ], [ -67.1346, -0.0879 ] ] ], [ [ [ -67.1296, -0.0767 ], [ -67.1314, -0.0772 ], [ -67.1316, -0.0746 ], [ -67.1296, -0.0767 ] ] ], [ [ [ -66.7252, -0.2297 ], [ -66.7299, -0.2244 ], [ -66.7249, -0.2296 ], [ -66.7252, -0.2297 ] ] ], [ [ [ -66.7497, -0.225 ], [ -66.7496, -0.222 ], [ -66.7456, -0.2254 ], [ -66.7497, -0.225 ] ] ], [ [ [ -66.7656, -0.2178 ], [ -66.7604, -0.2273 ], [ -66.7694, -0.2195 ], [ -66.7656, -0.2178 ] ] ], [ [ [ -66.7314, -0.2199 ], [ -66.7283, -0.2209 ], [ -66.7264, -0.2229 ], [ -66.7314, -0.2199 ] ] ], [ [ [ -66.7324, -0.2246 ], [ -66.7615, -0.2064 ], [ -66.742, -0.2142 ], [ -66.7324, -0.2246 ] ] ], [ [ [ -66.765, -0.2148 ], [ -66.7658, -0.2138 ], [ -66.763, -0.2147 ], [ -66.765, -0.2148 ] ] ], [ [ [ -66.7465, -0.211 ], [ -66.7462, -0.2124 ], [ -66.7478, -0.2113 ], [ -66.7465, -0.211 ] ] ], [ [ [ -66.7374, -0.2115 ], [ -66.7388, -0.2083 ], [ -66.7352, -0.2128 ], [ -66.7374, -0.2115 ] ] ], [ [ [ -66.7632, -0.2077 ], [ -66.766, -0.205 ], [ -66.7619, -0.206 ], [ -66.7632, -0.2077 ] ] ], [ [ [ -66.7517, -0.2059 ], [ -66.7518, -0.2051 ], [ -66.751, -0.2061 ], [ -66.7517, -0.2059 ] ] ], [ [ [ -66.7663, -0.2028 ], [ -66.7661, -0.2015 ], [ -66.7627, -0.2036 ], [ -66.7663, -0.2028 ] ] ], [ [ [ -66.8382, -0.1856 ], [ -66.8413, -0.1842 ], [ -66.8381, -0.1851 ], [ -66.8382, -0.1856 ] ] ], [ [ [ -66.8583, -0.1794 ], [ -66.8654, -0.1817 ], [ -66.867, -0.1807 ], [ -66.8583, -0.1794 ] ] ], [ [ [ -66.8522, -0.1801 ], [ -66.8532, -0.1797 ], [ -66.8519, -0.1797 ], [ -66.8522, -0.1801 ] ] ], [ [ [ -66.8577, -0.1782 ], [ -66.8569, -0.178 ], [ -66.8575, -0.1789 ], [ -66.8577, -0.1782 ] ] ], [ [ [ -66.8501, -0.1778 ], [ -66.8508, -0.1767 ], [ -66.8497, -0.1777 ], [ -66.8501, -0.1778 ] ] ], [ [ [ -66.8535, -0.1765 ], [ -66.853, -0.1773 ], [ -66.8539, -0.1772 ], [ -66.8535, -0.1765 ] ] ], [ [ [ -66.9567, -0.1756 ], [ -66.9589, -0.1759 ], [ -66.957, -0.1745 ], [ -66.9567, -0.1756 ] ] ], [ [ [ -66.9535, -0.1736 ], [ -66.953, -0.1746 ], [ -66.9535, -0.1747 ], [ -66.9535, -0.1736 ] ] ], [ [ [ -66.9481, -0.172 ], [ -66.9507, -0.1737 ], [ -66.9517, -0.1726 ], [ -66.9481, -0.172 ] ] ], [ [ [ -66.9559, -0.1702 ], [ -66.9582, -0.1681 ], [ -66.9547, -0.1678 ], [ -66.9559, -0.1702 ] ] ], [ [ [ -66.9489, -0.1704 ], [ -66.9503, -0.1694 ], [ -66.949, -0.169 ], [ -66.9489, -0.1704 ] ] ], [ [ [ -66.873, -0.1723 ], [ -66.8812, -0.1668 ], [ -66.8722, -0.1699 ], [ -66.873, -0.1723 ] ] ], [ [ [ -66.9164, -0.1654 ], [ -66.9023, -0.1731 ], [ -66.9186, -0.1666 ], [ -66.9164, -0.1654 ] ] ], [ [ [ -66.8628, -0.1738 ], [ -66.8734, -0.1644 ], [ -66.8532, -0.1724 ], [ -66.8628, -0.1738 ] ] ], [ [ [ -66.9531, -0.1669 ], [ -66.9523, -0.1681 ], [ -66.954, -0.1681 ], [ -66.9531, -0.1669 ] ] ], [ [ [ -66.9571, -0.1654 ], [ -66.9579, -0.1661 ], [ -66.958, -0.1659 ], [ -66.9571, -0.1654 ] ] ], [ [ [ -66.9039, -0.1667 ], [ -66.905, -0.1641 ], [ -66.9008, -0.1666 ], [ -66.9039, -0.1667 ] ] ], [ [ [ -66.9537, -0.1654 ], [ -66.9553, -0.1658 ], [ -66.9538, -0.1649 ], [ -66.9537, -0.1654 ] ] ], [ [ [ -66.9385, -0.1653 ], [ -66.9403, -0.1645 ], [ -66.9377, -0.1643 ], [ -66.9385, -0.1653 ] ] ], [ [ [ -66.8662, -0.1623 ], [ -66.8629, -0.1668 ], [ -66.867, -0.1625 ], [ -66.8662, -0.1623 ] ] ], [ [ [ -66.9567, -0.1647 ], [ -66.9551, -0.1635 ], [ -66.9549, -0.1638 ], [ -66.9567, -0.1647 ] ] ], [ [ [ -66.9286, -0.1636 ], [ -66.9296, -0.1645 ], [ -66.9307, -0.1635 ], [ -66.9286, -0.1636 ] ] ], [ [ [ -66.9376, -0.1634 ], [ -66.9388, -0.1629 ], [ -66.9374, -0.1625 ], [ -66.9376, -0.1634 ] ] ], [ [ [ -66.947, -0.1626 ], [ -66.9487, -0.1632 ], [ -66.9488, -0.1629 ], [ -66.947, -0.1626 ] ] ], [ [ [ -66.9072, -0.1644 ], [ -66.908, -0.1596 ], [ -66.8985, -0.1655 ], [ -66.9028, -0.1631 ], [ -66.9072, -0.1644 ] ] ], [ [ [ -66.9349, -0.1627 ], [ -66.9334, -0.1628 ], [ -66.9333, -0.1631 ], [ -66.9349, -0.1627 ] ] ], [ [ [ -66.9564, -0.1615 ], [ -66.9553, -0.1624 ], [ -66.9564, -0.1624 ], [ -66.9564, -0.1615 ] ] ], [ [ [ -66.9277, -0.1611 ], [ -66.9269, -0.1624 ], [ -66.9284, -0.1616 ], [ -66.9277, -0.1611 ] ] ], [ [ [ -66.8696, -0.1602 ], [ -66.8716, -0.1625 ], [ -66.8724, -0.1595 ], [ -66.8696, -0.1602 ] ] ], [ [ [ -66.9304, -0.1594 ], [ -66.909, -0.1463 ], [ -66.8753, -0.1625 ], [ -66.9121, -0.1552 ], [ -66.9304, -0.1594 ] ] ], [ [ [ -66.924, -0.1507 ], [ -66.9233, -0.1492 ], [ -66.9222, -0.1505 ], [ -66.924, -0.1507 ] ] ], [ [ [ -66.8876, -0.1482 ], [ -66.8969, -0.1453 ], [ -66.9057, -0.1401 ], [ -66.8949, -0.1397 ], [ -66.8876, -0.1482 ] ] ], [ [ [ -66.3441, -0.4257 ], [ -66.3454, -0.4228 ], [ -66.3405, -0.4224 ], [ -66.3441, -0.4257 ] ] ], [ [ [ -66.2962, -0.3967 ], [ -66.295, -0.3986 ], [ -66.2963, -0.3988 ], [ -66.2962, -0.3967 ] ] ], [ [ [ -66.2676, -0.3847 ], [ -66.267, -0.3862 ], [ -66.2684, -0.3855 ], [ -66.2676, -0.3847 ] ] ], [ [ [ -66.3972, -0.4087 ], [ -66.4457, -0.3745 ], [ -66.3741, -0.3589 ], [ -66.3116, -0.3801 ], [ -66.2918, -0.3818 ], [ -66.3576, -0.4089 ], [ -66.3972, -0.4087 ] ] ], [ [ [ -66.2596, -0.3829 ], [ -66.2639, -0.3849 ], [ -66.264, -0.3834 ], [ -66.2596, -0.3829 ] ] ], [ [ [ -66.4466, -0.3848 ], [ -66.4669, -0.3809 ], [ -66.4774, -0.376 ], [ -66.4466, -0.3848 ] ] ], [ [ [ -66.2696, -0.376 ], [ -66.2764, -0.3758 ], [ -66.273, -0.3739 ], [ -66.2696, -0.376 ] ] ], [ [ [ -66.3123, -0.3762 ], [ -66.3084, -0.3721 ], [ -66.3002, -0.3755 ], [ -66.3123, -0.3762 ] ] ], [ [ [ -66.2496, -0.3728 ], [ -66.2539, -0.3718 ], [ -66.2482, -0.3674 ], [ -66.2496, -0.3728 ] ] ], [ [ [ -66.4924, -0.3724 ], [ -66.5029, -0.3672 ], [ -66.4894, -0.3721 ], [ -66.4924, -0.3724 ] ] ], [ [ [ -66.2505, -0.3585 ], [ -66.2599, -0.3722 ], [ -66.2665, -0.3739 ], [ -66.2505, -0.3585 ] ] ], [ [ [ -66.2235, -0.3611 ], [ -66.2308, -0.3677 ], [ -66.2238, -0.3538 ], [ -66.2235, -0.3611 ] ] ], [ [ [ -66.2348, -0.363 ], [ -66.2367, -0.3523 ], [ -66.2296, -0.3488 ], [ -66.2348, -0.363 ] ] ], [ [ [ -66.5584, -0.3498 ], [ -66.5684, -0.3459 ], [ -66.5557, -0.3496 ], [ -66.5584, -0.3498 ] ] ], [ [ [ -66.5772, -0.3487 ], [ -66.5825, -0.3455 ], [ -66.5752, -0.3479 ], [ -66.5772, -0.3487 ] ] ], [ [ [ -66.6284, -0.3384 ], [ -66.6314, -0.3349 ], [ -66.6272, -0.3387 ], [ -66.6284, -0.3384 ] ] ], [ [ [ -66.0582, -0.3288 ], [ -66.0579, -0.3305 ], [ -66.0605, -0.3291 ], [ -66.0582, -0.3288 ] ] ], [ [ [ -65.981, -0.3295 ], [ -65.9798, -0.3288 ], [ -65.9772, -0.3295 ], [ -65.981, -0.3295 ] ] ], [ [ [ -66.6071, -0.3322 ], [ -66.6079, -0.3223 ], [ -66.5933, -0.3358 ], [ -66.6071, -0.3322 ] ] ], [ [ [ -66.0046, -0.3219 ], [ -66.0025, -0.3279 ], [ -66.0215, -0.3223 ], [ -66.0046, -0.3219 ] ] ], [ [ [ -66.6324, -0.3274 ], [ -66.6406, -0.3224 ], [ -66.6417, -0.3178 ], [ -66.6324, -0.3274 ] ] ], [ [ [ -65.9724, -0.3199 ], [ -65.9771, -0.3201 ], [ -65.9777, -0.3185 ], [ -65.9724, -0.3199 ] ] ], [ [ [ -65.981, -0.3177 ], [ -65.9832, -0.3183 ], [ -65.9832, -0.3175 ], [ -65.981, -0.3177 ] ] ], [ [ [ -65.9789, -0.3172 ], [ -65.9787, -0.3178 ], [ -65.9798, -0.3175 ], [ -65.9789, -0.3172 ] ] ], [ [ [ -65.9795, -0.3157 ], [ -65.979, -0.3165 ], [ -65.9801, -0.3166 ], [ -65.9795, -0.3157 ] ] ], [ [ [ -65.9951, -0.3144 ], [ -65.9936, -0.3148 ], [ -65.9955, -0.3148 ], [ -65.9951, -0.3144 ] ] ], [ [ [ -65.982, -0.3153 ], [ -65.9844, -0.3141 ], [ -65.9833, -0.3129 ], [ -65.982, -0.3153 ] ] ], [ [ [ -66.0848, -0.3134 ], [ -66.0845, -0.3149 ], [ -66.0867, -0.3142 ], [ -66.0848, -0.3134 ] ] ], [ [ [ -66.0839, -0.3127 ], [ -66.0912, -0.3106 ], [ -66.0793, -0.3132 ], [ -66.0808, -0.314 ], [ -66.0839, -0.3127 ] ] ], [ [ [ -65.9837, -0.309 ], [ -65.9857, -0.311 ], [ -65.9869, -0.311 ], [ -65.9837, -0.309 ] ] ], [ [ [ -66.0515, -0.3082 ], [ -66.0505, -0.3111 ], [ -66.053, -0.3089 ], [ -66.0515, -0.3082 ] ] ], [ [ [ -66.0692, -0.3057 ], [ -66.0636, -0.31 ], [ -66.0791, -0.306 ], [ -66.0692, -0.3057 ] ] ], [ [ [ -66.0395, -0.3029 ], [ -66.0309, -0.3039 ], [ -66.0309, -0.3041 ], [ -66.0395, -0.3029 ] ] ], [ [ [ -66.0908, -0.2766 ], [ -66.0606, -0.2969 ], [ -66.1113, -0.2876 ], [ -66.0908, -0.2766 ] ] ], [ [ [ -66.0955, -0.2759 ], [ -66.1061, -0.2793 ], [ -66.1069, -0.2792 ], [ -66.1042, -0.2756 ], [ -66.0955, -0.2759 ] ] ], [ [ [ -66.695, -0.268 ], [ -66.691, -0.2761 ], [ -66.6967, -0.267 ], [ -66.695, -0.268 ] ] ], [ [ [ -66.6977, -0.2653 ], [ -66.697, -0.2643 ], [ -66.6969, -0.2648 ], [ -66.6977, -0.2653 ] ] ], [ [ [ -66.6968, -0.2623 ], [ -66.6999, -0.2622 ], [ -66.7001, -0.2602 ], [ -66.6968, -0.2623 ] ] ], [ [ [ -66.7011, -0.2608 ], [ -66.7007, -0.2594 ], [ -66.7005, -0.2608 ], [ -66.7011, -0.2608 ] ] ], [ [ [ -66.701, -0.2574 ], [ -66.6989, -0.258 ], [ -66.6989, -0.2584 ], [ -66.701, -0.2574 ] ] ], [ [ [ -66.6962, -0.2588 ], [ -66.7026, -0.2553 ], [ -66.7055, -0.2524 ], [ -66.6993, -0.2532 ], [ -66.6962, -0.2588 ] ] ], [ [ [ -66.7058, -0.2483 ], [ -66.7094, -0.2485 ], [ -66.7102, -0.2466 ], [ -66.7058, -0.2483 ] ] ], [ [ [ -66.7211, -0.2407 ], [ -66.7258, -0.238 ], [ -66.7265, -0.237 ], [ -66.7211, -0.2407 ] ] ], [ [ [ -65.954, -0.3327 ], [ -65.953, -0.3319 ], [ -65.9527, -0.3325 ], [ -65.954, -0.3327 ] ] ], [ [ [ -65.9704, -0.3324 ], [ -65.966, -0.3317 ], [ -65.9636, -0.3323 ], [ -65.9704, -0.3324 ] ] ], [ [ [ -65.9506, -0.3316 ], [ -65.9514, -0.3308 ], [ -65.9506, -0.3312 ], [ -65.9506, -0.3316 ] ] ], [ [ [ -65.9554, -0.3303 ], [ -65.9545, -0.3313 ], [ -65.956, -0.331 ], [ -65.9554, -0.3303 ] ] ], [ [ [ -65.9405, -0.3303 ], [ -65.94, -0.3304 ], [ -65.9411, -0.3306 ], [ -65.9405, -0.3303 ] ] ], [ [ [ -65.9437, -0.3303 ], [ -65.9442, -0.3299 ], [ -65.9437, -0.3299 ], [ -65.9437, -0.3303 ] ] ], [ [ [ -65.9588, -0.3292 ], [ -65.9587, -0.3269 ], [ -65.9517, -0.326 ], [ -65.9588, -0.3292 ] ] ], [ [ [ -65.9636, -0.3268 ], [ -65.9669, -0.3276 ], [ -65.9675, -0.3265 ], [ -65.9636, -0.3268 ] ] ], [ [ [ -65.9517, -0.3279 ], [ -65.9385, -0.3226 ], [ -65.939, -0.3289 ], [ -65.9517, -0.3279 ] ] ], [ [ [ -65.9237, -0.3193 ], [ -65.9247, -0.3192 ], [ -65.9236, -0.3188 ], [ -65.9237, -0.3193 ] ] ], [ [ [ -65.9318, -0.3184 ], [ -65.9317, -0.3189 ], [ -65.9323, -0.3186 ], [ -65.9318, -0.3184 ] ] ], [ [ [ -65.9225, -0.3181 ], [ -65.9244, -0.3187 ], [ -65.9224, -0.3179 ], [ -65.9225, -0.3181 ] ] ], [ [ [ -65.9349, -0.3167 ], [ -65.9388, -0.3178 ], [ -65.9386, -0.3159 ], [ -65.9349, -0.3167 ] ] ], [ [ [ -65.9354, -0.3143 ], [ -65.9273, -0.3146 ], [ -65.9361, -0.3147 ], [ -65.9354, -0.3143 ] ] ], [ [ [ -65.9426, -0.314 ], [ -65.9405, -0.3132 ], [ -65.9404, -0.3136 ], [ -65.9426, -0.314 ] ] ], [ [ [ -65.9157, -0.3129 ], [ -65.9156, -0.3136 ], [ -65.916, -0.3133 ], [ -65.9157, -0.3129 ] ] ], [ [ [ -65.9125, -0.3124 ], [ -65.9129, -0.3139 ], [ -65.9144, -0.3133 ], [ -65.9125, -0.3124 ] ] ], [ [ [ -65.9535, -0.305 ], [ -65.9616, -0.3204 ], [ -65.9825, -0.3135 ], [ -65.9777, -0.3094 ], [ -65.9535, -0.305 ] ] ], [ [ [ -65.9262, -0.3119 ], [ -65.9244, -0.3106 ], [ -65.9219, -0.3118 ], [ -65.9262, -0.3119 ] ] ], [ [ [ -65.9384, -0.3116 ], [ -65.9363, -0.3101 ], [ -65.9329, -0.3104 ], [ -65.9384, -0.3116 ] ] ], [ [ [ -65.9166, -0.31 ], [ -65.9169, -0.3107 ], [ -65.9175, -0.3105 ], [ -65.9166, -0.31 ] ] ], [ [ [ -65.9457, -0.3108 ], [ -65.9484, -0.3102 ], [ -65.9448, -0.3096 ], [ -65.9457, -0.3108 ] ] ], [ [ [ -65.9265, -0.3081 ], [ -65.9283, -0.3083 ], [ -65.9266, -0.3078 ], [ -65.9265, -0.3081 ] ] ], [ [ [ -65.9295, -0.3078 ], [ -65.9291, -0.3082 ], [ -65.9304, -0.3082 ], [ -65.9295, -0.3078 ] ] ], [ [ [ -65.9252, -0.3089 ], [ -65.922, -0.3074 ], [ -65.92, -0.3087 ], [ -65.9252, -0.3089 ] ] ], [ [ [ -65.9467, -0.308 ], [ -65.9476, -0.3068 ], [ -65.9463, -0.3079 ], [ -65.9467, -0.308 ] ] ], [ [ [ -65.9122, -0.3082 ], [ -65.9166, -0.3078 ], [ -65.9086, -0.3067 ], [ -65.9122, -0.3082 ] ] ], [ [ [ -65.8946, -0.3074 ], [ -65.897, -0.3075 ], [ -65.8932, -0.3072 ], [ -65.8946, -0.3074 ] ] ], [ [ [ -65.9288, -0.3065 ], [ -65.9254, -0.3063 ], [ -65.9299, -0.3071 ], [ -65.9288, -0.3065 ] ] ], [ [ [ -65.9141, -0.3055 ], [ -65.9194, -0.3074 ], [ -65.9205, -0.3056 ], [ -65.9141, -0.3055 ] ] ], [ [ [ -65.9129, -0.3054 ], [ -65.9134, -0.3064 ], [ -65.9137, -0.306 ], [ -65.9129, -0.3054 ] ] ], [ [ [ -65.9409, -0.3021 ], [ -65.9315, -0.3038 ], [ -65.9426, -0.304 ], [ -65.9409, -0.3021 ] ] ], [ [ [ -65.9442, -0.3038 ], [ -65.945, -0.3036 ], [ -65.9439, -0.3034 ], [ -65.9442, -0.3038 ] ] ], [ [ [ -65.8871, -0.2991 ], [ -65.8919, -0.3045 ], [ -65.8977, -0.3042 ], [ -65.8871, -0.2991 ] ] ], [ [ [ -65.9308, -0.3011 ], [ -65.9333, -0.3024 ], [ -65.9336, -0.3016 ], [ -65.9308, -0.3011 ] ] ], [ [ [ -65.9309, -0.2994 ], [ -65.9243, -0.3008 ], [ -65.9221, -0.3022 ], [ -65.9293, -0.3022 ], [ -65.9309, -0.2994 ] ] ], [ [ [ -65.9319, -0.2999 ], [ -65.9327, -0.2999 ], [ -65.9318, -0.2994 ], [ -65.9319, -0.2999 ] ] ], [ [ [ -65.9338, -0.2996 ], [ -65.9359, -0.2988 ], [ -65.9334, -0.2992 ], [ -65.9338, -0.2996 ] ] ], [ [ [ -65.9387, -0.2987 ], [ -65.9406, -0.2992 ], [ -65.9405, -0.2986 ], [ -65.9387, -0.2987 ] ] ], [ [ [ -65.9382, -0.2983 ], [ -65.9364, -0.2986 ], [ -65.9383, -0.299 ], [ -65.9382, -0.2983 ] ] ], [ [ [ -65.9251, -0.2963 ], [ -65.9262, -0.2989 ], [ -65.9283, -0.2967 ], [ -65.9251, -0.2963 ] ] ], [ [ [ -65.8949, -0.2978 ], [ -65.8927, -0.2957 ], [ -65.8934, -0.2984 ], [ -65.8949, -0.2978 ] ] ], [ [ [ -65.8864, -0.2948 ], [ -65.8854, -0.2953 ], [ -65.8867, -0.2962 ], [ -65.8864, -0.2948 ] ] ], [ [ [ -65.6401, -0.3258 ], [ -65.6264, -0.3243 ], [ -65.6143, -0.3328 ], [ -65.6307, -0.3314 ], [ -65.6401, -0.3258 ] ] ], [ [ [ -65.5444, -0.3226 ], [ -65.571, -0.3326 ], [ -65.5776, -0.3312 ], [ -65.5444, -0.3226 ] ] ], [ [ [ -65.6435, -0.3272 ], [ -65.6494, -0.3254 ], [ -65.6502, -0.3242 ], [ -65.6435, -0.3272 ] ] ], [ [ [ -65.6185, -0.3229 ], [ -65.5955, -0.3162 ], [ -65.5581, -0.3223 ], [ -65.6185, -0.3229 ] ] ], [ [ [ -65.6833, -0.3144 ], [ -65.6605, -0.3223 ], [ -65.6402, -0.333 ], [ -65.6691, -0.3304 ], [ -65.6833, -0.3144 ] ] ], [ [ [ -65.558, -0.3203 ], [ -65.55, -0.3212 ], [ -65.5583, -0.3234 ], [ -65.5576, -0.3223 ], [ -65.558, -0.3203 ] ] ], [ [ [ -65.6616, -0.3196 ], [ -65.6622, -0.3178 ], [ -65.6583, -0.3199 ], [ -65.6616, -0.3196 ] ] ], [ [ [ -65.5478, -0.3191 ], [ -65.5506, -0.318 ], [ -65.5454, -0.3181 ], [ -65.5478, -0.3191 ] ] ], [ [ [ -65.5647, -0.3168 ], [ -65.5576, -0.3138 ], [ -65.5654, -0.3175 ], [ -65.5647, -0.3168 ] ] ], [ [ [ -65.5262, -0.3148 ], [ -65.526, -0.3121 ], [ -65.523, -0.3111 ], [ -65.5262, -0.3148 ] ] ], [ [ [ -65.5884, -0.3139 ], [ -65.5949, -0.3109 ], [ -65.5853, -0.314 ], [ -65.5884, -0.3139 ] ] ], [ [ [ -65.524, -0.3093 ], [ -65.5239, -0.3088 ], [ -65.5233, -0.3087 ], [ -65.524, -0.3093 ] ] ], [ [ [ -65.5584, -0.3168 ], [ -65.5201, -0.3021 ], [ -65.5235, -0.3035 ], [ -65.5351, -0.3142 ], [ -65.5584, -0.3168 ] ] ], [ [ [ -65.5169, -0.3058 ], [ -65.5152, -0.3059 ], [ -65.5177, -0.3064 ], [ -65.5169, -0.3058 ] ] ], [ [ [ -65.5174, -0.3053 ], [ -65.5157, -0.305 ], [ -65.5179, -0.3058 ], [ -65.5174, -0.3053 ] ] ], [ [ [ -65.4603, -0.3098 ], [ -65.4655, -0.2994 ], [ -65.4473, -0.3043 ], [ -65.4603, -0.3098 ] ] ], [ [ [ -65.5221, -0.3034 ], [ -65.5231, -0.3049 ], [ -65.5234, -0.3049 ], [ -65.5221, -0.3034 ] ] ], [ [ [ -65.4903, -0.3036 ], [ -65.4925, -0.3011 ], [ -65.4891, -0.3023 ], [ -65.4903, -0.3036 ] ] ], [ [ [ -65.5123, -0.301 ], [ -65.5129, -0.302 ], [ -65.5143, -0.302 ], [ -65.5123, -0.301 ] ] ], [ [ [ -65.6365, -0.3013 ], [ -65.5719, -0.2971 ], [ -65.5518, -0.2963 ], [ -65.5797, -0.3096 ], [ -65.6365, -0.3013 ] ] ], [ [ [ -65.5189, -0.301 ], [ -65.5063, -0.2936 ], [ -65.4949, -0.2995 ], [ -65.5, -0.3054 ], [ -65.5079, -0.297 ], [ -65.5189, -0.301 ] ] ], [ [ [ -65.5122, -0.3002 ], [ -65.5078, -0.2975 ], [ -65.5071, -0.2994 ], [ -65.5122, -0.3002 ] ] ], [ [ [ -65.7343, -0.2923 ], [ -65.7015, -0.2997 ], [ -65.6967, -0.3018 ], [ -65.7257, -0.3001 ], [ -65.7343, -0.2923 ] ] ], [ [ [ -65.5663, -0.2962 ], [ -65.5636, -0.2953 ], [ -65.5602, -0.2954 ], [ -65.5663, -0.2962 ] ] ], [ [ [ -65.513, -0.2944 ], [ -65.5159, -0.2942 ], [ -65.513, -0.2942 ], [ -65.513, -0.2944 ] ] ], [ [ [ -65.7446, -0.2871 ], [ -65.7366, -0.293 ], [ -65.7342, -0.2968 ], [ -65.7446, -0.2871 ] ] ], [ [ [ -65.4617, -0.2913 ], [ -65.4594, -0.2887 ], [ -65.4602, -0.2926 ], [ -65.4617, -0.2913 ] ] ], [ [ [ -65.7193, -0.2894 ], [ -65.7192, -0.2899 ], [ -65.7197, -0.2892 ], [ -65.7193, -0.2894 ] ] ], [ [ [ -65.6884, -0.2936 ], [ -65.6621, -0.2856 ], [ -65.6528, -0.2928 ], [ -65.6884, -0.2936 ] ] ], [ [ [ -65.4699, -0.295 ], [ -65.4903, -0.2978 ], [ -65.496, -0.2887 ], [ -65.5425, -0.2909 ], [ -65.4899, -0.2806 ], [ -65.4699, -0.295 ] ] ], [ [ [ -65.7182, -0.2886 ], [ -65.7162, -0.2872 ], [ -65.7112, -0.2904 ], [ -65.7182, -0.2886 ] ] ], [ [ [ -65.4717, -0.2857 ], [ -65.4661, -0.2902 ], [ -65.4734, -0.2858 ], [ -65.4717, -0.2857 ] ] ], [ [ [ -65.5379, -0.2827 ], [ -65.5412, -0.2832 ], [ -65.5371, -0.2817 ], [ -65.5379, -0.2827 ] ] ], [ [ [ -65.4635, -0.2895 ], [ -65.4869, -0.2754 ], [ -65.4622, -0.2876 ], [ -65.4635, -0.2895 ] ] ], [ [ [ -65.7427, -0.2817 ], [ -65.7418, -0.2809 ], [ -65.741, -0.2816 ], [ -65.7427, -0.2817 ] ] ], [ [ [ -65.4682, -0.2723 ], [ -65.4575, -0.2889 ], [ -65.4792, -0.2712 ], [ -65.4682, -0.2723 ] ] ], [ [ [ -65.7397, -0.2766 ], [ -65.7394, -0.2795 ], [ -65.7411, -0.2761 ], [ -65.7397, -0.2766 ] ] ], [ [ [ -65.7494, -0.2647 ], [ -65.741, -0.2698 ], [ -65.7381, -0.2774 ], [ -65.7494, -0.2647 ] ] ], [ [ [ -65.7507, -0.2662 ], [ -65.7447, -0.275 ], [ -65.7519, -0.2736 ], [ -65.7507, -0.2662 ] ] ], [ [ [ -65.868, -0.2744 ], [ -65.8662, -0.2665 ], [ -65.8641, -0.2648 ], [ -65.868, -0.2744 ] ] ], [ [ [ -65.7646, -0.2797 ], [ -65.7836, -0.2606 ], [ -65.7948, -0.2531 ], [ -65.7744, -0.2546 ], [ -65.7646, -0.2797 ] ] ], [ [ [ -65.8037, -0.2421 ], [ -65.79, -0.2432 ], [ -65.7879, -0.2455 ], [ -65.8037, -0.2421 ] ] ] ] } },
{ "type": "Feature", "properties": { "tipo": "TI", "nome": "Menkragnoti" }, "geometry": { "type": "Polygon", "coordinates": [ [ [ -54.4584, -8.8358 ], [ -54.4764, -8.777 ], [ -54.5298, -8.7169 ], [ -54.5187, -8.5933 ], [ -54.5694, -8.5524 ], [ -54.5542, -8.5395 ], [ -54.561, -8.512 ], [ -54.5862, -8.5104 ], [ -54.5915, -8.4857 ], [ -54.6015, -8.4937 ], [ -54.6022, -8.4778 ], [ -54.6245, -8.4757 ], [ -54.6456, -8.4488 ], [ -54.6377, -8.4192 ], [ -54.6597, -8.393 ], [ -54.6524, -8.3637 ], [ -54.677, -8.3188 ], [ -54.6548, -8.2872 ], [ -54.6706, -8.258 ], [ -54.6503, -8.2672 ], [ -54.6387, -8.2281 ], [ -54.6771, -8.2063 ], [ -54.6824, -8.1725 ], [ -54.627, -8.1483 ], [ -54.5833, -8.1742 ], [ -54.5049, -8.1834 ], [ -54.5, -8.1472 ], [ -54.3735, -8.1825 ], [ -54.3259, -8.1553 ], [ -54.3039, -8.0874 ], [ -54.2578, -8.136 ], [ -54.1637, -8.0952 ], [ -54.1235, -8.1174 ], [ -54.1123, -8.0718 ], [ -54.056, -8.0791 ], [ -54.0613, -8.0039 ], [ -54.0906, -7.9637 ], [ -54.0982, -7.908 ], [ -54.0704, -7.804 ], [ -54.0783, -7.6977 ], [ -53.9769, -7.6266 ], [ -53.9573, -7.5787 ], [ -53.8865, -7.5322 ], [ -53.8936, -7.5023 ], [ -53.876, -7.4586 ], [ -53.891, -7.4296 ], [ -53.879, -7.4272 ], [ -53.9122, -7.3947 ], [ -53.9113, -7.3758 ], [ -53.867, -7.3376 ], [ -53.834, -7.3515 ], [ -53.7926, -7.2676 ], [ -53.7603, -7.2699 ], [ -53.7204, -7.1676 ], [ -53.6882, -7.175 ], [ -53.6967, -7.2149 ], [ -53.6704, -7.2536 ], [ -53.6077, -7.2146 ], [ -53.5633, -7.2178 ], [ -53.5341, -7.2394 ], [ -53.5119, -7.2267 ], [ -53.4821, -7.2498 ], [ -53.4361, -7.1982 ], [ -53.4031, -7.2122 ], [ -53.3743, -7.1778 ], [ -53.3522, -7.203 ], [ -53.3189, -7.1979 ], [ -53.2292, -7.2617 ], [ -53.1884, -7.258 ], [ -53.1282, -7.2233 ], [ -53.1044, -7.2479 ], [ -53.0666, -7.5371 ], [ -52.9534, -7.7855 ], [ -52.868, -7.7041 ], [ -52.8188, -7.694 ], [ -52.7872, -7.6624 ], [ -52.7492, -7.6669 ], [ -52.7575, -7.817 ], [ -52.7838, -7.8208 ], [ -52.8013, -7.8697 ], [ -52.71, -8.0488 ], [ -52.7206, -8.1025 ], [ -52.6828, -8.1645 ], [ -52.6777, -8.2127 ], [ -52.6308, -8.2228 ], [ -52.6582, -8.3048 ], [ -52.6429, -8.3228 ], [ -52.6574, -8.4156 ], [ -52.5851, -8.4818 ], [ -52.5722, -8.535 ], [ -52.4864, -8.5723 ], [ -52.3875, -8.5697 ], [ -52.3584, -8.5928 ], [ -52.3302, -8.6707 ], [ -52.271, -8.7102 ], [ -52.2923, -8.8123 ], [ -52.2835, -8.8396 ], [ -52.2101, -8.8536 ], [ -52.1748, -8.8932 ], [ -52.1121, -8.9267 ], [ -52.0482, -9.0906 ], [ -52.0804, -9.1395 ], [ -52.0719, -9.1726 ], [ -52.06, -9.1916 ], [ -52.0277, -9.1919 ], [ -52.0372, -9.219 ], [ -52.0039, -9.2784 ], [ -52.0876, -9.348 ], [ -52.1037, -9.3966 ], [ -52.1521, -9.4244 ], [ -52.1529, -9.4894 ], [ -52.1898, -9.5721 ], [ -52.1788, -9.6058 ], [ -52.2146, -9.6446 ], [ -52.2604, -9.6579 ], [ -52.2992, -9.6427 ], [ -52.3838, -9.6433 ], [ -52.4477, -9.6028 ], [ -52.537, -9.5833 ], [ -52.5707, -9.5987 ], [ -52.5768, -9.6431 ], [ -52.6071, -9.646 ], [ -52.6621, -9.7828 ], [ -52.7201, -9.7923 ], [ -52.7868, -9.8255 ], [ -52.7918, -9.8436 ], [ -52.9181, -9.8415 ], [ -53.1289, -9.7954 ], [ -53.1394, -9.7873 ], [ -53.1267, -9.7256 ], [ -53.1836, -9.7266 ], [ -53.2434, -9.6947 ], [ -53.3301, -9.7109 ], [ -53.3375, -9.6942 ], [ -53.3947, -9.7128 ], [ -53.4514, -9.6953 ], [ -53.4656, -9.6603 ], [ -53.8585, -9.6553 ], [ -53.8415, -9.6085 ], [ -53.8826, -9.5724 ], [ -53.8579, -9.3918 ], [ -53.8816, -9.3717 ], [ -53.8836, -9.3348 ], [ -53.9233, -9.316 ], [ -53.9124, -9.2931 ], [ -53.9278, -9.2823 ], [ -53.9363, -9.2967 ], [ -53.9637, -9.2523 ], [ -54.0026, -9.2369 ], [ -54.0082, -9.1963 ], [ -54.089, -9.194 ], [ -54.116, -9.1378 ], [ -54.1551, -9.12 ], [ -54.0663, -9.0044 ], [ -54.0609, -8.9232 ], [ -54.0221, -8.8564 ], [ -54.0277, -8.8115 ], [ -54.1421, -8.8571 ], [ -54.1801, -8.8408 ], [ -54.2105, -8.8621 ], [ -54.2401, -8.8487 ], [ -54.3459, -8.9047 ], [ -54.3755, -8.8992 ], [ -54.4057, -8.9141 ], [ -54.4584, -8.8358 ] ] ] } },
{ "type": "Feature", "properties": { "tipo": "TI", "nome": "Parque do Tumucumaque" }, "geometry": { "type": "Polygon", "coordinates": [ [ [ -54.794, 2.4445 ], [ -54.6752, 2.2087 ], [ -54.7197, 2.0835 ], [ -54.6726, 1.8993 ], [ -54.9058, 1.7602 ], [ -54.4875, 1.1722 ], [ -54.55, 1.0 ], [ -54.6722, 1.0307 ], [ -55.9731, 0.6033 ], [ -56.0195, 0.5375 ], [ -56.1232, 0.6864 ], [ -56.2989, 0.835 ], [ -56.3164, 0.9371 ], [ -56.1693, 1.6658 ], [ -56.4346, 1.8664 ], [ -56.3964, 1.9237 ], [ -56.3603, 1.9436 ], [ -56.2471, 1.8784 ], [ -56.2331, 1.8996 ], [ -56.1702, 1.9014 ], [ -56.1032, 1.8468 ], [ -56.047, 1.853 ], [ -55.9982, 1.8344 ], [ -55.9579, 1.8452 ], [ -55.8953, 1.895 ], [ -55.9342, 1.986 ], [ -55.9308, 1.9973 ], [ -55.9081, 1.9921 ], [ -55.8999, 2.042 ], [ -55.9322, 2.0583 ], [ -55.9274, 2.0792 ], [ -55.9653, 2.0889 ], [ -55.9997, 2.1675 ], [ -56.0531, 2.1848 ], [ -56.0333, 2.2168 ], [ -56.0469, 2.2352 ], [ -56.0856, 2.2511 ], [ -56.109, 2.2441 ], [ -56.1386, 2.268 ], [ -56.0927, 2.3222 ], [ -56.0896, 2.3683 ], [ -56.0498, 2.3339 ], [ -56.0278, 2.333 ], [ -56.0202, 2.3475 ], [ -56.0349, 2.3711 ], [ -55.9874, 2.4152 ], [ -55.9855, 2.4345 ], [ -56.012, 2.4495 ], [ -55.9781, 2.4814 ], [ -55.993, 2.5031 ], [ -55.9769, 2.5257 ], [ -55.9306, 2.5308 ], [ -55.8457, 2.4635 ], [ -55.7648, 2.4553 ], [ -55.7495, 2.4101 ], [ -55.7184, 2.4003 ], [ -55.6946, 2.4201 ], [ -55.6636, 2.4126 ], [ -55.5864, 2.4358 ], [ -55.5692, 2.4239 ], [ -55.4609, 2.4451 ], [ -55.4285, 2.4332 ], [ -55.4058, 2.4443 ], [ -55.4036, 2.4173 ], [ -55.3747, 2.4099 ], [ -55.3424, 2.4555 ], [ -55.3651, 2.4651 ], [ -55.3622, 2.4836 ], [ -55.3459, 2.4765 ], [ -55.3481, 2.5051 ], [ -55.3138, 2.5298 ], [ -55.292, 2.5131 ], [ -55.2762, 2.5198 ], [ -55.2633, 2.4856 ], [ -55.2478, 2.4845 ], [ -55.2212, 2.5167 ], [ -55.214, 2.5004 ], [ -55.1967, 2.5059 ], [ -55.2066, 2.5237 ], [ -55.1826, 2.5333 ], [ -55.1852, 2.5597 ], [ -55.1527, 2.5762 ], [ -55.1474, 2.5627 ], [ -55.123, 2.5681 ], [ -55.1212, 2.5178 ], [ -55.0925, 2.5368 ], [ -55.0742, 2.5259 ], [ -55.0117, 2.5907 ], [ -54.967, 2.6003 ], [ -54.9388, 2.6301 ], [ -54.9332, 2.5896 ], [ -54.9711, 2.574 ], [ -54.9558, 2.5395 ], [ -54.8769, 2.4716 ], [ -54.8744, 2.436 ], [ -54.8155, 2.4235 ], [ -54.794, 2.4445 ] ] ] } },
{ "type": "Feature", "properties": { "tipo": "TI", "nome": "Paumari do Rio Ituxi" }, "geometry": { "type": "Polygon", "coordinates": [ [ [ -64.9447, -7.3882 ], [ -65.0033, -7.4257 ], [ -65.0471, -7.4023 ], [ -64.9417, -7.3084 ], [ -64.9205, -7.3233 ], [ -64.9347, -7.3267 ], [ -64.9447, -7.3882 ] ] ] } },
{ "type": "Feature", "properties": { "tipo": "TI", "nome": "Rio Paru DEste" }, "geometry": { "type": "Polygon", "coordinates": [ [ [ -54.2105, 1.0849 ], [ -54.3181, 1.0679 ], [ -54.0298, 0.8292 ], [ -54.0241, 0.7056 ], [ -53.8193, 0.4798 ], [ -53.826, 0.4323 ], [ -53.8966, 0.4055 ], [ -53.9774, 0.3427 ], [ -54.002, 0.3558 ], [ -54.009, 0.3414 ], [ -54.0529, 0.3405 ], [ -54.0783, 0.3154 ], [ -54.1512, 0.2931 ], [ -54.1498, 0.2598 ], [ -54.192, 0.2285 ], [ -54.208, 0.1902 ], [ -54.1617, 0.1508 ], [ -54.1434, 0.1035 ], [ -54.1934, 0.0989 ], [ -54.1992, 0.086 ], [ -54.3368, 0.1004 ], [ -54.427, 0.0543 ], [ -54.5152, 0.0809 ], [ -54.5537, 0.0512 ], [ -54.5845, -0.0336 ], [ -54.6018, -0.04 ], [ -54.6027, -0.0154 ], [ -54.662, 0.014 ], [ -54.7014, 0.0582 ], [ -54.717, 0.1109 ], [ -54.7499, 0.1345 ], [ -54.7578, 0.1776 ], [ -54.8125, 0.2405 ], [ -54.8559, 0.3576 ], [ -54.9026, 0.3753 ], [ -54.9251, 0.3539 ], [ -54.9557, 0.3567 ], [ -55.0454, 0.2289 ], [ -55.0476, 0.3243 ], [ -55.0117, 0.4566 ], [ -55.0534, 0.5279 ], [ -55.0594, 0.6094 ], [ -55.075, 0.6236 ], [ -55.0576, 0.6776 ], [ -55.0739, 0.7009 ], [ -55.1181, 0.688 ], [ -55.2213, 0.7079 ], [ -55.1907, 0.7678 ], [ -55.2016, 0.8622 ], [ -54.6722, 1.0307 ], [ -54.55, 1.0 ], [ -54.4875, 1.1722 ], [ -54.6208, 1.3484 ], [ -54.6005, 1.3637 ], [ -54.5512, 1.3491 ], [ -54.5118, 1.368 ], [ -54.4421, 1.3432 ], [ -54.3851, 1.2601 ], [ -54.3148, 1.2063 ], [ -54.3033, 1.1624 ], [ -54.2563, 1.145 ], [ -54.2105, 1.0849 ] ] ] } },
{ "type": "Feature", "properties": { "tipo": "TI", "nome": "São Sebastião" }, "geometry": { "type": "MultiPolygon", "coordinates": [ [ [ [ -67.5056, -2.877 ], [ -67.5554, -2.8981 ], [ -67.6253, -2.8658 ], [ -67.6467, -2.8277 ], [ -67.6289, -2.7947 ], [ -67.583, -2.7759 ], [ -67.5563, -2.7828 ], [ -67.5056, -2.877 ] ] ], [ [ [ -67.6235, -2.7801 ], [ -67.6116, -2.7674 ], [ -67.5854, -2.7671 ], [ -67.6073, -2.7792 ], [ -67.6235, -2.7801 ] ] ], [ [ [ -67.5113, -2.5077 ], [ -67.5211, -2.5692 ], [ -67.4689, -2.6238 ], [ -67.4755, -2.6504 ], [ -67.518, -2.6589 ], [ -67.5265, -2.6916 ], [ -67.5094, -2.7086 ], [ -67.5301, -2.7278 ], [ -67.5633, -2.7036 ], [ -67.5881, -2.7548 ], [ -67.6026, -2.755 ], [ -67.603, -2.7314 ], [ -67.7341, -2.687 ], [ -67.73, -2.6306 ], [ -67.6459, -2.576 ], [ -67.6087, -2.5115 ], [ -67.5113, -2.5077 ] ] ] ] } },
{ "type": "Feature", "properties": { "tipo": "TI", "nome": "Seruini/Mariene" }, "geometry": { "type": "Polygon", "coordinates": [ [ [ -66.8424, -7.904 ], [ -66.8227, -7.9484 ], [ -66.7149, -7.9451 ], [ -66.6576, -7.9273 ], [ -66.6413, -7.9532 ], [ -66.6538, -8.0064 ], [ -66.6309, -8.0719 ], [ -66.6805, -8.1143 ], [ -66.7058, -8.1178 ], [ -66.7764, -8.2468 ], [ -66.7816, -8.301 ], [ -66.8001, -8.31 ], [ -66.8629, -8.4348 ], [ -66.9109, -8.4676 ], [ -66.9997, -8.4766 ], [ -67.0057, -8.3817 ], [ -66.9785, -8.3494 ], [ -66.9736, -8.1794 ], [ -66.9552, -8.1548 ], [ -66.9756, -8.0902 ], [ -66.9692, -8.0555 ], [ -66.9394, -7.9881 ], [ -66.9135, -7.966 ], [ -66.8868, -7.9663 ], [ -66.8424, -7.904 ] ] ] } },
{ "type": "Feature", "properties": { "tipo": "TI", "nome": "Setemã" }, "geometry": { "type": "MultiPolygon", "coordinates": [ [ [ [ -60.2236, -4.989 ], [ -60.1268, -4.9297 ], [ -59.943, -4.8686 ], [ -59.9714, -4.9015 ], [ -59.9694, -4.9456 ], [ -60.0096, -4.9903 ], [ -60.0361, -5.1042 ], [ -60.162, -5.1072 ], [ -60.1725, -5.1421 ], [ -60.1945, -5.1367 ], [ -60.2236, -4.989 ] ] ], [ [ [ -59.9662, -4.8652 ], [ -59.9591, -4.8477 ], [ -59.9157, -4.8291 ], [ -59.928, -4.8542 ], [ -59.9662, -4.8652 ] ] ] ] } },
{ "type": "Feature", "properties": { "tipo": "TI", "nome": "Tumiã" }, "geometry": { "type": "Polygon", "coordinates": [ [ [ -66.7816, -8.301 ], [ -66.7764, -8.2468 ], [ -66.7058, -8.1178 ], [ -66.6805, -8.1143 ], [ -66.6309, -8.0719 ], [ -66.6538, -8.0064 ], [ -66.6428, -7.9477 ], [ -66.6584, -7.927 ], [ -66.7149, -7.9451 ], [ -66.7229, -7.925 ], [ -66.7023, -7.8521 ], [ -66.7122, -7.8044 ], [ -66.6393, -7.7789 ], [ -66.6066, -7.7282 ], [ -66.4851, -7.7785 ], [ -66.4854, -7.8528 ], [ -66.4538, -7.8623 ], [ -66.4194, -7.8323 ], [ -66.3582, -7.8335 ], [ -66.3893, -7.8588 ], [ -66.3983, -7.9018 ], [ -66.4366, -7.9231 ], [ -66.4923, -7.9886 ], [ -66.4953, -8.0259 ], [ -66.3531, -8.0815 ], [ -66.3703, -8.0788 ], [ -66.4022, -8.1061 ], [ -66.4437, -8.0881 ], [ -66.495, -8.0898 ], [ -66.5219, -8.1296 ], [ -66.5716, -8.1341 ], [ -66.5893, -8.1782 ], [ -66.6372, -8.1986 ], [ -66.6516, -8.2378 ], [ -66.7816, -8.301 ] ] ] } },
{ "type": "Feature", "properties": { "tipo": "TI", "nome": "WaiWái" }, "geometry": { "type": "Polygon", "coordinates": [ [ [ -59.9395, 1.1916 ], [ -59.9301, 1.2456 ], [ -59.9458, 1.3097 ], [ -59.9052, 1.4276 ], [ -59.9111, 1.4514 ], [ -59.8719, 1.4894 ], [ -59.8493, 1.4776 ], [ -59.8744, 1.5484 ], [ -59.8453, 1.5644 ], [ -59.8504, 1.6214 ], [ -59.8176, 1.6747 ], [ -59.8271, 1.7045 ], [ -59.8118, 1.7665 ], [ -59.6894, 1.7647 ], [ -59.6619, 1.7369 ], [ -59.6322, 1.7409 ], [ -59.6165, 1.7151 ], [ -59.5732, 1.7343 ], [ -59.5488, 1.7277 ], [ -59.5103, 1.6678 ], [ -59.4925, 1.6734 ], [ -59.4852, 1.63 ], [ -59.4455, 1.6154 ], [ -59.4314, 1.5638 ], [ -59.3965, 1.5541 ], [ -59.3827, 1.5085 ], [ -59.329, 1.5139 ], [ -59.3268, 1.4618 ], [ -59.302, 1.4654 ], [ -59.3329, 1.441 ], [ -59.2792, 1.3773 ], [ -59.2718, 1.3181 ], [ -59.2865, 1.2676 ], [ -59.274, 1.236 ], [ -59.2891, 1.207 ], [ -59.7366, 1.0953 ], [ -59.8091, 1.0981 ], [ -59.8855, 1.0736 ], [ -59.9324, 1.0932 ], [ -59.9606, 1.0817 ], [ -59.9751, 1.1412 ], [ -59.9395, 1.1916 ] ] ] } },
{ "type": "Feature", "properties": { "tipo": "TI", "nome": "Xipaya" }, "geometry": { "type": "MultiPolygon", "coordinates": [ [ [ [ -54.5637, -5.5149 ], [ -54.6818, -5.6268 ], [ -54.73, -5.6296 ], [ -54.7786, -5.698 ], [ -54.8326, -5.7162 ], [ -54.9158, -5.3996 ], [ -54.8343, -5.2756 ], [ -54.8097, -5.2752 ], [ -54.8005, -5.2953 ], [ -54.7751, -5.2881 ], [ -54.7597, -5.3059 ], [ -54.7249, -5.3043 ], [ -54.6193, -5.2514 ], [ -54.5397, -5.178 ], [ -54.527, -5.1402 ], [ -54.4769, -5.239 ], [ -54.48, -5.2968 ], [ -54.4632, -5.3594 ], [ -54.4277, -5.4062 ], [ -54.4288, -5.478 ], [ -54.4592, -5.4356 ], [ -54.4792, -5.4341 ], [ -54.4898, -5.4794 ], [ -54.5637, -5.5149 ] ] ], [ [ [ -54.4622, -5.3375 ], [ -54.4658, -5.3367 ], [ -54.4678, -5.3285 ], [ -54.4622, -5.3375 ] ] ], [ [ [ -54.4678, -5.3116 ], [ -54.4619, -5.3248 ], [ -54.4622, -5.3302 ], [ -54.4683, -5.3256 ], [ -54.4678, -5.3116 ] ] ], [ [ [ -54.4741, -5.2502 ], [ -54.4729, -5.2843 ], [ -54.4775, -5.2652 ], [ -54.4741, -5.2502 ] ] ], [ [ [ -54.478, -5.2178 ], [ -54.4759, -5.2319 ], [ -54.4868, -5.2091 ], [ -54.478, -5.2178 ] ] ], [ [ [ -54.4904, -5.2094 ], [ -54.5014, -5.1881 ], [ -54.5076, -5.1636 ], [ -54.4962, -5.1794 ], [ -54.4904, -5.2094 ] ] ], [ [ [ -54.5018, -5.1573 ], [ -54.5067, -5.1607 ], [ -54.5084, -5.1519 ], [ -54.5018, -5.1573 ] ] ] ] } },
{ "type": "Feature", "properties": { "tipo": "TI", "nome": "Barro Alto" }, "geometry": { "type": "MultiPolygon", "coordinates": [ [ [ [ -67.6498, -2.8094 ], [ -67.6448, -2.8312 ], [ -67.6551, -2.8336 ], [ -67.6725, -2.8091 ], [ -67.6498, -2.8094 ] ] ], [ [ [ -67.6962, -2.7095 ], [ -67.678, -2.791 ], [ -67.7128, -2.6996 ], [ -67.6962, -2.7095 ] ] ] ] } },
{ "type": "Feature", "properties": { "tipo": "TI", "nome": "Lago do Correio" }, "geometry": { "type": "MultiPolygon", "coordinates": [ [ [ [ -69.0727, -2.9923 ], [ -69.0444, -2.9996 ], [ -69.0509, -3.0341 ], [ -69.0812, -3.0241 ], [ -69.0727, -2.9923 ] ] ], [ [ [ -69.0255, -2.9917 ], [ -69.0761, -2.9807 ], [ -69.1041, -2.9557 ], [ -69.1011, -2.8894 ], [ -69.0203, -2.8734 ], [ -69.0032, -2.9603 ], [ -69.0255, -2.9917 ] ] ] ] } },
{ "type": "Feature", "properties": { "tipo": "TI", "nome": "Prosperidade" }, "geometry": { "type": "MultiPolygon", "coordinates": [ [ [ [ -67.4977, -2.7312 ], [ -67.4961, -2.7192 ], [ -67.4725, -2.7006 ], [ -67.4852, -2.7227 ], [ -67.4977, -2.7312 ] ] ], [ [ [ -67.4337, -2.6274 ], [ -67.4524, -2.6742 ], [ -67.511, -2.7342 ], [ -67.5089, -2.7051 ], [ -67.5265, -2.6916 ], [ -67.518, -2.6589 ], [ -67.4755, -2.6504 ], [ -67.4714, -2.6178 ], [ -67.4337, -2.6274 ] ] ] ] } },
{ "type": "Feature", "properties": { "tipo": "TI", "nome": "Santa Cruz da Nova Aliança" }, "geometry": { "type": "MultiPolygon", "coordinates": [ [ [ [ -67.6451, -2.8758 ], [ -67.7121, -2.8363 ], [ -67.6853, -2.8161 ], [ -67.6451, -2.8758 ] ] ], [ [ [ -67.7063, -2.8122 ], [ -67.7593, -2.6905 ], [ -67.7451, -2.6806 ], [ -67.6893, -2.7984 ], [ -67.7063, -2.8122 ] ] ] ] } },
{ "type": "Feature", "properties": { "tipo": "TI", "nome": "São Domingos - MT" }, "geometry": { "type": "MultiPolygon", "coordinates": [ [ [ [ -50.6696, -11.2542 ], [ -50.6857, -11.2935 ], [ -50.6963, -11.3011 ], [ -50.6853, -11.2831 ], [ -50.6813, -11.2565 ], [ -50.6696, -11.2542 ] ] ], [ [ [ -50.6609, -11.2441 ], [ -50.687, -11.2587 ], [ -50.7061, -11.3176 ], [ -50.7561, -11.293 ], [ -50.7702, -11.2488 ], [ -50.6744, -11.2337 ], [ -50.6609, -11.2441 ] ] ], [ [ [ -50.6731, -11.2844 ], [ -50.6755, -11.2731 ], [ -50.6663, -11.2565 ], [ -50.6731, -11.2844 ] ] ] ] } },
{ "type": "Feature", "properties": { "tipo": "TI", "nome": "Boa Vista - AM" }, "geometry": { "type": "MultiPolygon", "coordinates": [ [ [ [ -59.3928, -3.2313 ], [ -59.3745, -3.2292 ], [ -59.3623, -3.2399 ], [ -59.3928, -3.2313 ] ] ], [ [ [ -59.3944, -3.2251 ], [ -59.3823, -3.2245 ], [ -59.3936, -3.2272 ], [ -59.3944, -3.2251 ] ] ], [ [ [ -59.3834, -3.2124 ], [ -59.3623, -3.2152 ], [ -59.356, -3.2198 ], [ -59.3754, -3.2276 ], [ -59.3869, -3.2156 ], [ -59.3834, -3.2124 ] ] ] ] } },
{ "type": "Feature", "properties": { "tipo": "TI", "nome": "Cacique Fontoura" }, "geometry": { "type": "MultiPolygon", "coordinates": [ [ [ [ -50.7439, -11.4724 ], [ -50.7478, -11.4694 ], [ -50.7471, -11.4688 ], [ -50.7439, -11.4724 ] ] ], [ [ [ -50.842, -11.2517 ], [ -50.7073, -11.3175 ], [ -50.7099, -11.3244 ], [ -50.7116, -11.3405 ], [ -50.7203, -11.3479 ], [ -50.73, -11.3729 ], [ -50.7509, -11.4704 ], [ -50.9075, -11.4021 ], [ -50.842, -11.2517 ] ] ], [ [ [ -50.7091, -11.3488 ], [ -50.7204, -11.3486 ], [ -50.7117, -11.3441 ], [ -50.7082, -11.3317 ], [ -50.7091, -11.3488 ] ] ], [ [ [ -50.6789, -11.2924 ], [ -50.7025, -11.334 ], [ -50.6988, -11.3093 ], [ -50.6789, -11.2924 ] ] ], [ [ [ -50.8855, -11.3007 ], [ -50.8548, -11.2446 ], [ -50.8423, -11.2515 ], [ -50.8702, -11.3162 ], [ -50.8855, -11.3007 ] ] ] ] } },
{ "type": "Feature", "properties": { "tipo": "TI", "nome": "Tenharim Marmelos (Gleba B)" }, "geometry": { "type": "Polygon", "coordinates": [ [ [ -61.6775, -6.5658 ], [ -61.6623, -6.5891 ], [ -61.6877, -6.6211 ], [ -61.6908, -6.6813 ], [ -61.6352, -6.721 ], [ -61.6497, -6.73 ], [ -61.6868, -6.8774 ], [ -61.7875, -7.0703 ], [ -61.7942, -7.2157 ], [ -61.822, -7.2549 ], [ -61.8202, -7.2818 ], [ -61.7876, -7.3181 ], [ -61.7374, -7.5431 ], [ -61.6417, -7.4965 ], [ -61.6018, -7.5836 ], [ -61.5478, -7.5559 ], [ -61.5472, -7.6163 ], [ -61.6165, -7.6507 ], [ -61.6444, -7.703 ], [ -61.6768, -7.7262 ], [ -61.7206, -7.7347 ], [ -61.7151, -7.774 ], [ -61.8265, -7.8109 ], [ -62.1638, -7.8117 ], [ -62.1667, -7.777 ], [ -62.1948, -7.7701 ], [ -62.1805, -7.7145 ], [ -62.2196, -7.6705 ], [ -62.2337, -7.5218 ], [ -62.1944, -7.4564 ], [ -62.1668, -7.456 ], [ -62.1919, -7.3414 ], [ -62.1702, -7.203 ], [ -62.0966, -7.1426 ], [ -62.0008, -7.1061 ], [ -61.9133, -7.0293 ], [ -61.8085, -6.8264 ], [ -61.7963, -6.7016 ], [ -61.7372, -6.6331 ], [ -61.7028, -6.6236 ], [ -61.7044, -6.5748 ], [ -61.6775, -6.5658 ] ] ] } },
{ "type": "Feature", "properties": { "tipo": "TI", "nome": "Sepoti" }, "geometry": { "type": "MultiPolygon", "coordinates": [ [ [ [ -61.7875, -7.0703 ], [ -61.6868, -6.8774 ], [ -61.6426, -6.7147 ], [ -61.6151, -6.7109 ], [ -61.561, -6.85 ], [ -61.5649, -6.9082 ], [ -61.4146, -7.2579 ], [ -61.4388, -7.3057 ], [ -61.443, -7.4025 ], [ -61.5484, -7.5568 ], [ -61.6018, -7.5836 ], [ -61.6417, -7.4965 ], [ -61.7374, -7.5431 ], [ -61.7876, -7.3181 ], [ -61.8202, -7.2818 ], [ -61.822, -7.2549 ], [ -61.7942, -7.2157 ], [ -61.7875, -7.0703 ] ] ], [ [ [ -61.7104, -6.4279 ], [ -61.718, -6.4348 ], [ -61.7324, -6.436 ], [ -61.7325, -6.4238 ], [ -61.7104, -6.4279 ] ] ] ] } },
{ "type": "Feature", "properties": { "tipo": "TI", "nome": "Tikúna de Feijoal" }, "geometry": { "type": "MultiPolygon", "coordinates": [ [ [ [ -69.3555, -4.3461 ], [ -69.3186, -4.3604 ], [ -69.3253, -4.3852 ], [ -69.3556, -4.3974 ], [ -69.3482, -4.4158 ], [ -69.3742, -4.4211 ], [ -69.3767, -4.4418 ], [ -69.4103, -4.4422 ], [ -69.4298, -4.4826 ], [ -69.5013, -4.4241 ], [ -69.5029, -4.3962 ], [ -69.5287, -4.3683 ], [ -69.5443, -4.3707 ], [ -69.5613, -4.329 ], [ -69.5471, -4.3009 ], [ -69.457, -4.2532 ], [ -69.4328, -4.2244 ], [ -69.3555, -4.3461 ] ] ], [ [ [ -69.4942, -4.2591 ], [ -69.4646, -4.2077 ], [ -69.425, -4.1872 ], [ -69.4608, -4.2495 ], [ -69.4942, -4.2591 ] ] ] ] } },
{ "type": "Feature", "properties": { "tipo": "TI", "nome": "Kanela Memortumré" }, "geometry": { "type": "MultiPolygon", "coordinates": [ [ [ [ -45.2403, -6.0525 ], [ -45.248, -6.0948 ], [ -45.233, -6.1139 ], [ -45.2672, -6.1575 ], [ -45.2458, -6.2189 ], [ -45.2227, -6.2186 ], [ -45.183, -6.2617 ], [ -45.1397, -6.2764 ], [ -45.1177, -6.237 ], [ -45.0886, -6.2245 ], [ -44.9833, -6.2411 ], [ -44.9627, -6.23 ], [ -44.9525, -6.2532 ], [ -44.9114, -6.2558 ], [ -44.95, -6.3344 ], [ -45.0029, -6.3536 ], [ -45.0743, -6.3539 ], [ -45.0728, -6.3301 ], [ -45.0918, -6.3168 ], [ -45.1648, -6.3032 ], [ -45.1991, -6.3289 ], [ -45.214, -6.3187 ], [ -45.2593, -6.3485 ], [ -45.2792, -6.3418 ], [ -45.2686, -6.363 ], [ -45.3348, -6.4083 ], [ -45.3961, -6.4316 ], [ -45.4533, -6.425 ], [ -45.335, -6.1736 ], [ -45.3097, -6.0667 ], [ -45.2684, -6.0302 ], [ -45.2403, -6.0525 ] ] ], [ [ [ -44.958, -6.097 ], [ -44.9433, -6.036 ], [ -44.9586, -6.1959 ], [ -44.9844, -6.1297 ], [ -44.958, -6.097 ] ] ], [ [ [ -45.1068, -5.8533 ], [ -45.0419, -5.866 ], [ -44.9716, -5.9083 ], [ -44.9435, -5.9505 ], [ -44.9445, -5.9565 ], [ -44.9952, -5.9161 ], [ -44.9952, -5.8967 ], [ -45.1055, -5.8642 ], [ -45.1808, -5.8803 ], [ -45.278, -5.9932 ], [ -45.2845, -5.9745 ], [ -45.2361, -5.9386 ], [ -45.2403, -5.9022 ], [ -45.2126, -5.8541 ], [ -45.1894, -5.8489 ], [ -45.1665, -5.7806 ], [ -45.1068, -5.8533 ] ] ] ] } },
{ "type": "Feature", "properties": { "tipo": "TI", "nome": "Kulina do Rio Envira" }, "geometry": { "type": "Polygon", "coordinates": [ [ [ -71.3394, -9.2879 ], [ -71.2676, -9.3112 ], [ -71.2605, -9.3426 ], [ -71.2054, -9.3512 ], [ -71.1929, -9.3722 ], [ -71.1612, -9.3794 ], [ -71.1624, -9.394 ], [ -71.196, -9.4157 ], [ -71.226, -9.3956 ], [ -71.2524, -9.4085 ], [ -71.2579, -9.3881 ], [ -71.278, -9.4187 ], [ -71.2883, -9.4091 ], [ -71.3157, -9.4258 ], [ -71.3076, -9.4361 ], [ -71.3224, -9.4518 ], [ -71.3058, -9.4778 ], [ -71.3253, -9.4749 ], [ -71.3277, -9.4923 ], [ -71.3537, -9.4994 ], [ -71.3621, -9.5386 ], [ -71.4008, -9.5451 ], [ -71.3885, -9.5587 ], [ -71.407, -9.5641 ], [ -71.3987, -9.5763 ], [ -71.4236, -9.6002 ], [ -71.4154, -9.6126 ], [ -71.4318, -9.6026 ], [ -71.4541, -9.6379 ], [ -71.4791, -9.6346 ], [ -71.4803, -9.6505 ], [ -71.4918, -9.6408 ], [ -71.5267, -9.6682 ], [ -71.5556, -9.6601 ], [ -71.5637, -9.6185 ], [ -71.6017, -9.6184 ], [ -71.5998, -9.557 ], [ -71.5589, -9.5643 ], [ -71.5315, -9.5449 ], [ -71.5189, -9.4759 ], [ -71.4912, -9.4519 ], [ -71.4831, -9.4057 ], [ -71.4301, -9.3826 ], [ -71.4088, -9.3297 ], [ -71.4357, -9.311 ], [ -71.4135, -9.2563 ], [ -71.3983, -9.2426 ], [ -71.3394, -9.2879 ] ] ] } },
{ "type": "Feature", "properties": { "tipo": "TI", "nome": "Parque do Araguaia" }, "geometry": { "type": "Polygon", "coordinates": [ [ [ -50.5084, -12.8529 ], [ -50.5162, -12.8325 ], [ -50.5358, -12.8448 ], [ -50.5981, -12.8241 ], [ -50.5806, -12.7987 ], [ -50.6227, -12.8156 ], [ -50.6084, -12.7745 ], [ -50.6335, -12.7715 ], [ -50.6217, -12.7356 ], [ -50.636, -12.7204 ], [ -50.6288, -12.7019 ], [ -50.653, -12.6791 ], [ -50.6446, -12.6517 ], [ -50.6828, -12.6441 ], [ -50.7032, -12.603 ], [ -50.6676, -12.601 ], [ -50.6823, -12.5631 ], [ -50.6163, -12.432 ], [ -50.647, -12.3009 ], [ -50.6238, -12.2801 ], [ -50.6477, -12.2495 ], [ -50.6413, -12.2228 ], [ -50.6829, -12.2034 ], [ -50.6611, -12.0714 ], [ -50.6827, -12.0411 ], [ -50.6792, -11.9985 ], [ -50.6507, -11.9587 ], [ -50.6615, -11.92 ], [ -50.6386, -11.9065 ], [ -50.6364, -11.8794 ], [ -50.6802, -11.8612 ], [ -50.7193, -11.7326 ], [ -50.6801, -11.7133 ], [ -50.662, -11.6809 ], [ -50.6528, -11.6041 ], [ -50.6585, -11.5863 ], [ -50.6959, -11.5757 ], [ -50.7351, -11.5374 ], [ -50.7386, -11.4452 ], [ -50.652, -11.2457 ], [ -50.658, -11.1476 ], [ -50.6311, -11.094 ], [ -50.6119, -11.0944 ], [ -50.5943, -11.0725 ], [ -50.6252, -10.9466 ], [ -50.5915, -10.8939 ], [ -50.6147, -10.8371 ], [ -50.5685, -10.7586 ], [ -50.601, -10.6607 ], [ -50.5661, -10.6175 ], [ -50.5333, -10.6078 ], [ -50.518, -10.5363 ], [ -50.4797, -10.4941 ], [ -50.4846, -10.4667 ], [ -50.2466, -10.4648 ], [ -50.2608, -10.477 ], [ -50.2559, -10.4998 ], [ -50.2793, -10.5145 ], [ -50.2625, -10.5448 ], [ -50.2701, -10.5992 ], [ -50.258, -10.597 ], [ -50.2853, -10.6488 ], [ -50.2835, -10.6839 ], [ -50.2661, -10.7001 ], [ -50.2686, -10.7314 ], [ -50.2448, -10.7329 ], [ -50.2238, -10.766 ], [ -50.2094, -10.7653 ], [ -50.2453, -10.8334 ], [ -50.3833, -10.8334 ], [ -50.3833, -11.1667 ], [ -50.0026, -11.1667 ], [ -49.9968, -11.2496 ], [ -50.0184, -11.2785 ], [ -49.977, -11.3468 ], [ -49.9918, -11.355 ], [ -49.976, -11.3848 ], [ -50.0265, -11.4168 ], [ -50.0208, -11.4567 ], [ -50.0056, -11.4669 ], [ -50.0165, -11.5019 ], [ -50.004, -11.5754 ], [ -50.0149, -11.5883 ], [ -50.0262, -11.5806 ], [ -50.0076, -11.6005 ], [ -50.027, -11.628 ], [ -49.9855, -11.6323 ], [ -49.9899, -11.6533 ], [ -49.9452, -11.6898 ], [ -49.9128, -11.7448 ], [ -49.9269, -11.7442 ], [ -49.9444, -11.8333 ], [ -49.9159, -11.8588 ], [ -49.918, -11.9032 ], [ -49.8921, -11.9006 ], [ -49.8835, -11.9138 ], [ -49.9447, -12.0221 ], [ -49.9236, -12.0675 ], [ -49.942, -12.0935 ], [ -49.9891, -12.0924 ], [ -50.0219, -12.0578 ], [ -50.0685, -12.13 ], [ -50.0972, -12.1314 ], [ -50.0838, -12.1982 ], [ -50.1008, -12.2015 ], [ -50.1009, -12.2242 ], [ -50.1308, -12.223 ], [ -50.1242, -12.2524 ], [ -50.1447, -12.2592 ], [ -50.1149, -12.2641 ], [ -50.1057, -12.3235 ], [ -50.1273, -12.3291 ], [ -50.1174, -12.3719 ], [ -50.1364, -12.3708 ], [ -50.1309, -12.3871 ], [ -50.171, -12.4051 ], [ -50.1739, -12.4223 ], [ -50.1963, -12.4141 ], [ -50.1851, -12.4327 ], [ -50.311, -12.4945 ], [ -50.3331, -12.5361 ], [ -50.3673, -12.5453 ], [ -50.3684, -12.5744 ], [ -50.3988, -12.6001 ], [ -50.3918, -12.6123 ], [ -50.418, -12.6236 ], [ -50.413, -12.6493 ], [ -50.4262, -12.6414 ], [ -50.4407, -12.6523 ], [ -50.427, -12.6526 ], [ -50.4332, -12.6915 ], [ -50.4783, -12.7109 ], [ -50.4663, -12.7321 ], [ -50.4875, -12.7458 ], [ -50.4682, -12.755 ], [ -50.493, -12.7833 ], [ -50.4841, -12.8102 ], [ -50.5084, -12.8529 ] ] ] } },
{ "type": "Feature", "properties": { "tipo": "TI", "nome": "Sororó" }, "geometry": { "type": "Polygon", "coordinates": [ [ [ -48.5858, -5.9927 ], [ -48.7577, -6.0045 ], [ -48.7883, -5.9039 ], [ -48.7444, -5.8572 ], [ -48.6241, -5.8764 ], [ -48.6319, -5.8984 ], [ -48.5858, -5.9927 ] ] ] } },
{ "type": "Feature", "properties": { "tipo": "TI", "nome": "Xikrin do Rio Catete" }, "geometry": { "type": "MultiPolygon", "coordinates": [ [ [ [ -51.1739, -6.1139 ], [ -51.1604, -6.1108 ], [ -51.1603, -6.1087 ], [ -51.1616, -6.1073 ], [ -51.161, -6.106 ], [ -51.1627, -6.1049 ], [ -51.1581, -6.0848 ], [ -51.1515, -6.0828 ], [ -51.1508, -6.082 ], [ -51.151, -6.0802 ], [ -51.1414, -6.0779 ], [ -51.1449, -6.0727 ], [ -51.1323, -6.0431 ], [ -51.0149, -6.0538 ], [ -50.9852, -6.0131 ], [ -50.9932, -5.9968 ], [ -50.984, -5.9976 ], [ -50.9513, -5.9775 ], [ -50.9488, -5.9704 ], [ -50.8999, -5.9877 ], [ -50.7986, -5.9702 ], [ -50.7787, -5.9873 ], [ -50.7228, -5.9536 ], [ -50.7231, -6.0014 ], [ -50.7331, -5.9973 ], [ -50.742, -5.9986 ], [ -50.7244, -6.0371 ], [ -50.7396, -6.0468 ], [ -50.719, -6.0615 ], [ -50.7206, -6.1261 ], [ -50.7061, -6.1405 ], [ -50.6932, -6.1286 ], [ -50.6926, -6.1467 ], [ -50.6723, -6.1557 ], [ -50.6444, -6.1506 ], [ -50.6477, -6.1668 ], [ -50.6335, -6.1648 ], [ -50.6166, -6.1917 ], [ -50.6154, -6.2211 ], [ -50.5429, -6.2661 ], [ -50.5457, -6.3107 ], [ -50.516, -6.3465 ], [ -50.4944, -6.3383 ], [ -50.4882, -6.35 ], [ -50.5106, -6.3881 ], [ -50.4973, -6.4004 ], [ -50.5072, -6.4284 ], [ -50.4787, -6.4479 ], [ -50.4942, -6.4829 ], [ -50.4774, -6.4886 ], [ -50.4976, -6.4972 ], [ -50.4797, -6.5152 ], [ -50.5043, -6.5863 ], [ -50.4697, -6.6047 ], [ -50.4703, -6.6442 ], [ -50.5082, -6.6578 ], [ -50.5488, -6.7192 ], [ -50.5613, -6.7227 ], [ -50.7041, -6.7104 ], [ -50.7972, -6.6639 ], [ -50.8472, -6.6607 ], [ -50.8776, -6.6788 ], [ -50.9901, -6.6691 ], [ -51.0128, -6.635 ], [ -51.0088, -6.5888 ], [ -51.0589, -6.5323 ], [ -51.0354, -6.472 ], [ -51.1739, -6.1139 ] ], [ [ -51.1612, -6.1067 ], [ -51.1611, -6.1068 ], [ -51.1611, -6.1067 ], [ -51.1612, -6.1067 ] ], [ [ -51.1562, -6.0923 ], [ -51.1563, -6.0925 ], [ -51.1562, -6.0925 ], [ -51.1562, -6.0923 ] ], [ [ -51.1467, -6.0799 ], [ -51.1466, -6.08 ], [ -51.1466, -6.0799 ], [ -51.1467, -6.0799 ] ], [ [ -51.1354, -6.0522 ], [ -51.1353, -6.0522 ], [ -51.1353, -6.0521 ], [ -51.1354, -6.0522 ] ], [ [ -50.8683, -5.9827 ], [ -50.8686, -5.9824 ], [ -50.8687, -5.9827 ], [ -50.8683, -5.9827 ] ] ], [ [ [ -51.1612, -6.1081 ], [ -51.1612, -6.1082 ], [ -51.1613, -6.1081 ], [ -51.1612, -6.1081 ] ] ], [ [ [ -51.1513, -6.0823 ], [ -51.1512, -6.0822 ], [ -51.1512, -6.0823 ], [ -51.1513, -6.0823 ] ] ], [ [ [ -50.9552, -5.977 ], [ -50.9551, -5.9769 ], [ -50.9551, -5.977 ], [ -50.9552, -5.977 ] ] ] ] } },
{ "type": "Feature", "properties": { "tipo": "TI", "nome": "Menkü" }, "geometry": { "type": "Polygon", "coordinates": [ [ [ -58.3136, -12.2838 ], [ -58.3866, -12.286 ], [ -58.4214, -12.3149 ], [ -58.4683, -12.2888 ], [ -58.5084, -12.2998 ], [ -58.5298, -12.2567 ], [ -58.4753, -12.1699 ], [ -58.4896, -12.1246 ], [ -58.4853, -12.0615 ], [ -58.3654, -12.044 ], [ -58.3882, -12.1193 ], [ -58.31, -12.1875 ], [ -58.3136, -12.2838 ] ] ] } },
{ "type": "Feature", "properties": { "tipo": "TI", "nome": "Marechal Rondon" }, "geometry": { "type": "MultiPolygon", "coordinates": [ [ [ [ -53.8931, -13.7355 ], [ -53.8517, -13.7071 ], [ -53.8624, -13.7391 ], [ -53.8397, -13.7615 ], [ -53.8572, -13.7785 ], [ -53.8441, -13.8391 ], [ -53.8595, -13.8734 ], [ -53.8279, -13.9779 ], [ -53.8528, -14.019 ], [ -53.842, -14.0406 ], [ -53.9312, -14.068 ], [ -53.9634, -14.1484 ], [ -54.0055, -14.1929 ], [ -54.0624, -14.1883 ], [ -54.0788, -14.1709 ], [ -54.0886, -14.0366 ], [ -54.1131, -14.0091 ], [ -54.0997, -13.9922 ], [ -54.1114, -13.9375 ], [ -54.09, -13.9115 ], [ -54.0994, -13.8832 ], [ -54.0799, -13.8812 ], [ -54.0718, -13.8395 ], [ -54.0897, -13.8371 ], [ -54.0756, -13.8268 ], [ -54.0873, -13.8147 ], [ -54.0431, -13.7953 ], [ -53.9663, -13.821 ], [ -53.9567, -13.7949 ], [ -53.9273, -13.7766 ], [ -53.9184, -13.7427 ], [ -53.9052, -13.7421 ], [ -53.9023, -13.7375 ], [ -53.8931, -13.7355 ] ] ], [ [ [ -53.8928, -13.734 ], [ -53.8931, -13.7338 ], [ -53.8924, -13.734 ], [ -53.8928, -13.734 ] ] ] ] } },
{ "type": "Feature", "properties": { "tipo": "TI", "nome": "Tereza Cristina" }, "geometry": { "type": "Polygon", "coordinates": [ [ [ -55.1408, -16.4873 ], [ -55.0216, -16.4897 ], [ -55.0162, -16.529 ], [ -55.0382, -16.5513 ], [ -55.0474, -16.5388 ], [ -55.0646, -16.5454 ], [ -55.0497, -16.5762 ], [ -54.9661, -16.5523 ], [ -54.9539, -16.5623 ], [ -54.9866, -16.5693 ], [ -54.9643, -16.5971 ], [ -54.9771, -16.6448 ], [ -54.994, -16.6188 ], [ -55.0747, -16.6404 ], [ -55.1787, -16.5931 ], [ -55.209, -16.6101 ], [ -55.2077, -16.6251 ], [ -55.2232, -16.6149 ], [ -55.2143, -16.5879 ], [ -55.238, -16.5622 ], [ -55.2341, -16.5388 ], [ -55.1886, -16.5585 ], [ -55.182, -16.5356 ], [ -55.1341, -16.5036 ], [ -55.1408, -16.4873 ] ] ] } },
{ "type": "Feature", "properties": { "tipo": "TI", "nome": "Tadarimana" }, "geometry": { "type": "Polygon", "coordinates": [ [ [ -54.5251, -16.4886 ], [ -54.4632, -16.5307 ], [ -54.4359, -16.5297 ], [ -54.4309, -16.5523 ], [ -54.4837, -16.5754 ], [ -54.4996, -16.556 ], [ -54.5336, -16.5703 ], [ -54.5455, -16.5467 ], [ -54.567, -16.5549 ], [ -54.5781, -16.5278 ], [ -54.5686, -16.4882 ], [ -54.5251, -16.4886 ] ] ] } },
{ "type": "Feature", "properties": { "tipo": "TI", "nome": "Rio Omerê" }, "geometry": { "type": "Polygon", "coordinates": [ [ [ -61.1762, -12.7376 ], [ -61.0141, -12.7478 ], [ -61.0045, -12.7629 ], [ -61.0169, -12.8409 ], [ -61.063, -12.8306 ], [ -61.0728, -12.8987 ], [ -61.1188, -12.8989 ], [ -61.1336, -12.8781 ], [ -61.1881, -12.891 ], [ -61.1762, -12.7376 ] ] ] } },
{ "type": "Feature", "properties": { "tipo": "TI", "nome": "Sissaíma" }, "geometry": { "type": "Polygon", "coordinates": [ [ [ -59.4334, -3.4153 ], [ -59.4977, -3.3552 ], [ -59.4775, -3.341 ], [ -59.4407, -3.3723 ], [ -59.4019, -3.3694 ], [ -59.4086, -3.398 ], [ -59.3881, -3.4114 ], [ -59.3995, -3.4221 ], [ -59.3878, -3.4503 ], [ -59.3965, -3.4954 ], [ -59.4362, -3.4976 ], [ -59.4334, -3.4153 ] ] ] } },
{ "type": "Feature", "properties": { "tipo": "TI", "nome": "Xambioá" }, "geometry": { "type": "Polygon", "coordinates": [ [ [ -49.1835, -7.181 ], [ -49.1865, -7.1038 ], [ -49.1316, -7.1045 ], [ -49.1264, -7.1084 ], [ -49.1835, -7.181 ] ] ] } },
{ "type": "Feature", "properties": { "tipo": "TI", "nome": "Tabalascada" }, "geometry": { "type": "Polygon", "coordinates": [ [ [ -60.6306, 2.71 ], [ -60.5686, 2.7581 ], [ -60.5196, 2.7165 ], [ -60.5209, 2.6721 ], [ -60.5409, 2.6586 ], [ -60.5322, 2.6275 ], [ -60.5712, 2.605 ], [ -60.6148, 2.6568 ], [ -60.6306, 2.71 ] ] ] } },
{ "type": "Feature", "properties": { "tipo": "TI", "nome": "Taihantesu" }, "geometry": { "type": "Polygon", "coordinates": [ [ [ -59.5557, -14.1511 ], [ -59.5893, -14.0946 ], [ -59.5277, -14.0633 ], [ -59.5074, -14.1378 ], [ -59.5247, -14.1574 ], [ -59.5388, -14.1432 ], [ -59.5557, -14.1511 ] ] ] } },
{ "type": "Feature", "properties": { "tipo": "TI", "nome": "Figueiras" }, "geometry": { "type": "Polygon", "coordinates": [ [ [ -58.5977, -14.8057 ], [ -58.623, -14.8403 ], [ -58.7133, -14.7579 ], [ -58.6762, -14.7127 ], [ -58.5998, -14.7419 ], [ -58.5977, -14.8057 ] ] ] } },
{ "type": "Feature", "properties": { "tipo": "TI", "nome": "Trocará" }, "geometry": { "type": "Polygon", "coordinates": [ [ [ -49.6613, -3.4688 ], [ -49.6068, -3.5217 ], [ -49.652, -3.6195 ], [ -49.7016, -3.6106 ], [ -49.8017, -3.6769 ], [ -49.8325, -3.6241 ], [ -49.6784, -3.5081 ], [ -49.6613, -3.4688 ] ] ] } },
{ "type": "Feature", "properties": { "tipo": "TI", "nome": "Krikati" }, "geometry": { "type": "Polygon", "coordinates": [ [ [ -46.9363, -5.6587 ], [ -46.8557, -5.6798 ], [ -46.8469, -5.7168 ], [ -46.8031, -5.7243 ], [ -46.7613, -5.8069 ], [ -46.7749, -5.8303 ], [ -46.7329, -5.9477 ], [ -46.7318, -6.0511 ], [ -46.8593, -6.08 ], [ -46.9074, -6.0348 ], [ -46.967, -6.0474 ], [ -46.9756, -6.0371 ], [ -47.0487, -6.0693 ], [ -47.1419, -6.073 ], [ -47.1523, -6.0429 ], [ -47.1724, -6.0334 ], [ -47.1539, -6.0169 ], [ -47.1436, -5.9602 ], [ -47.1607, -5.9223 ], [ -47.1324, -5.907 ], [ -47.1321, -5.8687 ], [ -47.0157, -5.8808 ], [ -47.0066, -5.7177 ], [ -46.9363, -5.6587 ] ] ] } },
{ "type": "Feature", "properties": { "tipo": "TI", "nome": "Funil" }, "geometry": { "type": "Polygon", "coordinates": [ [ [ -48.3722, -9.6014 ], [ -48.2776, -9.5769 ], [ -48.2423, -9.606 ], [ -48.2327, -9.6632 ], [ -48.2567, -9.687 ], [ -48.3776, -9.6729 ], [ -48.4031, -9.6227 ], [ -48.3858, -9.6247 ], [ -48.3722, -9.6014 ] ] ] } },
{ "type": "Feature", "properties": { "tipo": "TI", "nome": "Urucu/Juruá" }, "geometry": { "type": "Polygon", "coordinates": [ [ [ -46.0013, -5.3605 ], [ -45.9874, -5.3563 ], [ -45.9849, -5.331 ], [ -45.9455, -5.3264 ], [ -45.9295, -5.3031 ], [ -45.8404, -5.4117 ], [ -45.8854, -5.4434 ], [ -46.0013, -5.3605 ] ] ] } },
{ "type": "Feature", "properties": { "tipo": "TI", "nome": "Tukuna Umariaçu" }, "geometry": { "type": "Polygon", "coordinates": [ [ [ -69.9447, -4.2592 ], [ -69.8401, -4.2324 ], [ -69.8513, -4.2591 ], [ -69.8256, -4.2892 ], [ -69.8865, -4.2721 ], [ -69.9118, -4.2924 ], [ -69.9447, -4.2592 ] ] ] } },
{ "type": "Feature", "properties": { "tipo": "TI", "nome": "Waiãpi" }, "geometry": { "type": "MultiPolygon", "coordinates": [ [ [ [ -53.2144, 1.4164 ], [ -53.2364, 1.5201 ], [ -53.2167, 1.6589 ], [ -53.2253, 1.7246 ], [ -53.0896, 1.8439 ], [ -53.0664, 1.8407 ], [ -53.0377, 1.6811 ], [ -53.0447, 1.5164 ], [ -52.9558, 1.4841 ], [ -52.9288, 1.5204 ], [ -52.8822, 1.5339 ], [ -52.9167, 1.4398 ], [ -52.889, 1.3959 ], [ -52.9249, 1.3409 ], [ -52.8292, 1.3367 ], [ -52.7411, 1.2977 ], [ -52.6866, 1.3442 ], [ -52.6542, 1.2769 ], [ -52.635, 1.2802 ], [ -52.6274, 1.2571 ], [ -52.5894, 1.2481 ], [ -52.574, 1.2131 ], [ -52.5019, 1.2185 ], [ -52.4601, 1.1972 ], [ -52.5062, 1.0294 ], [ -52.4068, 0.9507 ], [ -52.4669, 0.9217 ], [ -52.4984, 0.884 ], [ -52.4978, 0.8632 ], [ -52.5596, 0.8452 ], [ -52.5621, 0.8305 ], [ -52.6003, 0.8369 ], [ -52.6345, 0.7982 ], [ -52.6379, 0.7582 ], [ -52.6783, 0.7335 ], [ -52.8089, 0.7287 ], [ -52.853, 0.7016 ], [ -52.9103, 0.6284 ], [ -53.0747, 0.6311 ], [ -53.1086, 0.6458 ], [ -53.1217, 0.692 ], [ -53.0906, 0.7276 ], [ -53.0936, 0.8461 ], [ -53.0735, 0.8914 ], [ -53.0891, 0.9146 ], [ -53.0815, 0.9273 ], [ -53.1255, 0.9554 ], [ -53.1122, 0.9706 ], [ -53.1481, 0.9976 ], [ -53.1544, 1.0291 ], [ -53.1865, 1.0219 ], [ -53.1995, 1.0367 ], [ -53.1832, 1.0846 ], [ -53.1916, 1.1443 ], [ -53.1571, 1.1526 ], [ -53.1547, 1.1762 ], [ -53.1962, 1.1852 ], [ -53.2203, 1.2152 ], [ -53.2059, 1.2102 ], [ -53.1928, 1.2944 ], [ -53.1433, 1.3689 ], [ -53.1668, 1.3729 ], [ -53.1521, 1.3835 ], [ -53.177, 1.4039 ], [ -53.2144, 1.4164 ] ] ] ] } },
{ "type": "Feature", "properties": { "tipo": "TI", "nome": "Caru" }, "geometry": { "type": "Polygon", "coordinates": [ [ [ -46.4363, -3.5909 ], [ -46.4022, -3.5915 ], [ -46.4035, -3.5704 ], [ -46.3825, -3.583 ], [ -46.3649, -3.5709 ], [ -46.3683, -3.5545 ], [ -46.3567, -3.5673 ], [ -46.3239, -3.55 ], [ -46.3274, -3.5384 ], [ -46.2977, -3.5391 ], [ -46.3025, -3.5587 ], [ -46.2886, -3.5477 ], [ -46.2771, -3.5622 ], [ -46.2576, -3.5576 ], [ -46.2429, -3.5848 ], [ -46.2137, -3.5826 ], [ -46.2051, -3.5962 ], [ -46.1892, -3.5731 ], [ -46.1425, -3.5858 ], [ -46.132, -3.6062 ], [ -46.0998, -3.5936 ], [ -46.0759, -3.6201 ], [ -46.0575, -3.6121 ], [ -46.0471, -3.6213 ], [ -46.0618, -3.6395 ], [ -46.0393, -3.6533 ], [ -46.0263, -3.642 ], [ -46.0174, -3.6735 ], [ -45.992, -3.6662 ], [ -45.992, -3.6828 ], [ -46.0139, -3.7059 ], [ -46.0495, -3.7004 ], [ -46.0683, -3.717 ], [ -46.1018, -3.7173 ], [ -46.1576, -3.774 ], [ -46.2166, -3.9346 ], [ -46.2968, -3.9303 ], [ -46.3325, -3.8578 ], [ -46.7021, -3.7545 ], [ -46.6634, -3.7366 ], [ -46.6609, -3.7187 ], [ -46.5656, -3.6392 ], [ -46.4696, -3.6088 ], [ -46.4727, -3.5958 ], [ -46.4453, -3.5749 ], [ -46.4363, -3.5909 ] ] ] } },
{ "type": "Feature", "properties": { "tipo": "TI", "nome": "Igarapé do Caucho" }, "geometry": { "type": "Polygon", "coordinates": [ [ [ -70.6855, -8.212 ], [ -70.6587, -8.2761 ], [ -70.6234, -8.3024 ], [ -70.6565, -8.3372 ], [ -70.7382, -8.3044 ], [ -70.7603, -8.2765 ], [ -70.7615, -8.2341 ], [ -70.6855, -8.212 ] ] ] } },
{ "type": "Feature", "properties": { "tipo": "TI", "nome": "Nova Jacundá" }, "geometry": { "type": "Polygon", "coordinates": [ [ [ -48.9731, -4.74 ], [ -48.9444, -4.7395 ], [ -48.9396, -4.7542 ], [ -48.9637, -4.7612 ], [ -48.9731, -4.74 ] ] ] } },
{ "type": "Feature", "properties": { "tipo": "TI", "nome": "Sagarana" }, "geometry": { "type": "Polygon", "coordinates": [ [ [ -65.0126, -11.896 ], [ -65.0073, -11.8299 ], [ -64.8844, -11.8299 ], [ -64.9069, -11.8327 ], [ -64.9103, -11.8768 ], [ -64.949, -11.8929 ], [ -64.9614, -11.9191 ], [ -64.9415, -11.9471 ], [ -64.9556, -11.9546 ], [ -64.8995, -11.9622 ], [ -64.8878, -11.983 ], [ -64.9098, -12.0028 ], [ -64.9103, -11.9696 ], [ -64.9258, -11.9656 ], [ -64.9359, -11.9913 ], [ -64.9639, -11.9959 ], [ -64.9762, -12.0171 ], [ -65.0037, -11.9913 ], [ -65.0321, -11.9947 ], [ -65.0254, -11.9689 ], [ -65.041, -11.9609 ], [ -65.0126, -11.896 ] ] ] } },
{ "type": "Feature", "properties": { "tipo": "TI", "nome": "Paraná do Arauató" }, "geometry": { "type": "Polygon", "coordinates": [ [ [ -58.6869, -3.1755 ], [ -58.6559, -3.2098 ], [ -58.6229, -3.1902 ], [ -58.6038, -3.2404 ], [ -58.6413, -3.2364 ], [ -58.6601, -3.2525 ], [ -58.6662, -3.2358 ], [ -58.7028, -3.2282 ], [ -58.7079, -3.2069 ], [ -58.6869, -3.1755 ] ] ] } },
{ "type": "Feature", "properties": { "tipo": "TI", "nome": "Cué Cué/ Marabitanas" }, "geometry": { "type": "MultiPolygon", "coordinates": [ [ [ [ -67.3146, 0.4783 ], [ -67.3192, 0.4749 ], [ -67.3194, 0.4763 ], [ -67.3146, 0.4783 ] ] ], [ [ [ -67.0861, 1.1665 ], [ -66.8429, 1.2209 ], [ -66.3144, 0.7471 ], [ -66.3117, 0.7307 ], [ -66.2365, 0.6909 ], [ -66.2558, 0.6146 ], [ -66.3725, 0.676 ], [ -66.4239, 0.6784 ], [ -66.4635, 0.7083 ], [ -66.5456, 0.6741 ], [ -66.6132, 0.6824 ], [ -66.6466, 0.66 ], [ -66.7016, 0.5748 ], [ -66.7695, 0.6004 ], [ -66.7546, 0.5724 ], [ -66.7618, 0.5519 ], [ -66.8119, 0.5218 ], [ -66.9124, 0.3795 ], [ -66.8536, 0.1849 ], [ -66.8144, 0.1644 ], [ -66.8959, 0.1094 ], [ -66.9352, 0.0579 ], [ -67.0117, 0.021 ], [ -67.0687, 0.0173 ], [ -67.0937, -0.0766 ], [ -67.1194, -0.1111 ], [ -67.1324, -0.063 ], [ -67.1698, -0.0151 ], [ -67.2666, 0.0283 ], [ -67.2599, 0.0694 ], [ -67.324, 0.1341 ], [ -67.3238, 0.2649 ], [ -67.2996, 0.3851 ], [ -67.32, 0.4727 ], [ -67.3108, 0.4706 ], [ -67.2941, 0.5199 ], [ -67.2561, 0.532 ], [ -67.2491, 0.6261 ], [ -67.2123, 0.6558 ], [ -67.2409, 0.7689 ], [ -67.2322, 0.8216 ], [ -67.2487, 0.8536 ], [ -67.1784, 0.9362 ], [ -67.193, 0.9553 ], [ -67.1551, 0.9753 ], [ -67.1566, 0.9947 ], [ -67.1321, 1.0119 ], [ -67.0985, 1.0146 ], [ -67.0583, 1.0852 ], [ -67.0179, 1.1063 ], [ -67.0861, 1.1665 ] ] ] ] } },
{ "type": "Feature", "properties": { "tipo": "TI", "nome": "Rio Jumas" }, "geometry": { "type": "Polygon", "coordinates": [ [ [ -59.9344, -3.8442 ], [ -59.8777, -3.7887 ], [ -59.8348, -3.8138 ], [ -59.829, -3.8388 ], [ -59.8552, -3.851 ], [ -59.8712, -3.9075 ], [ -59.8933, -3.9116 ], [ -59.9379, -3.8817 ], [ -59.9344, -3.8442 ] ] ] } },
{ "type": "Feature", "properties": { "tipo": "TI", "nome": "Amanayé" }, "geometry": { "type": "Polygon", "coordinates": [ [ [ -48.9025, -3.9287 ], [ -48.8713, -3.848 ], [ -48.8978, -3.8441 ], [ -48.9006, -3.8132 ], [ -48.8782, -3.8006 ], [ -48.8762, -3.7744 ], [ -48.8483, -3.7439 ], [ -48.8521, -3.7007 ], [ -48.8681, -3.6963 ], [ -48.8502, -3.677 ], [ -48.819, -3.6867 ], [ -48.8191, -3.7113 ], [ -48.6989, -3.7385 ], [ -48.7091, -3.7447 ], [ -48.7115, -3.7587 ], [ -48.6645, -3.7483 ], [ -48.6445, -3.7808 ], [ -48.6058, -3.7834 ], [ -48.5796, -3.8146 ], [ -48.549, -3.8022 ], [ -48.5365, -3.8147 ], [ -48.5308, -3.8023 ], [ -48.4985, -3.8228 ], [ -48.4753, -3.8188 ], [ -48.4619, -3.8378 ], [ -48.4783, -3.8738 ], [ -48.4654, -3.9351 ], [ -48.4858, -3.9594 ], [ -48.4595, -3.9951 ], [ -48.4933, -4.0756 ], [ -48.6145, -4.1395 ], [ -48.6258, -4.1197 ], [ -48.649, -4.1312 ], [ -48.6753, -4.1111 ], [ -48.6809, -4.1236 ], [ -48.6969, -4.1164 ], [ -48.7704, -4.063 ], [ -48.7999, -4.0714 ], [ -48.9025, -3.9287 ] ] ] } },
{ "type": "Feature", "properties": { "tipo": "TI", "nome": "Lagoa Comprida" }, "geometry": { "type": "Polygon", "coordinates": [ [ [ -45.7337, -5.2629 ], [ -45.6872, -5.2748 ], [ -45.6694, -5.3342 ], [ -45.7404, -5.4003 ], [ -45.8098, -5.3105 ], [ -45.7768, -5.282 ], [ -45.7441, -5.2845 ], [ -45.7337, -5.2629 ] ] ] } },
{ "type": "Feature", "properties": { "tipo": "TI", "nome": "Governador" }, "geometry": { "type": "Polygon", "coordinates": [ [ [ -46.6425, -5.6264 ], [ -46.7391, -5.5375 ], [ -46.7472, -5.362 ], [ -46.7363, -5.3545 ], [ -46.5791, -5.4492 ], [ -46.5885, -5.4911 ], [ -46.5475, -5.5388 ], [ -46.5586, -5.5934 ], [ -46.6425, -5.6264 ] ] ] } },
{ "type": "Feature", "properties": { "tipo": "TI", "nome": "Kaxarari" }, "geometry": { "type": "Polygon", "coordinates": [ [ [ -66.182, -9.1689 ], [ -66.1292, -9.1739 ], [ -66.1405, -9.2227 ], [ -66.1078, -9.2662 ], [ -66.1292, -9.4319 ], [ -66.1034, -9.4578 ], [ -66.102, -9.516 ], [ -66.1756, -9.5371 ], [ -66.2076, -9.5297 ], [ -66.2217, -9.5584 ], [ -66.3724, -9.5787 ], [ -66.4358, -9.5651 ], [ -66.4767, -9.5087 ], [ -66.5194, -9.5059 ], [ -66.5384, -9.4545 ], [ -66.5248, -9.4387 ], [ -66.5304, -9.4115 ], [ -66.5037, -9.3728 ], [ -66.4828, -9.3786 ], [ -66.4648, -9.3642 ], [ -66.4312, -9.2603 ], [ -66.4067, -9.2767 ], [ -66.3202, -9.2542 ], [ -66.2551, -9.227 ], [ -66.182, -9.1689 ] ] ] } },
{ "type": "Feature", "properties": { "tipo": "TI", "nome": "Balaio" }, "geometry": { "type": "Polygon", "coordinates": [ [ [ -66.4386, 0.6851 ], [ -66.3725, 0.676 ], [ -66.2558, 0.6146 ], [ -66.3434, 0.5024 ], [ -66.3862, 0.5002 ], [ -66.4043, 0.5208 ], [ -66.4601, 0.4794 ], [ -66.4769, 0.3991 ], [ -66.4579, 0.3444 ], [ -66.458, 0.2604 ], [ -66.476, 0.2745 ], [ -66.4814, 0.2413 ], [ -66.5057, 0.236 ], [ -66.4989, 0.2748 ], [ -66.5242, 0.2881 ], [ -66.5408, 0.2361 ], [ -66.5796, 0.2046 ], [ -66.5941, 0.1445 ], [ -66.6387, 0.1482 ], [ -66.6683, 0.1853 ], [ -66.6727, 0.1439 ], [ -66.7124, 0.0983 ], [ -66.7698, 0.1348 ], [ -66.7969, 0.1269 ], [ -66.795, 0.1598 ], [ -66.8536, 0.1849 ], [ -66.9124, 0.3795 ], [ -66.8119, 0.5218 ], [ -66.7618, 0.5519 ], [ -66.7546, 0.5724 ], [ -66.7695, 0.6004 ], [ -66.7009, 0.5751 ], [ -66.6466, 0.66 ], [ -66.6026, 0.6879 ], [ -66.5456, 0.6741 ], [ -66.4635, 0.7083 ], [ -66.4386, 0.6851 ] ] ] } },
{ "type": "Feature", "properties": { "tipo": "TI", "nome": "Banawá" }, "geometry": { "type": "Polygon", "coordinates": [ [ [ -64.9466, -6.4922 ], [ -64.8044, -6.5063 ], [ -64.7168, -6.6231 ], [ -64.6849, -6.673 ], [ -64.7032, -6.787 ], [ -64.6899, -6.8135 ], [ -64.7338, -6.8397 ], [ -64.788, -6.8445 ], [ -64.91, -6.9862 ], [ -65.0723, -7.125 ], [ -65.0987, -7.0524 ], [ -65.0308, -6.9897 ], [ -65.0846, -6.9688 ], [ -65.0667, -6.9327 ], [ -65.1053, -6.8832 ], [ -65.0909, -6.866 ], [ -65.1124, -6.8151 ], [ -65.0886, -6.7886 ], [ -65.088, -6.7629 ], [ -65.0673, -6.7543 ], [ -65.0728, -6.709 ], [ -65.0562, -6.6853 ], [ -65.0675, -6.6759 ], [ -65.0363, -6.6606 ], [ -65.0364, -6.6377 ], [ -65.0491, -6.6383 ], [ -65.0071, -6.5985 ], [ -65.0233, -6.5743 ], [ -65.0117, -6.5711 ], [ -65.0106, -6.5237 ], [ -64.9466, -6.4922 ] ] ] } },
{ "type": "Feature", "properties": { "tipo": "TI", "nome": "Barreira da Missão" }, "geometry": { "type": "Polygon", "coordinates": [ [ [ -64.6285, -3.4448 ], [ -64.6582, -3.4207 ], [ -64.6404, -3.3893 ], [ -64.6129, -3.4018 ], [ -64.6285, -3.4448 ] ] ] } },
{ "type": "Feature", "properties": { "tipo": "TI", "nome": "Batovi" }, "geometry": { "type": "Polygon", "coordinates": [ [ [ -53.9072, -12.8962 ], [ -53.8872, -12.9349 ], [ -53.9205, -12.9733 ], [ -53.919, -12.9992 ], [ -53.9821, -12.9981 ], [ -53.9341, -12.9524 ], [ -53.9321, -12.9143 ], [ -53.9072, -12.8962 ] ] ] } },
{ "type": "Feature", "properties": { "tipo": "TI", "nome": "Baú" }, "geometry": { "type": "Polygon", "coordinates": [ [ [ -54.7678, -6.4641 ], [ -54.7608, -6.4529 ], [ -54.7283, -6.4768 ], [ -54.7186, -6.5586 ], [ -54.7009, -6.5716 ], [ -54.6352, -6.594 ], [ -54.5978, -6.5672 ], [ -54.5969, -6.6399 ], [ -54.6176, -6.6753 ], [ -54.6072, -6.7114 ], [ -54.5732, -6.7215 ], [ -54.5049, -6.7849 ], [ -54.4618, -6.7915 ], [ -54.4696, -6.8063 ], [ -54.4523, -6.8237 ], [ -54.414, -6.8403 ], [ -54.364, -6.8235 ], [ -54.3401, -6.8434 ], [ -54.3172, -6.8302 ], [ -54.2667, -6.8444 ], [ -54.1887, -6.8017 ], [ -54.154, -6.8188 ], [ -54.1551, -6.8355 ], [ -54.174, -6.8373 ], [ -54.1549, -6.8508 ], [ -54.134, -6.8427 ], [ -54.0789, -6.9144 ], [ -54.0497, -6.9252 ], [ -54.0472, -6.9719 ], [ -54.0101, -7.0086 ], [ -53.9991, -7.0877 ], [ -54.0178, -7.1202 ], [ -53.9328, -7.1578 ], [ -53.9451, -7.169 ], [ -53.9266, -7.1906 ], [ -53.9439, -7.2071 ], [ -53.9359, -7.2507 ], [ -53.9214, -7.2467 ], [ -53.8651, -7.3213 ], [ -53.9113, -7.3758 ], [ -53.9122, -7.3947 ], [ -53.879, -7.4272 ], [ -53.891, -7.4296 ], [ -53.876, -7.4586 ], [ -53.8936, -7.5023 ], [ -53.8865, -7.5322 ], [ -53.9573, -7.5787 ], [ -53.9769, -7.6266 ], [ -54.0783, -7.6977 ], [ -54.0704, -7.804 ], [ -54.0982, -7.908 ], [ -54.053, -8.0711 ], [ -54.1123, -8.0718 ], [ -54.1235, -8.1174 ], [ -54.1637, -8.0952 ], [ -54.2578, -8.136 ], [ -54.3039, -8.0874 ], [ -54.3259, -8.1553 ], [ -54.3735, -8.1825 ], [ -54.5, -8.1472 ], [ -54.5049, -8.1834 ], [ -54.5833, -8.1742 ], [ -54.627, -8.1483 ], [ -54.6588, -8.1517 ], [ -54.6855, -8.1802 ], [ -54.7378, -8.0771 ], [ -54.7179, -8.0383 ], [ -54.723, -8.016 ], [ -54.6938, -8.0047 ], [ -54.6786, -7.9627 ], [ -54.707, -7.9513 ], [ -54.687, -7.9101 ], [ -54.6908, -7.8472 ], [ -54.665, -7.7968 ], [ -54.7218, -7.7058 ], [ -54.7178, -7.6646 ], [ -54.9344, -7.6858 ], [ -54.9502, -7.3784 ], [ -54.9279, -7.2487 ], [ -54.9776, -7.2122 ], [ -55.0577, -7.0806 ], [ -55.056, -7.0442 ], [ -55.0158, -6.9808 ], [ -55.0246, -6.8803 ], [ -55.0074, -6.8032 ], [ -54.8918, -6.6456 ], [ -54.8907, -6.5956 ], [ -54.8493, -6.4641 ], [ -54.8089, -6.4224 ], [ -54.7936, -6.4544 ], [ -54.7678, -6.4641 ] ] ] } },
{ "type": "Feature", "properties": { "tipo": "TI", "nome": "Boca do Acre" }, "geometry": { "type": "Polygon", "coordinates": [ [ [ -67.2192, -9.0389 ], [ -67.2382, -9.0623 ], [ -66.876, -9.0572 ], [ -66.9259, -9.0717 ], [ -66.915, -9.1027 ], [ -67.2484, -9.1052 ], [ -67.2723, -9.1205 ], [ -67.3113, -9.0884 ], [ -67.3189, -9.0377 ], [ -67.3502, -9.0398 ], [ -67.3495, -9.0271 ], [ -67.3057, -9.0109 ], [ -67.2192, -9.0389 ] ] ] } },
{ "type": "Feature", "properties": { "tipo": "TI", "nome": "Cabeceira do Rio Acre" }, "geometry": { "type": "Polygon", "coordinates": [ [ [ -70.0935, -10.9867 ], [ -70.1889, -11.044 ], [ -70.0527, -10.7447 ], [ -70.0221, -10.7356 ], [ -69.9524, -10.7609 ], [ -69.9262, -10.748 ], [ -69.8238, -10.7876 ], [ -69.8153, -10.8062 ], [ -69.7637, -10.8011 ], [ -69.7525, -10.8457 ], [ -69.7937, -10.9327 ], [ -69.9487, -10.9244 ], [ -69.9985, -10.9631 ], [ -70.0676, -10.9927 ], [ -70.0935, -10.9867 ] ] ] } },
{ "type": "Feature", "properties": { "tipo": "TI", "nome": "Cacau do Tarauaca" }, "geometry": { "type": "Polygon", "coordinates": [ [ [ -69.9339, -7.3366 ], [ -69.9248, -7.3131 ], [ -69.9091, -7.3115 ], [ -69.9046, -7.335 ], [ -69.8628, -7.3462 ], [ -69.8244, -7.4529 ], [ -69.8531, -7.4776 ], [ -69.8574, -7.5282 ], [ -69.8773, -7.5464 ], [ -69.9214, -7.5329 ], [ -69.9851, -7.4367 ], [ -69.9811, -7.3769 ], [ -69.9467, -7.3519 ], [ -69.9559, -7.3108 ], [ -69.9339, -7.3366 ] ] ] } },
{ "type": "Feature", "properties": { "tipo": "TI", "nome": "Cajueiro" }, "geometry": { "type": "Polygon", "coordinates": [ [ [ -61.3138, 3.7916 ], [ -61.2599, 3.7782 ], [ -61.2858, 3.7685 ], [ -61.2898, 3.7322 ], [ -61.3499, 3.7436 ], [ -61.3498, 3.7765 ], [ -61.3138, 3.7916 ] ] ] } },
{ "type": "Feature", "properties": { "tipo": "TI", "nome": "Camadeni" }, "geometry": { "type": "Polygon", "coordinates": [ [ [ -67.094, -7.0045 ], [ -67.0667, -7.0101 ], [ -67.0318, -7.0462 ], [ -67.0299, -7.0904 ], [ -66.9984, -7.0925 ], [ -67.0007, -7.1222 ], [ -66.963, -7.1327 ], [ -66.9408, -7.1874 ], [ -66.9446, -7.2149 ], [ -66.9585, -7.2152 ], [ -66.9375, -7.2399 ], [ -66.9483, -7.2417 ], [ -66.9486, -7.2446 ], [ -66.8597, -7.2762 ], [ -66.8536, -7.301 ], [ -66.8206, -7.3194 ], [ -66.8272, -7.3429 ], [ -66.9092, -7.3584 ], [ -66.9851, -7.4086 ], [ -67.0285, -7.3944 ], [ -67.0679, -7.4176 ], [ -67.1083, -7.401 ], [ -67.1386, -7.3646 ], [ -67.1837, -7.3509 ], [ -67.2142, -7.2954 ], [ -67.2778, -7.3114 ], [ -67.3045, -7.3617 ], [ -67.3457, -7.3514 ], [ -67.3199, -7.2915 ], [ -67.3389, -7.2693 ], [ -67.3406, -7.1623 ], [ -67.2631, -7.0747 ], [ -67.1673, -7.0645 ], [ -67.094, -7.0045 ] ] ] } },
{ "type": "Feature", "properties": { "tipo": "TI", "nome": "Catipari/Mamoria" }, "geometry": { "type": "Polygon", "coordinates": [ [ [ -66.8084, -7.321 ], [ -66.7884, -7.3243 ], [ -66.7881, -7.3457 ], [ -66.7569, -7.3462 ], [ -66.738, -7.3791 ], [ -66.7207, -7.3714 ], [ -66.7174, -7.3956 ], [ -66.7052, -7.3885 ], [ -66.7127, -7.4041 ], [ -66.6705, -7.4324 ], [ -66.6732, -7.4475 ], [ -66.6156, -7.4673 ], [ -66.6133, -7.492 ], [ -66.5931, -7.479 ], [ -66.5893, -7.5027 ], [ -66.5789, -7.4872 ], [ -66.578, -7.4999 ], [ -66.5463, -7.4877 ], [ -66.4867, -7.5166 ], [ -66.5049, -7.5412 ], [ -66.5594, -7.5424 ], [ -66.6307, -7.6137 ], [ -66.6137, -7.6391 ], [ -66.6339, -7.66 ], [ -66.6114, -7.68 ], [ -66.6411, -7.677 ], [ -66.6622, -7.7062 ], [ -66.6781, -7.6635 ], [ -66.6953, -7.6633 ], [ -66.6908, -7.639 ], [ -66.7434, -7.6295 ], [ -66.7674, -7.6405 ], [ -66.7946, -7.6271 ], [ -66.784, -7.618 ], [ -66.8486, -7.537 ], [ -66.8688, -7.5995 ], [ -66.896, -7.6131 ], [ -66.9771, -7.5437 ], [ -66.9974, -7.5425 ], [ -67.0074, -7.4853 ], [ -66.9861, -7.4524 ], [ -66.988, -7.4089 ], [ -66.9092, -7.3584 ], [ -66.8389, -7.3512 ], [ -66.8084, -7.321 ] ] ] } },
{ "type": "Feature", "properties": { "tipo": "TI", "nome": "Chão Preto" }, "geometry": { "type": "Polygon", "coordinates": [ [ [ -53.2254, -14.5402 ], [ -53.1947, -14.5425 ], [ -53.1844, -14.5807 ], [ -53.1592, -14.5926 ], [ -53.1499, -14.6193 ], [ -53.121, -14.6187 ], [ -53.1248, -14.6335 ], [ -53.193, -14.6548 ], [ -53.222, -14.6175 ], [ -53.3492, -14.5805 ], [ -53.3109, -14.572 ], [ -53.2947, -14.5514 ], [ -53.2867, -14.5626 ], [ -53.2254, -14.5402 ] ] ] } },
{ "type": "Feature", "properties": { "tipo": "TI", "nome": "Coata-Laranjal" }, "geometry": { "type": "Polygon", "coordinates": [ [ [ -58.8847, -3.9058 ], [ -58.8211, -3.9358 ], [ -58.832, -4.0072 ], [ -58.8102, -4.0225 ], [ -58.7838, -4.2597 ], [ -58.8156, -4.2592 ], [ -58.8317, -4.2842 ], [ -58.8594, -4.2884 ], [ -58.8535, -4.3245 ], [ -58.6682, -4.5614 ], [ -58.639, -4.6214 ], [ -58.7016, -4.714 ], [ -58.6324, -4.7401 ], [ -58.5993, -4.7969 ], [ -58.6395, -4.8949 ], [ -58.7216, -4.9551 ], [ -58.6846, -4.9847 ], [ -58.6845, -5.0116 ], [ -58.7338, -5.0485 ], [ -58.7744, -5.0548 ], [ -58.8154, -5.1218 ], [ -58.8862, -5.1658 ], [ -58.9869, -5.1264 ], [ -59.1329, -5.1821 ], [ -59.1895, -5.1489 ], [ -59.205, -5.2569 ], [ -59.2324, -5.2756 ], [ -59.2357, -5.3031 ], [ -59.5584, -5.2508 ], [ -59.5752, -5.1316 ], [ -59.6128, -5.1544 ], [ -59.6585, -5.0331 ], [ -59.6231, -4.808 ], [ -59.6477, -4.8085 ], [ -59.6215, -4.6819 ], [ -59.5913, -4.6908 ], [ -59.5732, -4.6785 ], [ -59.5769, -4.6516 ], [ -59.5593, -4.6241 ], [ -59.532, -4.6334 ], [ -59.538, -4.6244 ], [ -59.5098, -4.6193 ], [ -59.5082, -4.5927 ], [ -59.4774, -4.5922 ], [ -59.5124, -4.5186 ], [ -59.5117, -4.4998 ], [ -59.4835, -4.4792 ], [ -59.4823, -4.3861 ], [ -59.4351, -4.3422 ], [ -59.2789, -4.086 ], [ -59.1542, -3.9967 ], [ -59.1174, -4.0607 ], [ -59.07, -4.0967 ], [ -59.042, -4.0038 ], [ -58.9873, -3.9239 ], [ -58.9161, -3.9234 ], [ -58.8847, -3.9058 ] ] ] } },
{ "type": "Feature", "properties": { "tipo": "TI", "nome": "Cuia" }, "geometry": { "type": "Polygon", "coordinates": [ [ [ -59.2086, -3.5397 ], [ -59.2267, -3.5231 ], [ -59.2091, -3.4861 ], [ -59.1897, -3.5339 ], [ -59.2086, -3.5397 ] ] ] } },
{ "type": "Feature", "properties": { "tipo": "TI", "nome": "Cuiu-Cuiu" }, "geometry": { "type": "Polygon", "coordinates": [ [ [ -65.065, -2.2695 ], [ -65.0093, -2.2778 ], [ -64.9881, -2.3206 ], [ -64.9167, -2.3024 ], [ -64.9211, -2.3546 ], [ -64.8791, -2.4068 ], [ -64.9065, -2.4172 ], [ -64.98, -2.3874 ], [ -64.9996, -2.4156 ], [ -64.9941, -2.4416 ], [ -65.025, -2.4469 ], [ -65.0208, -2.4719 ], [ -65.0403, -2.5001 ], [ -65.022, -2.5304 ], [ -65.0496, -2.5051 ], [ -65.1337, -2.342 ], [ -65.127, -2.3077 ], [ -65.065, -2.2695 ] ] ] } },
{ "type": "Feature", "properties": { "tipo": "TI", "nome": "Cunhã-Sapucaia" }, "geometry": { "type": "Polygon", "coordinates": [ [ [ -60.5295, -4.7085 ], [ -60.5613, -4.7464 ], [ -60.5936, -4.7471 ], [ -60.5881, -4.7679 ], [ -60.6142, -4.8021 ], [ -60.625, -4.7892 ], [ -60.649, -4.7989 ], [ -60.6182, -4.8296 ], [ -60.6906, -4.8124 ], [ -60.7212, -4.8614 ], [ -60.7393, -4.8483 ], [ -60.7529, -4.893 ], [ -60.7898, -4.8948 ], [ -60.792, -4.8828 ], [ -60.8226, -4.8978 ], [ -60.8281, -4.8752 ], [ -60.8144, -4.86 ], [ -60.8282, -4.8226 ], [ -60.8776, -4.8226 ], [ -60.9141, -4.7902 ], [ -60.9119, -4.7541 ], [ -60.8947, -4.746 ], [ -60.887, -4.7598 ], [ -60.8299, -4.6396 ], [ -60.8482, -4.5992 ], [ -60.8296, -4.531 ], [ -60.8598, -4.4305 ], [ -60.8313, -4.4228 ], [ -60.8137, -4.3716 ], [ -60.719, -4.3564 ], [ -60.5851, -4.2826 ], [ -60.4517, -4.3139 ], [ -60.4394, -4.2949 ], [ -60.44, -4.2124 ], [ -60.4087, -4.2068 ], [ -60.4096, -4.1874 ], [ -60.3768, -4.1831 ], [ -60.3683, -4.1989 ], [ -60.3562, -4.1824 ], [ -60.358, -4.193 ], [ -60.3166, -4.1976 ], [ -60.296, -4.1888 ], [ -60.3041, -4.1642 ], [ -60.266, -4.1637 ], [ -60.1955, -4.1973 ], [ -60.0974, -4.2057 ], [ -59.9669, -4.4103 ], [ -59.9392, -4.4146 ], [ -59.9657, -4.4669 ], [ -59.9514, -4.4971 ], [ -59.9646, -4.5096 ], [ -59.9837, -4.5 ], [ -59.9818, -4.5226 ], [ -59.9918, -4.5204 ], [ -59.9966, -4.5264 ], [ -59.9827, -4.5409 ], [ -60.0226, -4.5774 ], [ -60.023, -4.6165 ], [ -60.0432, -4.6139 ], [ -60.0546, -4.641 ], [ -60.0666, -4.6314 ], [ -60.0567, -4.6438 ], [ -60.0747, -4.658 ], [ -60.0754, -4.6399 ], [ -60.0963, -4.6451 ], [ -60.1041, -4.6327 ], [ -60.1217, -4.6652 ], [ -60.153, -4.6717 ], [ -60.1699, -4.6498 ], [ -60.1852, -4.6558 ], [ -60.2047, -4.6089 ], [ -60.3473, -4.6283 ], [ -60.487, -4.6956 ], [ -60.4974, -4.6878 ], [ -60.4921, -4.7115 ], [ -60.5172, -4.7002 ], [ -60.5191, -4.7285 ], [ -60.5295, -4.7085 ] ] ] } },
{ "type": "Feature", "properties": { "tipo": "TI", "nome": "Deni" }, "geometry": { "type": "Polygon", "coordinates": [ [ [ -67.8295, -6.0532 ], [ -67.7255, -6.1127 ], [ -67.6867, -6.1125 ], [ -67.6143, -6.2504 ], [ -67.6008, -6.3605 ], [ -67.5694, -6.3827 ], [ -67.5771, -6.4355 ], [ -67.5324, -6.4916 ], [ -67.5065, -6.4791 ], [ -67.4788, -6.5143 ], [ -67.4472, -6.5008 ], [ -67.4318, -6.5192 ], [ -67.3826, -6.4956 ], [ -67.3559, -6.5809 ], [ -67.1719, -6.5507 ], [ -67.1403, -6.5907 ], [ -67.11, -6.586 ], [ -67.0814, -6.6089 ], [ -67.0208, -6.6136 ], [ -66.9323, -6.5586 ], [ -66.8998, -6.5062 ], [ -66.7871, -6.4813 ], [ -66.7761, -6.487 ], [ -66.7851, -6.5051 ], [ -66.7557, -6.4986 ], [ -66.7056, -6.5104 ], [ -66.6946, -6.5275 ], [ -66.648, -6.5271 ], [ -66.5789, -6.5717 ], [ -66.4685, -6.5696 ], [ -66.4488, -6.6076 ], [ -66.4321, -6.5992 ], [ -66.4256, -6.6307 ], [ -66.4118, -6.6213 ], [ -66.398, -6.6375 ], [ -66.3801, -6.6201 ], [ -66.3552, -6.6323 ], [ -66.3643, -6.6468 ], [ -66.3934, -6.644 ], [ -66.3903, -6.6615 ], [ -66.4197, -6.679 ], [ -66.4182, -6.7062 ], [ -66.4277, -6.6985 ], [ -66.4352, -6.701 ], [ -66.4239, -6.7156 ], [ -66.4476, -6.7204 ], [ -66.4583, -6.7419 ], [ -66.4704, -6.7269 ], [ -66.4847, -6.7385 ], [ -66.4875, -6.724 ], [ -66.4987, -6.7401 ], [ -66.506, -6.7281 ], [ -66.531, -6.7326 ], [ -66.5761, -6.8082 ], [ -66.5733, -6.9117 ], [ -66.6307, -6.9817 ], [ -66.6783, -6.9798 ], [ -66.6921, -7.009 ], [ -66.7315, -7.0203 ], [ -66.7365, -7.0787 ], [ -66.7068, -7.0903 ], [ -66.7037, -7.1091 ], [ -66.7788, -7.1122 ], [ -66.8282, -7.1648 ], [ -66.8386, -7.1547 ], [ -66.8909, -7.1658 ], [ -66.9398, -7.1237 ], [ -66.9595, -7.1506 ], [ -66.9697, -7.128 ], [ -67.0007, -7.1222 ], [ -66.9986, -7.0922 ], [ -67.0298, -7.0906 ], [ -67.0424, -7.0339 ], [ -67.095, -7.002 ], [ -67.1399, -7.0528 ], [ -67.2631, -7.0747 ], [ -67.3497, -7.1769 ], [ -67.3389, -7.2693 ], [ -67.4017, -7.29 ], [ -67.4568, -7.2779 ], [ -67.5103, -7.3019 ], [ -67.5096, -7.2888 ], [ -67.5947, -7.2484 ], [ -67.6094, -7.2005 ], [ -67.5905, -7.1667 ], [ -67.6113, -7.159 ], [ -67.6283, -7.1722 ], [ -67.6288, -7.1378 ], [ -67.6804, -7.0962 ], [ -67.7956, -7.0686 ], [ -67.9042, -7.0744 ], [ -67.9675, -7.0391 ], [ -68.0667, -7.0713 ], [ -68.1311, -7.1306 ], [ -68.5287, -7.215 ], [ -68.6737, -7.0889 ], [ -68.4921, -6.9854 ], [ -68.4452, -6.9135 ], [ -68.417, -6.8997 ], [ -68.4393, -6.8667 ], [ -68.4056, -6.8302 ], [ -68.3257, -6.8107 ], [ -68.2641, -6.7307 ], [ -68.2367, -6.7177 ], [ -68.239, -6.6662 ], [ -68.2807, -6.6662 ], [ -68.2795, -6.6477 ], [ -68.257, -6.6301 ], [ -68.2375, -6.639 ], [ -68.2389, -6.6216 ], [ -68.2219, -6.63 ], [ -68.2206, -6.5764 ], [ -68.1328, -6.5396 ], [ -67.9526, -6.3072 ], [ -67.8961, -6.2559 ], [ -67.9047, -6.2213 ], [ -67.8719, -6.1975 ], [ -67.8523, -6.1456 ], [ -67.869, -6.1001 ], [ -67.8295, -6.0532 ] ] ] } },
{ "type": "Feature", "properties": { "tipo": "TI", "nome": "Diahui" }, "geometry": { "type": "Polygon", "coordinates": [ [ [ -62.1667, -7.777 ], [ -62.164, -8.1033 ], [ -62.164, -8.1763 ], [ -62.172, -8.1322 ], [ -62.2228, -8.1002 ], [ -62.236, -8.0674 ], [ -62.3386, -8.0906 ], [ -62.3806, -8.0425 ], [ -62.2881, -8.0303 ], [ -62.2558, -7.9927 ], [ -62.3082, -7.8899 ], [ -62.2988, -7.8171 ], [ -62.219, -7.8578 ], [ -62.1948, -7.7701 ], [ -62.1667, -7.777 ] ] ] } },
{ "type": "Feature", "properties": { "tipo": "TI", "nome": "Erikpatsá" }, "geometry": { "type": "Polygon", "coordinates": [ [ [ -58.3371, -10.9599 ], [ -58.3119, -11.0084 ], [ -58.285, -11.004 ], [ -58.253, -11.0525 ], [ -58.2491, -11.1266 ], [ -58.2792, -11.1874 ], [ -58.2459, -11.2049 ], [ -58.2301, -11.2438 ], [ -58.1974, -11.2627 ], [ -58.1928, -11.2891 ], [ -58.1507, -11.2698 ], [ -58.1286, -11.2834 ], [ -58.1252, -11.3327 ], [ -58.1581, -11.4169 ], [ -58.1406, -11.4544 ], [ -58.159, -11.4726 ], [ -58.3315, -11.4705 ], [ -58.3149, -11.4523 ], [ -58.3384, -11.407 ], [ -58.3289, -11.327 ], [ -58.3421, -11.3061 ], [ -58.3228, -11.2738 ], [ -58.3774, -11.259 ], [ -58.3644, -11.1929 ], [ -58.3307, -11.1581 ], [ -58.3548, -11.1287 ], [ -58.34, -11.0946 ], [ -58.3825, -10.9941 ], [ -58.3616, -10.9627 ], [ -58.3371, -10.9599 ] ] ] } },
{ "type": "Feature", "properties": { "tipo": "TI", "nome": "Estação Parecis" }, "geometry": { "type": "Polygon", "coordinates": [ [ [ -56.89, -14.1478 ], [ -56.9617, -14.1559 ], [ -56.9633, -14.1414 ], [ -56.895, -14.112 ], [ -56.89, -14.1478 ] ] ] } },
{ "type": "Feature", "properties": { "tipo": "TI", "nome": "Estivadinho" }, "geometry": { "type": "Polygon", "coordinates": [ [ [ -58.6105, -14.6095 ], [ -58.677, -14.6009 ], [ -58.6526, -14.5666 ], [ -58.6105, -14.6095 ] ] ] } },
{ "type": "Feature", "properties": { "tipo": "TI", "nome": "Estrela da Paz" }, "geometry": { "type": "Polygon", "coordinates": [ [ [ -66.8173, -2.7731 ], [ -66.8105, -2.8445 ], [ -66.8345, -2.9183 ], [ -66.8999, -2.9016 ], [ -66.8967, -2.8716 ], [ -66.9273, -2.8447 ], [ -66.9217, -2.8348 ], [ -66.8481, -2.7789 ], [ -66.8173, -2.7731 ] ] ] } },
{ "type": "Feature", "properties": { "tipo": "TI", "nome": "Évare I" }, "geometry": { "type": "Polygon", "coordinates": [ [ [ -69.1993, -3.2312 ], [ -69.2261, -3.3017 ], [ -69.2065, -3.3557 ], [ -69.1725, -3.3671 ], [ -69.1529, -3.3931 ], [ -69.1398, -3.4392 ], [ -69.2158, -3.4572 ], [ -69.2269, -3.439 ], [ -69.3146, -3.4485 ], [ -69.4018, -3.534 ], [ -69.3761, -3.5765 ], [ -69.3906, -3.5965 ], [ -69.3788, -3.6217 ], [ -69.4313, -3.6621 ], [ -69.4438, -3.7099 ], [ -69.3988, -3.8331 ], [ -69.4005, -3.9106 ], [ -69.4374, -4.0014 ], [ -69.5222, -4.0463 ], [ -69.539, -4.0947 ], [ -69.5225, -4.1221 ], [ -69.4632, -4.1358 ], [ -69.4547, -4.1908 ], [ -69.4927, -4.231 ], [ -69.5183, -4.2323 ], [ -69.5373, -4.2802 ], [ -69.5781, -4.3108 ], [ -69.6702, -4.3235 ], [ -69.827, -4.2889 ], [ -69.8513, -4.2601 ], [ -69.8386, -4.2193 ], [ -69.9079, -4.0938 ], [ -69.7963, -3.4716 ], [ -69.7695, -3.4595 ], [ -69.7428, -3.4065 ], [ -69.7202, -3.4059 ], [ -69.7006, -3.3804 ], [ -69.6736, -3.3859 ], [ -69.6166, -3.3163 ], [ -69.5271, -3.2908 ], [ -69.5061, -3.2596 ], [ -69.3934, -3.2323 ], [ -69.3639, -3.242 ], [ -69.3434, -3.23 ], [ -69.3165, -3.2554 ], [ -69.1993, -3.2312 ] ] ] } },
{ "type": "Feature", "properties": { "tipo": "TI", "nome": "Évare II" }, "geometry": { "type": "Polygon", "coordinates": [ [ [ -69.1507, -3.4833 ], [ -69.0468, -3.4778 ], [ -69.0443, -3.5112 ], [ -69.1089, -3.6411 ], [ -69.1379, -3.6587 ], [ -69.1234, -3.7126 ], [ -69.1555, -3.7308 ], [ -69.1919, -3.8333 ], [ -69.2232, -3.8571 ], [ -69.2213, -4.0905 ], [ -69.259, -4.151 ], [ -69.3649, -4.1379 ], [ -69.3683, -4.1123 ], [ -69.3916, -4.0955 ], [ -69.4738, -4.112 ], [ -69.4844, -4.101 ], [ -69.4754, -4.0807 ], [ -69.5053, -4.0777 ], [ -69.4894, -4.0451 ], [ -69.346, -3.9615 ], [ -69.3836, -3.9053 ], [ -69.3817, -3.7946 ], [ -69.4204, -3.7287 ], [ -69.4097, -3.6606 ], [ -69.3515, -3.6122 ], [ -69.3455, -3.5772 ], [ -69.319, -3.5772 ], [ -69.3249, -3.5405 ], [ -69.3086, -3.5227 ], [ -69.2067, -3.5158 ], [ -69.1507, -3.4833 ] ] ] } },
{ "type": "Feature", "properties": { "tipo": "TI", "nome": "Fortaleza do Castanho" }, "geometry": { "type": "Polygon", "coordinates": [ [ [ -60.506, -3.7291 ], [ -60.4954, -3.7625 ], [ -60.515, -3.7841 ], [ -60.5545, -3.7444 ], [ -60.5665, -3.7488 ], [ -60.5507, -3.7276 ], [ -60.5245, -3.7386 ], [ -60.506, -3.7291 ] ] ] } },
{ "type": "Feature", "properties": { "tipo": "TI", "nome": "Fortaleza do Patauá" }, "geometry": { "type": "Polygon", "coordinates": [ [ [ -60.732, -3.1363 ], [ -60.7223, -3.1543 ], [ -60.7377, -3.1604 ], [ -60.7582, -3.1371 ], [ -60.732, -3.1363 ] ] ] } },
{ "type": "Feature", "properties": { "tipo": "TI", "nome": "Galibi" }, "geometry": { "type": "Polygon", "coordinates": [ [ [ -51.7032, 3.9975 ], [ -51.6866, 3.9791 ], [ -51.7005, 3.9392 ], [ -51.6926, 3.9076 ], [ -51.737, 3.9076 ], [ -51.7446, 3.9479 ], [ -51.7747, 3.9591 ], [ -51.7439, 3.9957 ], [ -51.7032, 3.9975 ] ] ] } },
{ "type": "Feature", "properties": { "tipo": "TI", "nome": "Gavião" }, "geometry": { "type": "Polygon", "coordinates": [ [ [ -59.4816, -3.3686 ], [ -59.4331, -3.426 ], [ -59.4423, -3.4571 ], [ -59.4917, -3.48 ], [ -59.5366, -3.4182 ], [ -59.4816, -3.3686 ] ] ] } },
{ "type": "Feature", "properties": { "tipo": "TI", "nome": "Geralda Toco Preto" }, "geometry": { "type": "Polygon", "coordinates": [ [ [ -45.6746, -5.1082 ], [ -45.7754, -5.0258 ], [ -45.7808, -5.0045 ], [ -45.6783, -4.9254 ], [ -45.6296, -5.0367 ], [ -45.6746, -5.1082 ] ] ] } },
{ "type": "Feature", "properties": { "tipo": "TI", "nome": "Guajahã" }, "geometry": { "type": "MultiPolygon", "coordinates": [ [ [ [ -66.8669, -7.7741 ], [ -66.867, -7.7741 ], [ -66.8669, -7.774 ], [ -66.8669, -7.7741 ] ] ], [ [ [ -66.8669, -7.774 ], [ -66.896, -7.737 ], [ -66.8834, -7.699 ], [ -66.8295, -7.6752 ], [ -66.8454, -7.7079 ], [ -66.8168, -7.7325 ], [ -66.826, -7.7626 ], [ -66.8397, -7.7677 ], [ -66.8386, -7.7542 ], [ -66.8669, -7.774 ] ] ] ] } },
{ "type": "Feature", "properties": { "tipo": "TI", "nome": "Hi Merimã" }, "geometry": { "type": "Polygon", "coordinates": [ [ [ -65.8606, -7.1707 ], [ -65.8108, -7.2359 ], [ -65.8337, -7.2722 ], [ -65.8158, -7.2939 ], [ -65.8173, -7.3211 ], [ -65.7804, -7.3239 ], [ -65.7172, -7.3674 ], [ -65.6928, -7.3539 ], [ -65.5905, -7.3805 ], [ -65.5664, -7.4207 ], [ -65.6313, -7.4565 ], [ -65.705, -7.4558 ], [ -65.7429, -7.44 ], [ -65.8418, -7.4655 ], [ -65.8772, -7.4446 ], [ -65.912, -7.4518 ], [ -65.9448, -7.4202 ], [ -65.9625, -7.4367 ], [ -66.0271, -7.4397 ], [ -66.1726, -7.377 ], [ -66.2034, -7.3048 ], [ -66.2597, -7.2455 ], [ -66.2752, -7.1934 ], [ -66.2629, -7.1544 ], [ -66.2285, -7.1626 ], [ -66.2108, -7.1462 ], [ -66.2458, -7.0216 ], [ -66.1892, -6.9377 ], [ -66.202, -6.8724 ], [ -66.1587, -6.8766 ], [ -66.1451, -6.8598 ], [ -66.1292, -6.8696 ], [ -66.0935, -6.8266 ], [ -66.0447, -6.8168 ], [ -65.9965, -6.7736 ], [ -65.9893, -6.7386 ], [ -65.9601, -6.7297 ], [ -65.9329, -6.6691 ], [ -65.843, -6.622 ], [ -65.8072, -6.5919 ], [ -65.8133, -6.5814 ], [ -65.777, -6.5942 ], [ -65.7351, -6.5737 ], [ -65.7142, -6.5924 ], [ -65.7287, -6.6085 ], [ -65.6909, -6.5942 ], [ -65.6447, -6.6176 ], [ -65.5232, -6.6023 ], [ -65.4717, -6.628 ], [ -65.455, -6.6119 ], [ -65.4086, -6.6464 ], [ -65.3847, -6.6309 ], [ -65.3678, -6.6447 ], [ -65.3232, -6.6158 ], [ -65.3131, -6.5729 ], [ -65.273, -6.5846 ], [ -65.2591, -6.606 ], [ -65.2292, -6.5962 ], [ -65.2165, -6.613 ], [ -65.197, -6.5988 ], [ -65.1504, -6.6154 ], [ -65.0937, -6.606 ], [ -65.091, -6.5873 ], [ -65.0522, -6.5638 ], [ -65.0134, -6.5626 ], [ -65.0128, -6.5703 ], [ -65.0235, -6.5734 ], [ -65.0257, -6.5751 ], [ -65.0262, -6.577 ], [ -65.0079, -6.5982 ], [ -65.0275, -6.6039 ], [ -65.0262, -6.625 ], [ -65.0434, -6.6243 ], [ -65.051, -6.6424 ], [ -65.0376, -6.6389 ], [ -65.036, -6.6567 ], [ -65.0688, -6.6762 ], [ -65.0573, -6.6995 ], [ -65.0727, -6.7041 ], [ -65.0701, -6.7496 ], [ -65.0939, -6.7698 ], [ -65.0893, -6.788 ], [ -65.1644, -6.8235 ], [ -65.1612, -6.8547 ], [ -65.2077, -6.9204 ], [ -65.2684, -6.9495 ], [ -65.2753, -6.9261 ], [ -65.2838, -6.9469 ], [ -65.3078, -6.9347 ], [ -65.3312, -6.9547 ], [ -65.4148, -6.9346 ], [ -65.4596, -6.9697 ], [ -65.4761, -6.9538 ], [ -65.5334, -6.9644 ], [ -65.5517, -6.9475 ], [ -65.5994, -6.9449 ], [ -65.652, -6.9915 ], [ -65.6815, -7.0467 ], [ -65.7857, -7.0956 ], [ -65.7915, -7.1617 ], [ -65.7745, -7.1845 ], [ -65.8606, -7.1707 ] ] ] } },
{ "type": "Feature", "properties": { "tipo": "TI", "nome": "Igarapé Capana" }, "geometry": { "type": "Polygon", "coordinates": [ [ [ -67.9961, -8.6998 ], [ -67.9824, -8.6837 ], [ -67.961, -8.6906 ], [ -67.9681, -8.7379 ], [ -67.887, -8.817 ], [ -67.9295, -8.8677 ], [ -67.9077, -8.8981 ], [ -67.925, -8.9371 ], [ -68.0761, -8.9356 ], [ -68.0757, -8.9487 ], [ -68.1743, -8.9639 ], [ -68.179, -9.0022 ], [ -68.2205, -9.0146 ], [ -68.2549, -9.0021 ], [ -68.2501, -9.0427 ], [ -68.2961, -9.0256 ], [ -68.3343, -9.0585 ], [ -68.3233, -8.997 ], [ -68.3888, -8.9977 ], [ -68.3979, -8.9694 ], [ -68.427, -8.9531 ], [ -68.4351, -8.9364 ], [ -68.3027, -8.8537 ], [ -68.2649, -8.7734 ], [ -68.2042, -8.7323 ], [ -68.2019, -8.7093 ], [ -68.1031, -8.7085 ], [ -68.0613, -8.7236 ], [ -68.016, -8.6729 ], [ -67.9961, -8.6998 ] ] ] } },
{ "type": "Feature", "properties": { "tipo": "TI", "nome": "Igarapé Grande" }, "geometry": { "type": "Polygon", "coordinates": [ [ [ -64.8635, -3.2013 ], [ -64.8598, -3.2424 ], [ -64.8918, -3.2379 ], [ -64.8934, -3.2243 ], [ -64.8635, -3.2013 ] ] ] } },
{ "type": "Feature", "properties": { "tipo": "TI", "nome": "Ilha do Camaleão" }, "geometry": { "type": "Polygon", "coordinates": [ [ [ -61.4928, -3.6732 ], [ -61.507, -3.6715 ], [ -61.4839, -3.6675 ], [ -61.4928, -3.6732 ] ] ] } },
{ "type": "Feature", "properties": { "tipo": "TI", "nome": "Ipixuna" }, "geometry": { "type": "Polygon", "coordinates": [ [ [ -62.0144, -6.3935 ], [ -61.9889, -6.4091 ], [ -61.9616, -6.4643 ], [ -61.9047, -6.464 ], [ -61.9044, -6.5275 ], [ -61.9446, -6.5437 ], [ -61.9996, -6.7086 ], [ -62.0329, -6.7591 ], [ -62.0226, -6.8239 ], [ -62.1069, -6.9864 ], [ -62.1736, -6.9872 ], [ -62.2858, -7.0923 ], [ -62.3173, -7.1631 ], [ -62.393, -7.212 ], [ -62.4011, -7.1396 ], [ -62.4216, -7.1601 ], [ -62.4671, -7.1269 ], [ -62.4895, -7.1284 ], [ -62.4893, -7.1022 ], [ -62.4297, -7.027 ], [ -62.3647, -7.0219 ], [ -62.3595, -6.9697 ], [ -62.3268, -6.9285 ], [ -62.3041, -6.8309 ], [ -62.2708, -6.7677 ], [ -62.2341, -6.7624 ], [ -62.2157, -6.5524 ], [ -62.1687, -6.4557 ], [ -62.1253, -6.4387 ], [ -62.1228, -6.4242 ], [ -62.0974, -6.4325 ], [ -62.0744, -6.4078 ], [ -62.0261, -6.4089 ], [ -62.0144, -6.3935 ] ] ] } },
{ "type": "Feature", "properties": { "tipo": "TI", "nome": "Itaitinga" }, "geometry": { "type": "Polygon", "coordinates": [ [ [ -59.1917, -3.5734 ], [ -59.1982, -3.5555 ], [ -59.1874, -3.5695 ], [ -59.1917, -3.5734 ] ] ] } },
{ "type": "Feature", "properties": { "tipo": "TI", "nome": "Jacamim" }, "geometry": { "type": "Polygon", "coordinates": [ [ [ -59.6849, 1.7744 ], [ -59.8118, 1.7665 ], [ -59.8243, 1.7079 ], [ -59.9808, 1.6912 ], [ -59.9983, 1.7514 ], [ -60.0239, 1.7689 ], [ -60.0294, 1.876 ], [ -59.9661, 1.9883 ], [ -60.01, 2.0304 ], [ -60.0049, 2.1112 ], [ -60.0444, 2.1781 ], [ -60.041, 2.208 ], [ -59.8156, 2.2965 ], [ -59.7265, 2.2815 ], [ -59.7197, 2.2372 ], [ -59.7421, 2.162 ], [ -59.7222, 2.1036 ], [ -59.7428, 2.0694 ], [ -59.7207, 2.0269 ], [ -59.7602, 1.8997 ], [ -59.7442, 1.8509 ], [ -59.6983, 1.8538 ], [ -59.6775, 1.839 ], [ -59.6616, 1.8687 ], [ -59.654, 1.818 ], [ -59.6778, 1.8076 ], [ -59.6849, 1.7744 ] ] ] } },
{ "type": "Feature", "properties": { "tipo": "TI", "nome": "Jaminaua/Envira" }, "geometry": { "type": "Polygon", "coordinates": [ [ [ -71.0568, -9.2968 ], [ -70.9986, -9.286 ], [ -71.0115, -9.3126 ], [ -70.9898, -9.366 ], [ -70.9518, -9.3706 ], [ -70.9318, -9.3595 ], [ -70.9247, -9.3626 ], [ -70.9481, -9.4335 ], [ -70.9381, -9.5088 ], [ -70.9568, -9.5863 ], [ -71.0456, -9.6424 ], [ -71.0814, -9.7091 ], [ -71.2446, -9.6445 ], [ -71.1861, -9.5091 ], [ -71.151, -9.4922 ], [ -71.042, -9.3735 ], [ -71.0568, -9.2968 ] ] ] } },
{ "type": "Feature", "properties": { "tipo": "TI", "nome": "Jaminawa do Igarapé Preto" }, "geometry": { "type": "Polygon", "coordinates": [ [ [ -72.8926, -7.9642 ], [ -72.8185, -7.9664 ], [ -72.8131, -8.0655 ], [ -72.8651, -8.105 ], [ -72.8947, -8.0905 ], [ -72.8774, -8.0682 ], [ -72.8931, -8.0636 ], [ -73.0237, -8.1 ], [ -73.017, -8.0537 ], [ -72.9807, -7.992 ], [ -72.8926, -7.9642 ] ] ] } },
{ "type": "Feature", "properties": { "tipo": "TI", "nome": "Jaquiri" }, "geometry": { "type": "Polygon", "coordinates": [ [ [ -64.8515, -3.105 ], [ -64.8911, -3.1048 ], [ -64.9034, -3.0989 ], [ -64.877, -3.0611 ], [ -64.8528, -3.0722 ], [ -64.8515, -3.105 ] ] ] } },
{ "type": "Feature", "properties": { "tipo": "TI", "nome": "Jarawara/Jamamadi/Kanamati" }, "geometry": { "type": "Polygon", "coordinates": [ [ [ -65.8606, -7.1707 ], [ -65.7745, -7.1845 ], [ -65.7915, -7.1617 ], [ -65.7857, -7.0956 ], [ -65.6815, -7.0467 ], [ -65.652, -6.9915 ], [ -65.5994, -6.9449 ], [ -65.5517, -6.9475 ], [ -65.5334, -6.9644 ], [ -65.4761, -6.9538 ], [ -65.4596, -6.9697 ], [ -65.4148, -6.9346 ], [ -65.3312, -6.9547 ], [ -65.3078, -6.9347 ], [ -65.2831, -6.9467 ], [ -65.2759, -6.9259 ], [ -65.274, -6.9471 ], [ -65.261, -6.9484 ], [ -65.1916, -6.9018 ], [ -65.1612, -6.8547 ], [ -65.1637, -6.8238 ], [ -65.0984, -6.7942 ], [ -65.1124, -6.8202 ], [ -65.0909, -6.866 ], [ -65.1053, -6.8832 ], [ -65.0667, -6.9327 ], [ -65.0846, -6.9688 ], [ -65.0308, -6.9897 ], [ -65.0987, -7.0524 ], [ -65.0723, -7.125 ], [ -65.0275, -7.1499 ], [ -64.9089, -7.1248 ], [ -64.8997, -7.1387 ], [ -64.9919, -7.2207 ], [ -65.0249, -7.2208 ], [ -65.04, -7.2425 ], [ -65.1113, -7.2407 ], [ -65.1148, -7.2581 ], [ -65.0941, -7.2787 ], [ -65.1067, -7.2871 ], [ -65.1033, -7.3252 ], [ -65.1317, -7.2884 ], [ -65.1588, -7.2905 ], [ -65.1691, -7.3312 ], [ -65.2172, -7.3248 ], [ -65.2316, -7.365 ], [ -65.2649, -7.3675 ], [ -65.3067, -7.4094 ], [ -65.3496, -7.3912 ], [ -65.3841, -7.4259 ], [ -65.4076, -7.4121 ], [ -65.4167, -7.4581 ], [ -65.4367, -7.4648 ], [ -65.4536, -7.4444 ], [ -65.5054, -7.4394 ], [ -65.5265, -7.4216 ], [ -65.5468, -7.4353 ], [ -65.5905, -7.3805 ], [ -65.6928, -7.3539 ], [ -65.7172, -7.3674 ], [ -65.7804, -7.3239 ], [ -65.8173, -7.3211 ], [ -65.8158, -7.2939 ], [ -65.8337, -7.2722 ], [ -65.8108, -7.2359 ], [ -65.8606, -7.1707 ] ] ] } },
{ "type": "Feature", "properties": { "tipo": "TI", "nome": "Jarudore" }, "geometry": { "type": "Polygon", "coordinates": [ [ [ -54.3397, -16.1412 ], [ -54.3005, -16.1268 ], [ -54.3143, -16.163 ], [ -54.2891, -16.2438 ], [ -54.3103, -16.2497 ], [ -54.3289, -16.2298 ], [ -54.3255, -16.2096 ], [ -54.349, -16.1944 ], [ -54.3461, -16.1189 ], [ -54.3397, -16.1412 ] ] ] } },
{ "type": "Feature", "properties": { "tipo": "TI", "nome": "Jatuarana" }, "geometry": { "type": "Polygon", "coordinates": [ [ [ -60.8835, -3.1126 ], [ -60.9096, -3.1302 ], [ -60.9498, -3.0998 ], [ -60.9342, -3.0387 ], [ -60.8764, -3.0766 ], [ -60.8835, -3.1126 ] ] ] } },
{ "type": "Feature", "properties": { "tipo": "TI", "nome": "Jauary" }, "geometry": { "type": "Polygon", "coordinates": [ [ [ -59.0278, -3.3334 ], [ -58.9456, -3.3895 ], [ -58.9008, -3.3803 ], [ -58.962, -3.4169 ], [ -59.0066, -3.403 ], [ -59.0029, -3.4262 ], [ -59.0667, -3.4877 ], [ -59.091, -3.4719 ], [ -59.1412, -3.4976 ], [ -59.1418, -3.4767 ], [ -59.1697, -3.4826 ], [ -59.1828, -3.4697 ], [ -59.1762, -3.4263 ], [ -59.1897, -3.4118 ], [ -59.1799, -3.3977 ], [ -59.1684, -3.4091 ], [ -59.0993, -3.3664 ], [ -59.0601, -3.3838 ], [ -59.0278, -3.3334 ] ] ] } },
{ "type": "Feature", "properties": { "tipo": "TI", "nome": "Juma" }, "geometry": { "type": "Polygon", "coordinates": [ [ [ -64.0345, -7.2707 ], [ -63.9991, -7.2806 ], [ -63.9776, -7.2643 ], [ -63.9681, -7.2881 ], [ -63.9037, -7.3355 ], [ -63.8503, -7.31 ], [ -63.838, -7.3222 ], [ -63.8468, -7.4215 ], [ -63.8948, -7.4392 ], [ -64.0153, -7.4325 ], [ -64.0652, -7.411 ], [ -64.0857, -7.3753 ], [ -64.0727, -7.3564 ], [ -64.0872, -7.3141 ], [ -64.0782, -7.2857 ], [ -64.0981, -7.2617 ], [ -64.0696, -7.2698 ], [ -64.0574, -7.2465 ], [ -64.01, -7.2272 ], [ -64.0345, -7.2707 ] ] ] } },
{ "type": "Feature", "properties": { "tipo": "TI", "nome": "Jumina" }, "geometry": { "type": "Polygon", "coordinates": [ [ [ -51.5752, 4.2328 ], [ -51.4721, 3.9963 ], [ -51.6958, 3.8718 ], [ -51.6953, 3.9544 ], [ -51.6575, 3.9555 ], [ -51.6118, 4.0157 ], [ -51.6465, 4.0715 ], [ -51.598, 4.1801 ], [ -51.5947, 4.2312 ], [ -51.5752, 4.2328 ] ] ] } },
{ "type": "Feature", "properties": { "tipo": "TI", "nome": "Kampa do Rio Amônia" }, "geometry": { "type": "Polygon", "coordinates": [ [ [ -73.2053, -9.411 ], [ -73.1889, -9.3972 ], [ -73.1888, -9.3632 ], [ -73.1496, -9.3541 ], [ -73.1316, -9.3182 ], [ -73.1014, -9.3081 ], [ -73.1098, -9.2807 ], [ -73.0759, -9.2377 ], [ -73.0105, -9.2224 ], [ -72.9938, -9.1922 ], [ -73.0164, -9.1766 ], [ -72.953, -9.1294 ], [ -72.9266, -9.1245 ], [ -72.9068, -9.1558 ], [ -72.833, -9.1752 ], [ -72.8223, -9.3795 ], [ -72.8049, -9.4113 ], [ -73.2053, -9.411 ] ] ] } },
{ "type": "Feature", "properties": { "tipo": "TI", "nome": "Kampa e Isolados do Rio Envira" }, "geometry": { "type": "Polygon", "coordinates": [ [ [ -71.6772, -9.9998 ], [ -72.1775, -9.9998 ], [ -72.1501, -9.9682 ], [ -72.1541, -9.9417 ], [ -72.173, -9.9333 ], [ -72.1661, -9.9095 ], [ -72.1362, -9.8751 ], [ -72.1638, -9.8305 ], [ -72.1552, -9.8117 ], [ -72.1221, -9.8334 ], [ -72.0786, -9.8085 ], [ -71.9952, -9.8122 ], [ -71.9937, -9.7954 ], [ -71.9656, -9.7916 ], [ -71.9636, -9.7783 ], [ -71.951, -9.7887 ], [ -71.9148, -9.7724 ], [ -71.8822, -9.7778 ], [ -71.8363, -9.7202 ], [ -71.789, -9.6967 ], [ -71.8061, -9.6815 ], [ -71.8141, -9.6352 ], [ -71.7582, -9.6103 ], [ -71.7352, -9.6398 ], [ -71.6895, -9.62 ], [ -71.6851, -9.5881 ], [ -71.7355, -9.5569 ], [ -71.7251, -9.5306 ], [ -71.664, -9.5228 ], [ -71.5998, -9.557 ], [ -71.6017, -9.6183 ], [ -71.5676, -9.6157 ], [ -71.5573, -9.6583 ], [ -71.527, -9.6695 ], [ -71.4911, -9.642 ], [ -71.4801, -9.6517 ], [ -71.4798, -9.6361 ], [ -71.4536, -9.6388 ], [ -71.431, -9.6044 ], [ -71.417, -9.6146 ], [ -71.4212, -9.5989 ], [ -71.3856, -9.5854 ], [ -71.3966, -9.6183 ], [ -71.3837, -9.6226 ], [ -71.3869, -9.6611 ], [ -71.4084, -9.6907 ], [ -71.4015, -9.7072 ], [ -71.4216, -9.7167 ], [ -71.4357, -9.7905 ], [ -71.4843, -9.7851 ], [ -71.5516, -9.8323 ], [ -71.6134, -9.8933 ], [ -71.6772, -9.9998 ] ] ] } },
{ "type": "Feature", "properties": { "tipo": "TI", "nome": "Karajá de Aruanã II" }, "geometry": { "type": "Polygon", "coordinates": [ [ [ -51.1033, -14.9246 ], [ -51.1204, -14.8995 ], [ -51.0949, -14.8947 ], [ -51.0876, -14.9189 ], [ -51.1033, -14.9246 ] ] ] } },
{ "type": "Feature", "properties": { "tipo": "TI", "nome": "Karajá Santana do Araguaia" }, "geometry": { "type": "Polygon", "coordinates": [ [ [ -49.7448, -8.8779 ], [ -49.7871, -8.9066 ], [ -49.797, -8.8754 ], [ -49.7535, -8.8515 ], [ -49.7448, -8.8779 ] ] ] } },
{ "type": "Feature", "properties": { "tipo": "TI", "nome": "Karitiana" }, "geometry": { "type": "Polygon", "coordinates": [ [ [ -63.8826, -9.2243 ], [ -63.8834, -9.4414 ], [ -64.222, -9.4408 ], [ -64.2214, -9.2237 ], [ -63.8826, -9.2243 ] ] ] } },
{ "type": "Feature", "properties": { "tipo": "TI", "nome": "Katukina/Kaxinawá" }, "geometry": { "type": "Polygon", "coordinates": [ [ [ -70.4176, -7.9786 ], [ -70.3146, -8.0776 ], [ -70.3255, -8.1074 ], [ -70.3491, -8.098 ], [ -70.3688, -8.1587 ], [ -70.4576, -8.1485 ], [ -70.457, -8.1335 ], [ -70.4943, -8.1083 ], [ -70.4654, -8.0643 ], [ -70.4797, -8.025 ], [ -70.4176, -7.9786 ] ] ] } },
{ "type": "Feature", "properties": { "tipo": "TI", "nome": "Kaxinawá Ashaninka do Rio Breu" }, "geometry": { "type": "Polygon", "coordinates": [ [ [ -72.5553, -9.4631 ], [ -72.5454, -9.4514 ], [ -72.5018, -9.467 ], [ -72.4239, -9.4249 ], [ -72.3721, -9.4694 ], [ -72.3475, -9.4462 ], [ -72.3242, -9.4577 ], [ -72.3151, -9.4436 ], [ -72.2809, -9.473 ], [ -72.2255, -9.473 ], [ -72.2099, -9.4855 ], [ -72.1933, -9.615 ], [ -72.2342, -9.6303 ], [ -72.2213, -9.6622 ], [ -72.2513, -9.6931 ], [ -72.2531, -9.6165 ], [ -72.2883, -9.6024 ], [ -72.2829, -9.54 ], [ -72.3182, -9.5432 ], [ -72.3451, -9.502 ], [ -72.4081, -9.4767 ], [ -72.5179, -9.4913 ], [ -72.5553, -9.4631 ] ] ] } },
{ "type": "Feature", "properties": { "tipo": "TI", "nome": "Kaxinawá Colônia Vinte e Sete" }, "geometry": { "type": "Polygon", "coordinates": [ [ [ -70.7779, -8.1011 ], [ -70.7891, -8.1008 ], [ -70.7845, -8.0945 ], [ -70.7779, -8.1011 ] ] ] } },
{ "type": "Feature", "properties": { "tipo": "TI", "nome": "Kaxinawá da Praia do Carapanã" }, "geometry": { "type": "Polygon", "coordinates": [ [ [ -71.2316, -8.2735 ], [ -71.2157, -8.31 ], [ -71.1875, -8.3158 ], [ -71.2063, -8.3329 ], [ -71.1979, -8.3562 ], [ -71.2239, -8.3557 ], [ -71.2292, -8.3776 ], [ -71.2783, -8.3703 ], [ -71.2776, -8.3989 ], [ -71.2984, -8.3908 ], [ -71.3098, -8.4203 ], [ -71.2954, -8.4238 ], [ -71.2633, -8.4928 ], [ -71.3199, -8.571 ], [ -71.3684, -8.5305 ], [ -71.3642, -8.4888 ], [ -71.3953, -8.4787 ], [ -71.4057, -8.4503 ], [ -71.4303, -8.4417 ], [ -71.4616, -8.4571 ], [ -71.537, -8.4391 ], [ -71.5461, -8.4163 ], [ -71.5214, -8.4032 ], [ -71.5243, -8.376 ], [ -71.4761, -8.3248 ], [ -71.4499, -8.3111 ], [ -71.4122, -8.3288 ], [ -71.3421, -8.2809 ], [ -71.2803, -8.2765 ], [ -71.2671, -8.2888 ], [ -71.2316, -8.2735 ] ] ] } },
{ "type": "Feature", "properties": { "tipo": "TI", "nome": "Kaxinawá do Baixo Rio Jordão" }, "geometry": { "type": "Polygon", "coordinates": [ [ [ -72.0063, -9.252 ], [ -71.9794, -9.217 ], [ -71.9595, -9.2458 ], [ -71.9942, -9.2997 ], [ -71.9912, -9.3377 ], [ -72.0161, -9.3656 ], [ -72.0112, -9.3326 ], [ -72.0306, -9.2749 ], [ -72.0612, -9.2887 ], [ -72.0822, -9.2626 ], [ -72.0514, -9.2146 ], [ -72.0063, -9.252 ] ] ] } },
{ "type": "Feature", "properties": { "tipo": "TI", "nome": "Kaxinawá do Rio Jordão" }, "geometry": { "type": "Polygon", "coordinates": [ [ [ -72.2638, -9.7463 ], [ -72.2527, -9.6957 ], [ -72.2213, -9.6622 ], [ -72.2342, -9.6303 ], [ -72.1933, -9.615 ], [ -72.2099, -9.4855 ], [ -72.2527, -9.4653 ], [ -72.2495, -9.4229 ], [ -72.225, -9.4238 ], [ -72.1988, -9.3923 ], [ -72.155, -9.3824 ], [ -72.1514, -9.3505 ], [ -72.1007, -9.3068 ], [ -72.0831, -9.2614 ], [ -72.0612, -9.2887 ], [ -72.0344, -9.271 ], [ -72.0096, -9.3472 ], [ -72.0381, -9.4172 ], [ -72.0258, -9.461 ], [ -72.058, -9.5111 ], [ -72.0522, -9.5685 ], [ -72.097, -9.6368 ], [ -72.1084, -9.6955 ], [ -72.0874, -9.7085 ], [ -72.1005, -9.732 ], [ -72.0871, -9.7447 ], [ -72.1301, -9.7756 ], [ -72.1438, -9.8096 ], [ -72.1552, -9.8117 ], [ -72.1504, -9.7963 ], [ -72.1694, -9.7839 ], [ -72.2638, -9.7463 ] ] ] } },
{ "type": "Feature", "properties": { "tipo": "TI", "nome": "Kaxinawá Seringal Independência" }, "geometry": { "type": "Polygon", "coordinates": [ [ [ -71.8788, -9.2649 ], [ -71.8354, -9.2828 ], [ -71.8501, -9.3368 ], [ -71.9208, -9.3564 ], [ -71.9585, -9.3351 ], [ -72.0058, -9.3559 ], [ -71.9872, -9.2938 ], [ -71.9183, -9.2768 ], [ -71.8866, -9.2866 ], [ -71.8788, -9.2649 ] ] ] } },
{ "type": "Feature", "properties": { "tipo": "TI", "nome": "Kumaru do Lago Ualá" }, "geometry": { "type": "Polygon", "coordinates": [ [ [ -65.7847, -2.7454 ], [ -65.7324, -2.7544 ], [ -65.7414, -2.7926 ], [ -65.7254, -2.8086 ], [ -65.7426, -2.8304 ], [ -65.6936, -2.8972 ], [ -65.7022, -2.931 ], [ -65.6735, -3.021 ], [ -65.7504, -3.1747 ], [ -65.8373, -3.1383 ], [ -65.8458, -3.0981 ], [ -65.892, -3.0916 ], [ -65.9069, -2.9862 ], [ -65.8764, -2.9712 ], [ -65.8897, -2.9344 ], [ -65.8557, -2.9106 ], [ -65.8918, -2.9031 ], [ -65.9082, -2.9294 ], [ -65.9204, -2.9017 ], [ -65.9108, -2.8869 ], [ -65.8784, -2.8914 ], [ -65.8789, -2.8357 ], [ -65.8586, -2.8602 ], [ -65.8307, -2.8483 ], [ -65.8781, -2.8 ], [ -65.8738, -2.7807 ], [ -65.8371, -2.799 ], [ -65.8168, -2.7603 ], [ -65.7866, -2.7882 ], [ -65.7847, -2.7454 ] ] ] } },
{ "type": "Feature", "properties": { "tipo": "TI", "nome": "Kwazá do Rio São Pedro" }, "geometry": { "type": "Polygon", "coordinates": [ [ [ -61.4704, -12.3122 ], [ -61.3602, -12.3128 ], [ -61.3533, -12.3575 ], [ -61.3228, -12.3576 ], [ -61.3226, -12.4027 ], [ -61.3596, -12.4029 ], [ -61.3555, -12.4223 ], [ -61.4712, -12.4215 ], [ -61.4704, -12.3122 ] ] ] } },
{ "type": "Feature", "properties": { "tipo": "TI", "nome": "Lago Aiapua" }, "geometry": { "type": "Polygon", "coordinates": [ [ [ -62.1214, -4.2877 ], [ -62.113, -4.3311 ], [ -62.0896, -4.3436 ], [ -62.0745, -4.3336 ], [ -62.0572, -4.3572 ], [ -62.0838, -4.3997 ], [ -62.0693, -4.4047 ], [ -62.0797, -4.4296 ], [ -62.1248, -4.4362 ], [ -62.0918, -4.4573 ], [ -62.1391, -4.4741 ], [ -62.1765, -4.436 ], [ -62.226, -4.4278 ], [ -62.2272, -4.4115 ], [ -62.2072, -4.4222 ], [ -62.2145, -4.403 ], [ -62.1965, -4.3852 ], [ -62.2115, -4.3505 ], [ -62.1841, -4.332 ], [ -62.2097, -4.3055 ], [ -62.1214, -4.2877 ] ] ] } },
{ "type": "Feature", "properties": { "tipo": "TI", "nome": "Lago do Beruri" }, "geometry": { "type": "Polygon", "coordinates": [ [ [ -61.2598, -3.7965 ], [ -61.2194, -3.8043 ], [ -61.269, -3.8319 ], [ -61.3035, -3.8361 ], [ -61.3163, -3.8192 ], [ -61.3193, -3.7988 ], [ -61.3036, -3.801 ], [ -61.2825, -3.7675 ], [ -61.2598, -3.7965 ] ] ] } },
{ "type": "Feature", "properties": { "tipo": "TI", "nome": "Lago do Limão" }, "geometry": { "type": "Polygon", "coordinates": [ [ [ -59.8873, -4.2301 ], [ -59.8942, -4.2757 ], [ -59.8689, -4.3269 ], [ -59.9156, -4.3287 ], [ -59.9481, -4.3003 ], [ -59.9449, -4.2868 ], [ -59.9756, -4.2764 ], [ -59.9749, -4.2485 ], [ -59.9401, -4.2506 ], [ -59.9449, -4.2246 ], [ -59.9266, -4.2111 ], [ -59.8873, -4.2301 ] ] ] } },
{ "type": "Feature", "properties": { "tipo": "TI", "nome": "Lago Jauari" }, "geometry": { "type": "Polygon", "coordinates": [ [ [ -62.033, -6.1699 ], [ -61.9398, -6.1473 ], [ -61.9304, -6.1873 ], [ -61.9194, -6.1853 ], [ -61.9338, -6.2037 ], [ -61.8905, -6.2484 ], [ -62.0311, -6.2377 ], [ -62.033, -6.1699 ] ] ] } },
{ "type": "Feature", "properties": { "tipo": "TI", "nome": "Lagoa dos Brincos" }, "geometry": { "type": "Polygon", "coordinates": [ [ [ -60.1933, -13.2314 ], [ -60.1753, -13.2377 ], [ -60.1821, -13.273 ], [ -60.1528, -13.2951 ], [ -60.2145, -13.2624 ], [ -60.1933, -13.2314 ] ] ] } },
{ "type": "Feature", "properties": { "tipo": "TI", "nome": "Lauro Sodré" }, "geometry": { "type": "Polygon", "coordinates": [ [ [ -69.9142, -4.4051 ], [ -69.8481, -4.5346 ], [ -69.9284, -4.5702 ], [ -69.9354, -4.503 ], [ -69.8965, -4.5021 ], [ -69.9346, -4.4461 ], [ -69.9396, -4.399 ], [ -69.9142, -4.4051 ] ] ] } },
{ "type": "Feature", "properties": { "tipo": "TI", "nome": "Macarrão" }, "geometry": { "type": "Polygon", "coordinates": [ [ [ -67.075, -2.8105 ], [ -67.0468, -2.8594 ], [ -67.0065, -2.8536 ], [ -67.0036, -2.912 ], [ -67.0184, -2.9283 ], [ -67.0078, -2.9541 ], [ -67.039, -2.9433 ], [ -67.0414, -2.9659 ], [ -67.0948, -2.9809 ], [ -67.1131, -2.9717 ], [ -67.1362, -2.9992 ], [ -67.1931, -3.0015 ], [ -67.1878, -3.0215 ], [ -67.2103, -3.0363 ], [ -67.2772, -2.9994 ], [ -67.1888, -2.8162 ], [ -67.1519, -2.8418 ], [ -67.1248, -2.8426 ], [ -67.1169, -2.8243 ], [ -67.0893, -2.8307 ], [ -67.0914, -2.8155 ], [ -67.075, -2.8105 ] ] ] } },
{ "type": "Feature", "properties": { "tipo": "TI", "nome": "Mamoadate" }, "geometry": { "type": "Polygon", "coordinates": [ [ [ -70.6177, -10.9975 ], [ -70.6179, -10.5068 ], [ -70.5849, -10.4605 ], [ -70.5509, -10.4719 ], [ -70.5429, -10.5099 ], [ -70.5147, -10.5272 ], [ -70.45, -10.5267 ], [ -70.4325, -10.5424 ], [ -70.3765, -10.5063 ], [ -70.3695, -10.5289 ], [ -70.2912, -10.5678 ], [ -70.2517, -10.5413 ], [ -70.1118, -10.4992 ], [ -70.0969, -10.4634 ], [ -70.0647, -10.4396 ], [ -69.9671, -10.4553 ], [ -69.9256, -10.436 ], [ -69.8926, -10.4405 ], [ -69.8615, -10.415 ], [ -69.8089, -10.4107 ], [ -69.8324, -10.5381 ], [ -69.8542, -10.5424 ], [ -69.8628, -10.5739 ], [ -69.8512, -10.6212 ], [ -69.861, -10.6607 ], [ -69.8933, -10.682 ], [ -69.8995, -10.7203 ], [ -69.9298, -10.7521 ], [ -69.9536, -10.7608 ], [ -70.0224, -10.7356 ], [ -70.1372, -10.7601 ], [ -70.1705, -10.8166 ], [ -70.3019, -10.8624 ], [ -70.3446, -10.8356 ], [ -70.3614, -10.8655 ], [ -70.421, -10.8884 ], [ -70.4383, -10.9174 ], [ -70.4826, -10.912 ], [ -70.5055, -10.9236 ], [ -70.5073, -10.9504 ], [ -70.5295, -10.9311 ], [ -70.6177, -10.9975 ] ] ] } },
{ "type": "Feature", "properties": { "tipo": "TI", "nome": "Mapari" }, "geometry": { "type": "Polygon", "coordinates": [ [ [ -66.9869, -1.8779 ], [ -66.9529, -1.9031 ], [ -66.9445, -1.8947 ], [ -66.9362, -1.9866 ], [ -66.9056, -2.0207 ], [ -66.9648, -2.0485 ], [ -66.9534, -2.071 ], [ -66.9699, -2.1195 ], [ -67.0768, -2.2729 ], [ -67.1365, -2.2801 ], [ -67.2158, -2.3226 ], [ -67.2703, -2.3074 ], [ -67.2372, -2.2622 ], [ -67.241, -2.2406 ], [ -67.3191, -2.2241 ], [ -67.5504, -2.2517 ], [ -67.5613, -2.2869 ], [ -67.6379, -2.3243 ], [ -67.6457, -2.3468 ], [ -67.6774, -2.3153 ], [ -67.6019, -2.2247 ], [ -67.5746, -2.2279 ], [ -67.5067, -2.1654 ], [ -67.4963, -2.1769 ], [ -67.4757, -2.1471 ], [ -67.4557, -2.1531 ], [ -67.4489, -2.1285 ], [ -67.4022, -2.131 ], [ -67.3799, -2.0905 ], [ -67.3534, -2.0948 ], [ -67.3398, -2.0696 ], [ -67.3081, -2.069 ], [ -67.2988, -2.0421 ], [ -67.2538, -2.0425 ], [ -67.2382, -2.0196 ], [ -67.2106, -2.0147 ], [ -67.2085, -1.9918 ], [ -67.1627, -2.0084 ], [ -67.1531, -1.99 ], [ -67.1395, -1.9981 ], [ -67.13, -1.9852 ], [ -67.125, -1.9999 ], [ -67.0917, -1.9821 ], [ -67.0895, -1.9994 ], [ -67.076, -1.9778 ], [ -67.0566, -1.9876 ], [ -67.0434, -1.964 ], [ -67.006, -1.9581 ], [ -66.9858, -1.9173 ], [ -67.0067, -1.9122 ], [ -66.9865, -1.8899 ], [ -66.984, -1.9107 ], [ -66.9742, -1.9068 ], [ -66.9686, -1.8993 ], [ -66.9869, -1.8779 ] ] ] } },
{ "type": "Feature", "properties": { "tipo": "TI", "nome": "Marajai" }, "geometry": { "type": "Polygon", "coordinates": [ [ [ -64.834, -3.172 ], [ -64.8054, -3.2136 ], [ -64.8465, -3.2102 ], [ -64.834, -3.172 ] ] ] } },
{ "type": "Feature", "properties": { "tipo": "TI", "nome": "Lago do Marinheiro" }, "geometry": { "type": "Polygon", "coordinates": [ [ [ -59.9884, -3.5547 ], [ -59.9672, -3.6147 ], [ -60.0167, -3.6398 ], [ -60.0291, -3.5977 ], [ -59.9884, -3.5547 ] ] ] } },
{ "type": "Feature", "properties": { "tipo": "TI", "nome": "Massaco" }, "geometry": { "type": "Polygon", "coordinates": [ [ [ -62.3237, -12.3498 ], [ -62.2907, -12.3624 ], [ -62.2815, -12.3328 ], [ -62.2051, -12.3346 ], [ -62.2148, -12.3826 ], [ -62.176, -12.458 ], [ -62.1729, -12.5184 ], [ -62.185, -12.5341 ], [ -62.1876, -12.6506 ], [ -62.2518, -12.7045 ], [ -62.2473, -12.7235 ], [ -62.2922, -12.7682 ], [ -62.2855, -12.7884 ], [ -62.3091, -12.8348 ], [ -62.3399, -12.8377 ], [ -62.3495, -12.8542 ], [ -62.378, -12.8513 ], [ -62.3958, -12.8307 ], [ -62.4167, -12.8587 ], [ -62.4769, -12.8624 ], [ -62.4992, -12.881 ], [ -62.5567, -12.8571 ], [ -62.617, -12.8649 ], [ -62.7102, -12.6739 ], [ -62.7724, -12.723 ], [ -62.8095, -12.7127 ], [ -62.8469, -12.7254 ], [ -62.9678, -12.6374 ], [ -63.0966, -12.569 ], [ -63.0887, -12.5263 ], [ -63.0507, -12.502 ], [ -63.0514, -12.4777 ], [ -63.0255, -12.4611 ], [ -63.0267, -12.4213 ], [ -63.0027, -12.387 ], [ -62.9757, -12.3682 ], [ -62.938, -12.377 ], [ -62.8904, -12.3464 ], [ -62.875, -12.3516 ], [ -62.854, -12.3239 ], [ -62.7, -12.4724 ], [ -62.4872, -12.2608 ], [ -62.4035, -12.2918 ], [ -62.3624, -12.2855 ], [ -62.3334, -12.3028 ], [ -62.3237, -12.3498 ] ] ] } },
{ "type": "Feature", "properties": { "tipo": "TI", "nome": "Mawetek" }, "geometry": { "type": "Polygon", "coordinates": [ [ [ -70.3191, -6.5842 ], [ -70.1869, -6.4992 ], [ -70.0733, -6.4997 ], [ -70.0259, -6.4641 ], [ -69.9932, -6.5402 ], [ -70.0031, -6.6052 ], [ -69.9556, -6.7161 ], [ -70.0258, -6.6916 ], [ -70.052, -6.7067 ], [ -70.0756, -6.6859 ], [ -70.0834, -6.6999 ], [ -70.1171, -6.6652 ], [ -70.1716, -6.6534 ], [ -70.3579, -6.6768 ], [ -70.4089, -6.7193 ], [ -70.529, -6.7551 ], [ -70.5352, -6.774 ], [ -70.5902, -6.7482 ], [ -70.6322, -6.6358 ], [ -70.6263, -6.6182 ], [ -70.3706, -6.5639 ], [ -70.3191, -6.5842 ] ] ] } },
{ "type": "Feature", "properties": { "tipo": "TI", "nome": "Meria" }, "geometry": { "type": "Polygon", "coordinates": [ [ [ -64.8598, -3.202 ], [ -64.8474, -3.2429 ], [ -64.8598, -3.2427 ], [ -64.8598, -3.202 ] ] ] } },
{ "type": "Feature", "properties": { "tipo": "TI", "nome": "Miguel/Josefa" }, "geometry": { "type": "Polygon", "coordinates": [ [ [ -59.1762, -3.7977 ], [ -59.1271, -3.8008 ], [ -59.1515, -3.8327 ], [ -59.1762, -3.7977 ] ] ] } },
{ "type": "Feature", "properties": { "tipo": "TI", "nome": "Miratu" }, "geometry": { "type": "Polygon", "coordinates": [ [ [ -65.2775, -2.9781 ], [ -65.1695, -2.9886 ], [ -65.1578, -3.0039 ], [ -65.1875, -3.0495 ], [ -65.1992, -3.0421 ], [ -65.2103, -3.0745 ], [ -65.2709, -3.0858 ], [ -65.3089, -3.0683 ], [ -65.2775, -2.9781 ] ] ] } },
{ "type": "Feature", "properties": { "tipo": "TI", "nome": "Munduruku" }, "geometry": { "type": "Polygon", "coordinates": [ [ [ -57.6305, -6.1351 ], [ -57.6111, -6.1638 ], [ -57.5898, -6.164 ], [ -57.5924, -6.1884 ], [ -57.5832, -6.1982 ], [ -57.5463, -6.2015 ], [ -57.5404, -6.2288 ], [ -57.5281, -6.2252 ], [ -57.4756, -6.3007 ], [ -57.4855, -6.329 ], [ -57.4606, -6.39 ], [ -57.4671, -6.4196 ], [ -57.4545, -6.4178 ], [ -57.451, -6.4355 ], [ -57.4593, -6.4688 ], [ -57.4406, -6.4814 ], [ -57.4516, -6.5212 ], [ -57.4124, -6.6175 ], [ -57.4306, -6.7016 ], [ -57.425, -6.7823 ], [ -57.4398, -6.8127 ], [ -57.3995, -6.8403 ], [ -57.4014, -6.893 ], [ -57.3211, -6.9835 ], [ -57.3126, -7.0861 ], [ -57.2775, -7.1269 ], [ -57.2605, -7.1633 ], [ -57.2717, -7.1819 ], [ -57.2455, -7.2258 ], [ -57.254, -7.274 ], [ -57.133, -7.2557 ], [ -57.1337, -7.2858 ], [ -57.1442, -7.282 ], [ -57.198, -7.3931 ], [ -57.1959, -7.4955 ], [ -57.1498, -7.528 ], [ -57.0681, -7.5543 ], [ -56.8888, -7.7167 ], [ -56.8585, -7.7785 ], [ -56.8339, -7.7813 ], [ -56.8527, -7.8399 ], [ -56.8473, -7.8543 ], [ -56.8074, -7.8286 ], [ -56.7995, -7.8803 ], [ -56.8547, -7.9608 ], [ -56.8387, -7.9949 ], [ -56.8466, -8.0139 ], [ -56.8055, -8.039 ], [ -56.7805, -8.0861 ], [ -56.7051, -8.0626 ], [ -56.6676, -8.0683 ], [ -56.6667, -8.3462 ], [ -56.7994, -8.3841 ], [ -56.8276, -8.3394 ], [ -56.9162, -8.3297 ], [ -56.9312, -8.2761 ], [ -56.9453, -8.271 ], [ -57.0126, -8.3269 ], [ -57.2911, -8.6626 ], [ -57.3675, -8.6701 ], [ -57.395, -8.647 ], [ -57.4462, -8.645 ], [ -57.5039, -8.6195 ], [ -57.5179, -8.5745 ], [ -57.5044, -8.4797 ], [ -57.5152, -8.4338 ], [ -57.5726, -8.4062 ], [ -57.6299, -8.4098 ], [ -57.6565, -8.3829 ], [ -57.6756, -8.3177 ], [ -57.6357, -8.2092 ], [ -57.6665, -8.1691 ], [ -57.7113, -8.1556 ], [ -57.7227, -8.0936 ], [ -57.8209, -7.9811 ], [ -57.8261, -7.8718 ], [ -57.8719, -7.794 ], [ -57.8906, -7.6785 ], [ -57.9389, -7.6466 ], [ -57.9498, -7.5631 ], [ -58.0358, -7.444 ], [ -58.0549, -7.3922 ], [ -58.1466, -7.3314 ], [ -58.13, -7.2132 ], [ -58.2219, -7.1209 ], [ -58.239, -7.0814 ], [ -58.2905, -7.0529 ], [ -58.3327, -6.9751 ], [ -58.3772, -6.964 ], [ -58.4043, -6.9362 ], [ -58.474, -6.7542 ], [ -58.4719, -6.7004 ], [ -58.4519, -6.66 ], [ -58.412, -6.6114 ], [ -58.3343, -6.5764 ], [ -58.3233, -6.5227 ], [ -58.2778, -6.4916 ], [ -58.2833, -6.5039 ], [ -58.1963, -6.5887 ], [ -58.0721, -6.6704 ], [ -58.0194, -6.6738 ], [ -57.9859, -6.6593 ], [ -57.9812, -6.5963 ], [ -57.9404, -6.5743 ], [ -57.9187, -6.5794 ], [ -57.8948, -6.495 ], [ -57.8732, -6.4891 ], [ -57.8808, -6.4319 ], [ -57.8548, -6.3494 ], [ -57.867, -6.3311 ], [ -57.8256, -6.3202 ], [ -57.7896, -6.3356 ], [ -57.7703, -6.4429 ], [ -57.7074, -6.4354 ], [ -57.7153, -6.3786 ], [ -57.7412, -6.3616 ], [ -57.7578, -6.3236 ], [ -57.7297, -6.3055 ], [ -57.739, -6.2618 ], [ -57.7113, -6.2527 ], [ -57.6668, -6.1559 ], [ -57.6305, -6.1351 ] ] ] } },
{ "type": "Feature", "properties": { "tipo": "TI", "nome": "Muriru" }, "geometry": { "type": "Polygon", "coordinates": [ [ [ -60.2481, 2.5853 ], [ -60.1594, 2.5744 ], [ -60.172, 2.5302 ], [ -60.2424, 2.5369 ], [ -60.2575, 2.5514 ], [ -60.2481, 2.5853 ] ] ] } },
{ "type": "Feature", "properties": { "tipo": "TI", "nome": "Murutinga/Tracaja" }, "geometry": { "type": "Polygon", "coordinates": [ [ [ -59.2153, -3.2848 ], [ -59.1115, -3.3262 ], [ -59.1428, -3.3528 ], [ -59.2323, -3.3526 ], [ -59.2302, -3.3677 ], [ -59.2481, -3.3739 ], [ -59.2193, -3.395 ], [ -59.2234, -3.4635 ], [ -59.2381, -3.4855 ], [ -59.2708, -3.4934 ], [ -59.2741, -3.4225 ], [ -59.257, -3.4029 ], [ -59.2732, -3.375 ], [ -59.2574, -3.3762 ], [ -59.2482, -3.3393 ], [ -59.2477, -3.3579 ], [ -59.2365, -3.3493 ], [ -59.2579, -3.3104 ], [ -59.2153, -3.2848 ] ] ] } },
{ "type": "Feature", "properties": { "tipo": "TI", "nome": "Natal/Felicidade" }, "geometry": { "type": "Polygon", "coordinates": [ [ [ -59.1979, -3.557 ], [ -59.2261, -3.5683 ], [ -59.2359, -3.5814 ], [ -59.2301, -3.5629 ], [ -59.1979, -3.557 ] ] ] } },
{ "type": "Feature", "properties": { "tipo": "TI", "nome": "Nhamundá/Mapuera" }, "geometry": { "type": "Polygon", "coordinates": [ [ [ -58.0399, -0.0897 ], [ -57.9598, -0.1099 ], [ -57.9431, -0.1393 ], [ -57.939, -0.2235 ], [ -57.9095, -0.2358 ], [ -57.7839, -0.3675 ], [ -57.795, -0.3775 ], [ -57.635, -0.7486 ], [ -57.6647, -0.8733 ], [ -57.6786, -0.8666 ], [ -57.7186, -0.9062 ], [ -57.8141, -0.9224 ], [ -57.8306, -0.9621 ], [ -57.8353, -1.0625 ], [ -57.7852, -1.1162 ], [ -57.7828, -1.1688 ], [ -57.7557, -1.2369 ], [ -57.8695, -1.3237 ], [ -57.8601, -1.3871 ], [ -57.8871, -1.4324 ], [ -57.9143, -1.4363 ], [ -57.8894, -1.4515 ], [ -57.8927, -1.4662 ], [ -57.9485, -1.4931 ], [ -58.142, -1.4954 ], [ -58.1797, -1.4455 ], [ -58.2186, -1.4307 ], [ -58.2558, -1.3649 ], [ -58.3797, -1.2847 ], [ -58.4953, -1.1544 ], [ -58.6236, -0.863 ], [ -58.679, -0.8417 ], [ -58.7144, -0.7433 ], [ -58.6578, -0.7182 ], [ -58.4744, -0.7125 ], [ -58.4368, -0.6342 ], [ -58.3329, -0.558 ], [ -58.3328, -0.5058 ], [ -58.2333, -0.3953 ], [ -58.2167, -0.2153 ], [ -58.1672, -0.0519 ], [ -58.1086, -0.0033 ], [ -58.022, -0.0183 ], [ -58.0399, -0.0897 ] ] ] } },
{ "type": "Feature", "properties": { "tipo": "TI", "nome": "Nova Esperança do Rio Jandiatuba" }, "geometry": { "type": "Polygon", "coordinates": [ [ [ -68.8611, -3.476 ], [ -68.7963, -3.5044 ], [ -68.7137, -3.5641 ], [ -68.6431, -3.5879 ], [ -68.6175, -3.6776 ], [ -68.6883, -3.6353 ], [ -68.7086, -3.64 ], [ -68.7713, -3.5755 ], [ -68.8465, -3.5591 ], [ -68.8445, -3.5392 ], [ -68.8645, -3.5383 ], [ -68.8576, -3.5011 ], [ -68.8745, -3.4993 ], [ -68.8611, -3.476 ] ] ] } },
{ "type": "Feature", "properties": { "tipo": "TI", "nome": "Nove de Janeiro" }, "geometry": { "type": "Polygon", "coordinates": [ [ [ -62.478, -7.1238 ], [ -62.4216, -7.1601 ], [ -62.4011, -7.1396 ], [ -62.393, -7.212 ], [ -62.3405, -7.184 ], [ -62.335, -7.2427 ], [ -62.3658, -7.2879 ], [ -62.3667, -7.3738 ], [ -62.3827, -7.395 ], [ -62.3788, -7.4301 ], [ -62.3582, -7.43 ], [ -62.3576, -7.4441 ], [ -62.3839, -7.4751 ], [ -62.4058, -7.4752 ], [ -62.4042, -7.4927 ], [ -62.3917, -7.4822 ], [ -62.3752, -7.5864 ], [ -62.4037, -7.6473 ], [ -62.4014, -7.7346 ], [ -62.4185, -7.7593 ], [ -62.5263, -7.694 ], [ -62.545, -7.6284 ], [ -62.5906, -7.6191 ], [ -62.5926, -7.6445 ], [ -62.8089, -7.5422 ], [ -62.8544, -7.542 ], [ -62.8824, -7.4847 ], [ -62.9445, -7.4605 ], [ -62.8405, -7.3466 ], [ -62.782, -7.3806 ], [ -62.6692, -7.2899 ], [ -62.6237, -7.316 ], [ -62.6121, -7.2619 ], [ -62.5683, -7.2305 ], [ -62.5736, -7.1893 ], [ -62.5232, -7.1881 ], [ -62.5157, -7.1462 ], [ -62.478, -7.1238 ] ] ] } },
{ "type": "Feature", "properties": { "tipo": "TI", "nome": "Nukini" }, "geometry": { "type": "Polygon", "coordinates": [ [ [ -73.671, -7.2869 ], [ -73.5444, -7.2818 ], [ -73.5243, -7.3117 ], [ -73.4786, -7.3297 ], [ -73.4494, -7.3205 ], [ -73.3953, -7.3652 ], [ -73.3541, -7.3764 ], [ -73.342, -7.3982 ], [ -73.2988, -7.3968 ], [ -73.2771, -7.4133 ], [ -73.3326, -7.4523 ], [ -73.4395, -7.4523 ], [ -73.5012, -7.4152 ], [ -73.5096, -7.3817 ], [ -73.5422, -7.3506 ], [ -73.5909, -7.3474 ], [ -73.671, -7.2869 ] ] ] } },
{ "type": "Feature", "properties": { "tipo": "TI", "nome": "Pacaas Novas" }, "geometry": { "type": "Polygon", "coordinates": [ [ [ -65.3461, -11.1862 ], [ -65.3569, -11.1318 ], [ -65.2786, -11.0886 ], [ -65.2769, -11.0629 ], [ -65.2988, -11.0316 ], [ -65.247, -10.9901 ], [ -65.2208, -10.9904 ], [ -65.144, -11.0675 ], [ -65.1518, -11.0829 ], [ -65.1172, -11.0752 ], [ -65.1056, -11.0989 ], [ -65.0601, -11.097 ], [ -65.0642, -11.123 ], [ -65.017, -11.1364 ], [ -65.0144, -11.1656 ], [ -64.9914, -11.1675 ], [ -64.9884, -11.1995 ], [ -64.9742, -11.1925 ], [ -64.9501, -11.2291 ], [ -64.9122, -11.2298 ], [ -64.8873, -11.2914 ], [ -64.9115, -11.3958 ], [ -64.8662, -11.488 ], [ -64.8819, -11.5043 ], [ -64.8383, -11.636 ], [ -64.8452, -11.6913 ], [ -64.9124, -11.7224 ], [ -64.941, -11.7056 ], [ -64.9902, -11.715 ], [ -65.0217, -11.6951 ], [ -65.0431, -11.6547 ], [ -65.064, -11.656 ], [ -65.0837, -11.618 ], [ -65.2216, -11.616 ], [ -65.2304, -11.5707 ], [ -65.2112, -11.5229 ], [ -65.3079, -11.4911 ], [ -65.3318, -11.3477 ], [ -65.2887, -11.3271 ], [ -65.347, -11.2971 ], [ -65.3576, -11.2227 ], [ -65.3237, -11.2145 ], [ -65.3136, -11.1941 ], [ -65.3279, -11.1799 ], [ -65.3461, -11.1862 ] ] ] } },
{ "type": "Feature", "properties": { "tipo": "TI", "nome": "Padre" }, "geometry": { "type": "Polygon", "coordinates": [ [ [ -59.1877, -3.7256 ], [ -59.1704, -3.7306 ], [ -59.1741, -3.7651 ], [ -59.1992, -3.7433 ], [ -59.1877, -3.7256 ] ] ] } },
{ "type": "Feature", "properties": { "tipo": "TI", "nome": "Panará" }, "geometry": { "type": "Polygon", "coordinates": [ [ [ -54.4142, -9.0714 ], [ -54.3693, -9.0034 ], [ -54.3755, -8.8992 ], [ -54.3459, -8.9047 ], [ -54.2401, -8.8487 ], [ -54.2216, -8.8633 ], [ -54.1814, -8.8408 ], [ -54.1416, -8.857 ], [ -54.0277, -8.8115 ], [ -54.0221, -8.8564 ], [ -54.0609, -8.9232 ], [ -54.0663, -9.0044 ], [ -54.1551, -9.12 ], [ -54.116, -9.1378 ], [ -54.089, -9.194 ], [ -54.0082, -9.1963 ], [ -54.0026, -9.2369 ], [ -53.9637, -9.2523 ], [ -53.9363, -9.2967 ], [ -53.9278, -9.2823 ], [ -53.9124, -9.2931 ], [ -53.9233, -9.316 ], [ -53.8836, -9.3348 ], [ -53.8823, -9.3698 ], [ -53.8581, -9.3903 ], [ -53.8563, -9.4143 ], [ -53.8826, -9.5724 ], [ -53.8415, -9.6085 ], [ -53.874, -9.6793 ], [ -53.9823, -9.6761 ], [ -53.9839, -9.7345 ], [ -54.125, -9.7325 ], [ -54.1242, -9.8902 ], [ -54.3152, -9.8912 ], [ -54.3623, -9.7816 ], [ -54.3086, -9.7091 ], [ -54.2962, -9.5976 ], [ -54.2631, -9.5903 ], [ -54.2974, -9.5683 ], [ -54.3103, -9.5331 ], [ -54.3952, -9.5242 ], [ -54.4432, -9.476 ], [ -54.469, -9.4754 ], [ -54.4586, -9.4158 ], [ -54.4917, -9.3996 ], [ -54.497, -9.3437 ], [ -54.4547, -9.2334 ], [ -54.4625, -9.1969 ], [ -54.4273, -9.0976 ], [ -54.4081, -9.0936 ], [ -54.4142, -9.0714 ] ] ] } },
{ "type": "Feature", "properties": { "tipo": "TI", "nome": "Paquiçamba" }, "geometry": { "type": "Polygon", "coordinates": [ [ [ -51.801, -3.4404 ], [ -51.7625, -3.4673 ], [ -51.7752, -3.4859 ], [ -51.8065, -3.4867 ], [ -51.8104, -3.5173 ], [ -51.8345, -3.5114 ], [ -51.834, -3.466 ], [ -51.801, -3.4404 ] ] ] } },
{ "type": "Feature", "properties": { "tipo": "TI", "nome": "Paquiçamba" }, "geometry": { "type": "Polygon", "coordinates": [ [ [ -51.7297, -3.3522 ], [ -51.6944, -3.3587 ], [ -51.7006, -3.4247 ], [ -51.6857, -3.456 ], [ -51.6982, -3.4875 ], [ -51.7361, -3.4895 ], [ -51.7644, -3.5247 ], [ -51.8222, -3.5423 ], [ -51.863, -3.4888 ], [ -51.861, -3.4705 ], [ -51.8022, -3.4268 ], [ -51.7607, -3.4257 ], [ -51.7516, -3.4489 ], [ -51.7342, -3.4493 ], [ -51.7524, -3.3927 ], [ -51.7297, -3.3522 ] ] ] } },
{ "type": "Feature", "properties": { "tipo": "TI", "nome": "Parabubure" }, "geometry": { "type": "Polygon", "coordinates": [ [ [ -53.0373, -14.1067 ], [ -52.9741, -14.232 ], [ -52.9298, -14.2539 ], [ -52.8894, -14.2228 ], [ -52.8471, -14.2794 ], [ -52.9, -14.3159 ], [ -52.8603, -14.3625 ], [ -52.8902, -14.4263 ], [ -52.9738, -14.4805 ], [ -52.9803, -14.5475 ], [ -53.0089, -14.5924 ], [ -53.0633, -14.5731 ], [ -53.0635, -14.5908 ], [ -53.0942, -14.6109 ], [ -53.1506, -14.6187 ], [ -53.1592, -14.5926 ], [ -53.1844, -14.5807 ], [ -53.1947, -14.5425 ], [ -53.2254, -14.5402 ], [ -53.2705, -14.5613 ], [ -53.2947, -14.5514 ], [ -53.3109, -14.572 ], [ -53.3492, -14.5805 ], [ -53.4076, -14.4811 ], [ -53.4431, -14.4789 ], [ -53.4372, -14.449 ], [ -53.4661, -14.4035 ], [ -53.4512, -14.368 ], [ -53.4537, -14.264 ], [ -53.4011, -14.2072 ], [ -53.3995, -14.183 ], [ -53.3637, -14.1364 ], [ -53.333, -14.1862 ], [ -53.3236, -14.2374 ], [ -53.2387, -14.2132 ], [ -53.2194, -14.2805 ], [ -53.1957, -14.279 ], [ -53.1163, -14.2383 ], [ -53.0895, -14.1849 ], [ -53.0412, -14.1423 ], [ -53.0373, -14.1067 ] ] ] } },
{ "type": "Feature", "properties": { "tipo": "TI", "nome": "Paracuhuba" }, "geometry": { "type": "Polygon", "coordinates": [ [ [ -59.0582, -3.5444 ], [ -59.0559, -3.5645 ], [ -59.0881, -3.5614 ], [ -59.0948, -3.5441 ], [ -59.0582, -3.5444 ] ] ] } },
{ "type": "Feature", "properties": { "tipo": "TI", "nome": "Parana do Paricá" }, "geometry": { "type": "Polygon", "coordinates": [ [ [ -65.8386, -1.825 ], [ -65.7885, -1.8395 ], [ -65.7951, -1.8897 ], [ -65.8621, -1.9362 ], [ -65.8865, -1.88 ], [ -65.8583, -1.8646 ], [ -65.8698, -1.8369 ], [ -65.8386, -1.825 ] ] ] } },
{ "type": "Feature", "properties": { "tipo": "TI", "nome": "Patauá" }, "geometry": { "type": "Polygon", "coordinates": [ [ [ -59.317, -3.4322 ], [ -59.2823, -3.4485 ], [ -59.2876, -3.4597 ], [ -59.317, -3.4322 ] ] ] } },
{ "type": "Feature", "properties": { "tipo": "TI", "nome": "Paumari do Cuniua" }, "geometry": { "type": "Polygon", "coordinates": [ [ [ -64.8399, -5.9358 ], [ -64.8449, -5.9534 ], [ -64.8033, -5.9358 ], [ -64.7873, -5.9623 ], [ -64.8154, -5.9776 ], [ -64.7905, -6.0192 ], [ -64.8165, -6.0071 ], [ -64.819, -6.0331 ], [ -64.8352, -6.035 ], [ -64.8313, -6.0392 ], [ -64.8169, -6.0328 ], [ -64.8199, -6.0459 ], [ -64.8455, -6.0492 ], [ -64.8284, -6.1065 ], [ -64.8113, -6.1225 ], [ -64.7692, -6.1139 ], [ -64.7691, -6.1512 ], [ -64.8204, -6.1671 ], [ -64.8283, -6.1535 ], [ -64.853, -6.1787 ], [ -64.8822, -6.1149 ], [ -64.8949, -6.1434 ], [ -64.9152, -6.1233 ], [ -64.9545, -6.1205 ], [ -64.9944, -6.1258 ], [ -64.9967, -6.1455 ], [ -65.0209, -6.1608 ], [ -65.0449, -6.152 ], [ -65.0418, -6.121 ], [ -65.0205, -6.1033 ], [ -65.0634, -6.0655 ], [ -65.0624, -6.0498 ], [ -65.0075, -6.0456 ], [ -64.9896, -6.0203 ], [ -64.9763, -6.0308 ], [ -64.9582, -6.0272 ], [ -64.9642, -6.0221 ], [ -64.9627, -6.0144 ], [ -64.9388, -6.0198 ], [ -64.9392, -6.0048 ], [ -64.8748, -5.9703 ], [ -64.8739, -5.9377 ], [ -64.8399, -5.9358 ] ] ] } },
{ "type": "Feature", "properties": { "tipo": "TI", "nome": "Paumari do Lago Manissuã" }, "geometry": { "type": "Polygon", "coordinates": [ [ [ -64.582, -5.7189 ], [ -64.5391, -5.7552 ], [ -64.5388, -5.7827 ], [ -64.5211, -5.7925 ], [ -64.5164, -5.7724 ], [ -64.5149, -5.7914 ], [ -64.4931, -5.7944 ], [ -64.5053, -5.8191 ], [ -64.4898, -5.8261 ], [ -64.5081, -5.8359 ], [ -64.503, -5.8507 ], [ -64.5427, -5.8364 ], [ -64.5761, -5.8736 ], [ -64.5821, -5.8552 ], [ -64.6292, -5.8403 ], [ -64.6499, -5.8949 ], [ -64.683, -5.8742 ], [ -64.6679, -5.798 ], [ -64.6126, -5.7161 ], [ -64.582, -5.7189 ] ] ] } },
{ "type": "Feature", "properties": { "tipo": "TI", "nome": "Paumari do Lago Marahã" }, "geometry": { "type": "MultiPolygon", "coordinates": [ [ [ [ -65.3435, -7.5669 ], [ -65.3573, -7.5541 ], [ -65.3463, -7.5286 ], [ -65.3892, -7.5278 ], [ -65.3897, -7.5085 ], [ -65.3457, -7.5023 ], [ -65.3309, -7.4795 ], [ -65.307, -7.4827 ], [ -65.3099, -7.4522 ], [ -65.2748, -7.4316 ], [ -65.224, -7.448 ], [ -65.223, -7.4195 ], [ -65.1816, -7.3888 ], [ -65.1623, -7.4357 ], [ -65.1415, -7.4403 ], [ -65.1541, -7.4569 ], [ -65.1371, -7.4875 ], [ -65.1516, -7.5159 ], [ -65.1407, -7.5547 ], [ -65.1155, -7.5422 ], [ -65.0323, -7.6857 ], [ -65.0208, -7.6844 ], [ -65.0322, -7.6711 ], [ -65.0222, -7.6525 ], [ -65.0081, -7.6796 ], [ -65.0166, -7.7063 ], [ -65.0347, -7.6942 ], [ -65.0336, -7.7201 ], [ -65.0581, -7.7002 ], [ -65.0776, -7.7031 ], [ -65.0829, -7.7154 ], [ -65.0728, -7.7033 ], [ -65.0573, -7.716 ], [ -65.0856, -7.7196 ], [ -65.083, -7.7262 ], [ -65.0621, -7.7314 ], [ -65.0534, -7.7429 ], [ -65.0603, -7.7509 ], [ -65.0698, -7.7358 ], [ -65.0742, -7.7515 ], [ -65.0928, -7.7386 ], [ -65.1151, -7.7828 ], [ -65.1285, -7.7698 ], [ -65.1244, -7.7384 ], [ -65.1478, -7.7326 ], [ -65.228, -7.7967 ], [ -65.3491, -7.7958 ], [ -65.4767, -7.6668 ], [ -65.4198, -7.6729 ], [ -65.3663, -7.6089 ], [ -65.3435, -7.5669 ] ] ] ] } },
{ "type": "Feature", "properties": { "tipo": "TI", "nome": "Paumari do Lago Paricá" }, "geometry": { "type": "Polygon", "coordinates": [ [ [ -64.6756, -5.8828 ], [ -64.6439, -5.8994 ], [ -64.6507, -5.985 ], [ -64.785, -5.9847 ], [ -64.772, -5.9715 ], [ -64.7888, -5.9569 ], [ -64.7503, -5.8796 ], [ -64.6756, -5.8828 ] ] ] } },
{ "type": "Feature", "properties": { "tipo": "TI", "nome": "Peneri/Tacaquiri" }, "geometry": { "type": "Polygon", "coordinates": [ [ [ -67.0767, -7.7899 ], [ -66.9607, -7.9547 ], [ -66.9233, -7.9341 ], [ -66.872, -7.9468 ], [ -66.8878, -7.967 ], [ -66.9258, -7.9727 ], [ -66.9692, -8.0555 ], [ -66.9756, -8.0902 ], [ -66.9552, -8.1548 ], [ -66.9736, -8.1794 ], [ -66.9785, -8.3494 ], [ -67.0057, -8.3817 ], [ -66.9997, -8.4766 ], [ -67.1251, -8.4894 ], [ -67.1715, -8.469 ], [ -67.2008, -8.3974 ], [ -67.1898, -8.3101 ], [ -67.2073, -8.2855 ], [ -67.1947, -8.234 ], [ -67.2908, -8.2098 ], [ -67.2714, -8.1728 ], [ -67.3062, -8.1755 ], [ -67.2566, -8.1433 ], [ -67.246, -8.1007 ], [ -67.2605, -8.0821 ], [ -67.2123, -8.0403 ], [ -67.2245, -8.0264 ], [ -67.2508, -8.036 ], [ -67.2429, -7.994 ], [ -67.2103, -7.9949 ], [ -67.2363, -7.9555 ], [ -67.2209, -7.921 ], [ -67.1939, -7.8952 ], [ -67.1511, -7.9232 ], [ -67.1674, -7.8933 ], [ -67.1401, -7.9029 ], [ -67.1226, -7.8811 ], [ -67.1563, -7.8686 ], [ -67.1292, -7.825 ], [ -67.1204, -7.8501 ], [ -67.0916, -7.8322 ], [ -67.0753, -7.85 ], [ -67.0942, -7.8149 ], [ -67.0767, -7.7899 ] ] ] } },
{ "type": "Feature", "properties": { "tipo": "TI", "nome": "Perigara" }, "geometry": { "type": "Polygon", "coordinates": [ [ [ -56.2089, -16.8043 ], [ -56.1133, -16.8125 ], [ -56.1053, -16.8202 ], [ -56.1337, -16.8356 ], [ -56.1459, -16.8816 ], [ -56.1699, -16.8871 ], [ -56.1614, -16.902 ], [ -56.1891, -16.9049 ], [ -56.1995, -16.9247 ], [ -56.2018, -16.9135 ], [ -56.2482, -16.9294 ], [ -56.2089, -16.8043 ] ] ] } },
{ "type": "Feature", "properties": { "tipo": "TI", "nome": "Pinatuba" }, "geometry": { "type": "Polygon", "coordinates": [ [ [ -60.7187, -5.5681 ], [ -60.6967, -5.5825 ], [ -60.6956, -5.6342 ], [ -60.7278, -5.6495 ], [ -60.7231, -5.6864 ], [ -60.6767, -5.745 ], [ -60.6981, -5.7747 ], [ -60.7737, -5.8189 ], [ -60.7964, -5.7994 ], [ -60.7886, -5.7143 ], [ -60.8104, -5.6907 ], [ -60.7955, -5.6738 ], [ -60.807, -5.6635 ], [ -60.7855, -5.6676 ], [ -60.7757, -5.6537 ], [ -60.7937, -5.6276 ], [ -60.7776, -5.6244 ], [ -60.8065, -5.6 ], [ -60.8059, -5.567 ], [ -60.8254, -5.5645 ], [ -60.7841, -5.5494 ], [ -60.7574, -5.5068 ], [ -60.7147, -5.5365 ], [ -60.7187, -5.5681 ] ] ] } },
{ "type": "Feature", "properties": { "tipo": "TI", "nome": "Pirahã" }, "geometry": { "type": "Polygon", "coordinates": [ [ [ -61.7435, -6.4804 ], [ -61.7178, -6.482 ], [ -61.7284, -6.5136 ], [ -61.7071, -6.4963 ], [ -61.6905, -6.5015 ], [ -61.7119, -6.5243 ], [ -61.6797, -6.563 ], [ -61.7044, -6.5748 ], [ -61.7028, -6.6236 ], [ -61.7372, -6.6331 ], [ -61.7963, -6.7016 ], [ -61.8085, -6.8264 ], [ -61.8774, -6.9808 ], [ -62.0008, -7.1061 ], [ -62.0966, -7.1426 ], [ -62.1702, -7.203 ], [ -62.1919, -7.3414 ], [ -62.1668, -7.456 ], [ -62.1944, -7.4564 ], [ -62.2337, -7.5218 ], [ -62.2196, -7.6705 ], [ -62.1805, -7.7145 ], [ -62.219, -7.8578 ], [ -62.4185, -7.7593 ], [ -62.4014, -7.7346 ], [ -62.4037, -7.6473 ], [ -62.3751, -7.5864 ], [ -62.3912, -7.4815 ], [ -62.4035, -7.4926 ], [ -62.4054, -7.475 ], [ -62.3834, -7.4752 ], [ -62.3572, -7.4439 ], [ -62.3582, -7.43 ], [ -62.3788, -7.4301 ], [ -62.3827, -7.395 ], [ -62.3667, -7.3738 ], [ -62.3658, -7.2879 ], [ -62.335, -7.2427 ], [ -62.3419, -7.1879 ], [ -62.2858, -7.0923 ], [ -62.1736, -6.9872 ], [ -62.1069, -6.9864 ], [ -62.0226, -6.8239 ], [ -62.0329, -6.7591 ], [ -61.9996, -6.7086 ], [ -61.9446, -6.5437 ], [ -61.9044, -6.5275 ], [ -61.9047, -6.464 ], [ -61.7537, -6.4633 ], [ -61.7435, -6.4804 ] ] ] } },
{ "type": "Feature", "properties": { "tipo": "TI", "nome": "Ponte de Pedra" }, "geometry": { "type": "Polygon", "coordinates": [ [ [ -57.3039, -13.5 ], [ -57.2722, -13.5143 ], [ -57.2689, -13.5487 ], [ -57.3119, -13.648 ], [ -57.3414, -13.6352 ], [ -57.3383, -13.6047 ], [ -57.4436, -13.5922 ], [ -57.4528, -13.5796 ], [ -57.4274, -13.5547 ], [ -57.4411, -13.5369 ], [ -57.3805, -13.5179 ], [ -57.3333, -13.5358 ], [ -57.3039, -13.5 ] ] ] } },
{ "type": "Feature", "properties": { "tipo": "TI", "nome": "Porquinhos" }, "geometry": { "type": "Polygon", "coordinates": [ [ [ -45.4744, -6.0025 ], [ -45.4823, -6.1271 ], [ -45.5136, -6.1847 ], [ -45.7197, -6.2261 ], [ -45.8114, -6.1431 ], [ -45.7702, -6.0134 ], [ -45.6452, -5.965 ], [ -45.4744, -6.0025 ] ] ] } },
{ "type": "Feature", "properties": { "tipo": "TI", "nome": "Porto Praia" }, "geometry": { "type": "Polygon", "coordinates": [ [ [ -65.1701, -2.8847 ], [ -65.1639, -2.8458 ], [ -65.0807, -2.8873 ], [ -65.0783, -2.9065 ], [ -65.1098, -2.9191 ], [ -65.1572, -2.9043 ], [ -65.1701, -2.8847 ] ] ] } },
{ "type": "Feature", "properties": { "tipo": "TI", "nome": "Poyanawa" }, "geometry": { "type": "Polygon", "coordinates": [ [ [ -73.0572, -7.441 ], [ -73.0076, -7.4847 ], [ -73.0034, -7.5117 ], [ -72.9336, -7.5673 ], [ -72.9849, -7.5343 ], [ -73.0156, -7.5463 ], [ -73.0629, -7.5709 ], [ -73.1856, -7.6884 ], [ -73.1697, -7.6387 ], [ -73.1731, -7.5583 ], [ -73.0835, -7.459 ], [ -73.0572, -7.441 ] ] ] } },
{ "type": "Feature", "properties": { "tipo": "TI", "nome": "Raposa Serra do Sol" }, "geometry": { "type": "Polygon", "coordinates": [ [ [ -59.8589, 3.5716 ], [ -59.8838, 3.5645 ], [ -59.9075, 3.5866 ], [ -59.9393, 3.5596 ], [ -59.9557, 3.5762 ], [ -60.0537, 3.5276 ], [ -60.0875, 3.4906 ], [ -60.158, 3.4632 ], [ -60.1953, 3.4095 ], [ -60.3207, 3.3737 ], [ -60.3211, 3.4165 ], [ -60.2858, 3.4503 ], [ -60.2998, 3.4885 ], [ -60.3378, 3.5464 ], [ -60.3579, 3.5421 ], [ -60.3792, 3.5671 ], [ -60.409, 3.5702 ], [ -60.4378, 3.6278 ], [ -60.4321, 3.6494 ], [ -60.4735, 3.6981 ], [ -60.4712, 3.724 ], [ -60.4845, 3.7428 ], [ -60.5055, 3.734 ], [ -60.4881, 3.7533 ], [ -60.4937, 3.7725 ], [ -60.4798, 3.7752 ], [ -60.4912, 3.8007 ], [ -60.4764, 3.8409 ], [ -60.4993, 3.8732 ], [ -60.4867, 3.9013 ], [ -60.5046, 3.914 ], [ -60.5031, 3.9561 ], [ -60.5257, 3.9661 ], [ -60.516, 4.0235 ], [ -60.5304, 4.0414 ], [ -60.5856, 4.0558 ], [ -60.5791, 4.0742 ], [ -60.5901, 4.0648 ], [ -60.6043, 4.0876 ], [ -60.6506, 4.0748 ], [ -60.6604, 4.0853 ], [ -60.6655, 4.073 ], [ -60.7428, 4.1013 ], [ -60.7636, 4.1378 ], [ -60.7835, 4.1278 ], [ -60.7955, 4.1391 ], [ -60.7918, 4.1949 ], [ -60.8079, 4.2477 ], [ -60.8289, 4.2532 ], [ -60.8139, 4.2584 ], [ -60.82, 4.2807 ], [ -60.908, 4.3806 ], [ -60.855, 4.4149 ], [ -60.8492, 4.4335 ], [ -60.8702, 4.4563 ], [ -60.9573, 4.4859 ], [ -61.1336, 4.4941 ], [ -61.0887, 4.5221 ], [ -60.9978, 4.5156 ], [ -60.9846, 4.5428 ], [ -60.9579, 4.5451 ], [ -60.9562, 4.5814 ], [ -60.9314, 4.5843 ], [ -60.948, 4.6544 ], [ -60.9196, 4.6633 ], [ -60.9024, 4.7154 ], [ -60.8496, 4.7015 ], [ -60.7988, 4.75 ], [ -60.7491, 4.7522 ], [ -60.6565, 4.8466 ], [ -60.6552, 4.8812 ], [ -60.6265, 4.8852 ], [ -60.6114, 4.9178 ], [ -60.5876, 4.9259 ], [ -60.5801, 4.9567 ], [ -60.6126, 5.008 ], [ -60.6166, 5.0436 ], [ -60.6394, 5.0529 ], [ -60.6566, 5.1564 ], [ -60.6828, 5.194 ], [ -60.7359, 5.2023 ], [ -60.7227, 5.2202 ], [ -60.682, 5.2322 ], [ -60.5692, 5.1957 ], [ -60.4555, 5.2022 ], [ -60.4344, 5.1813 ], [ -60.4133, 5.2135 ], [ -60.3384, 5.2003 ], [ -60.2096, 5.2696 ], [ -60.172, 5.2269 ], [ -60.1348, 5.2464 ], [ -60.1014, 5.1886 ], [ -60.0938, 5.1398 ], [ -59.9714, 5.0756 ], [ -60.0089, 4.862 ], [ -60.0343, 4.8016 ], [ -60.0212, 4.7816 ], [ -60.0394, 4.7249 ], [ -60.0253, 4.7064 ], [ -60.0756, 4.6555 ], [ -60.0706, 4.6167 ], [ -60.1236, 4.6051 ], [ -60.1332, 4.5891 ], [ -60.1793, 4.5958 ], [ -60.1902, 4.5778 ], [ -60.1649, 4.5729 ], [ -60.1566, 4.5129 ], [ -60.1069, 4.5046 ], [ -60.0887, 4.5334 ], [ -60.0864, 4.5173 ], [ -60.0645, 4.521 ], [ -60.0704, 4.4932 ], [ -60.0029, 4.4951 ], [ -59.9724, 4.4803 ], [ -59.9712, 4.5091 ], [ -59.9357, 4.4996 ], [ -59.9099, 4.4606 ], [ -59.8744, 4.487 ], [ -59.8613, 4.4524 ], [ -59.8128, 4.4466 ], [ -59.7953, 4.4656 ], [ -59.7939, 4.4476 ], [ -59.6723, 4.3754 ], [ -59.6795, 4.3414 ], [ -59.7329, 4.2848 ], [ -59.7304, 4.2686 ], [ -59.7097, 4.2681 ], [ -59.7397, 4.2347 ], [ -59.7311, 4.1813 ], [ -59.6846, 4.147 ], [ -59.6218, 4.134 ], [ -59.6541, 4.0694 ], [ -59.6182, 4.0522 ], [ -59.6016, 4.0295 ], [ -59.6076, 4.0076 ], [ -59.5935, 4.0169 ], [ -59.597, 4.0009 ], [ -59.5795, 4.0004 ], [ -59.5844, 3.9687 ], [ -59.5446, 3.9791 ], [ -59.5155, 3.9461 ], [ -59.5266, 3.9246 ], [ -59.5386, 3.9332 ], [ -59.5634, 3.92 ], [ -59.5668, 3.8919 ], [ -59.5767, 3.9029 ], [ -59.5937, 3.8853 ], [ -59.5929, 3.862 ], [ -59.6377, 3.9193 ], [ -59.6729, 3.907 ], [ -59.6977, 3.921 ], [ -59.723, 3.6651 ], [ -59.7521, 3.6531 ], [ -59.7647, 3.6271 ], [ -59.8506, 3.6057 ], [ -59.8589, 3.5716 ] ] ] } },
{ "type": "Feature", "properties": { "tipo": "TI", "nome": "Recreio/São Félix" }, "geometry": { "type": "Polygon", "coordinates": [ [ [ -59.1892, -3.54 ], [ -59.2053, -3.552 ], [ -59.2086, -3.5397 ], [ -59.1892, -3.54 ] ] ] } },
{ "type": "Feature", "properties": { "tipo": "TI", "nome": "Rio Apaporis" }, "geometry": { "type": "Polygon", "coordinates": [ [ [ -69.1521, -0.952 ], [ -69.1383, -1.0342 ], [ -69.0948, -1.0813 ], [ -69.0824, -1.1442 ], [ -69.051, -1.1864 ], [ -69.1005, -1.2131 ], [ -69.2115, -1.2 ], [ -69.2283, -1.2147 ], [ -69.219, -1.2788 ], [ -69.2387, -1.3187 ], [ -69.2731, -1.3207 ], [ -69.3183, -1.3754 ], [ -69.3956, -1.3666 ], [ -69.4266, -1.2328 ], [ -69.3912, -1.1363 ], [ -69.4144, -1.0839 ], [ -69.1521, -0.952 ] ] ] } },
{ "type": "Feature", "properties": { "tipo": "TI", "nome": "Rio Biá" }, "geometry": { "type": "Polygon", "coordinates": [ [ [ -67.4581, -3.8541 ], [ -67.4029, -3.9249 ], [ -67.4104, -3.9588 ], [ -67.3932, -4.001 ], [ -67.3609, -4.0276 ], [ -67.3629, -4.0877 ], [ -67.3322, -4.128 ], [ -67.2437, -4.1518 ], [ -67.2174, -4.2111 ], [ -67.1894, -4.2302 ], [ -67.1878, -4.3041 ], [ -67.1325, -4.4732 ], [ -67.1426, -4.4937 ], [ -67.2274, -4.4773 ], [ -67.2371, -4.4989 ], [ -67.2428, -4.7239 ], [ -67.2676, -4.743 ], [ -67.3058, -4.8271 ], [ -67.2687, -4.8427 ], [ -67.2458, -4.8852 ], [ -67.2775, -4.9213 ], [ -67.3303, -4.9336 ], [ -67.3174, -4.9559 ], [ -67.3536, -5.0209 ], [ -67.411, -5.0334 ], [ -67.4743, -5.1058 ], [ -67.5504, -5.1017 ], [ -67.6506, -5.1921 ], [ -67.6913, -5.2086 ], [ -67.697, -5.2319 ], [ -67.7392, -5.2579 ], [ -67.7687, -5.3054 ], [ -67.7841, -5.3624 ], [ -67.8181, -5.3601 ], [ -67.8459, -5.3915 ], [ -67.9212, -5.4209 ], [ -67.982, -5.4676 ], [ -68.0201, -5.5307 ], [ -68.02, -5.5719 ], [ -68.0426, -5.6084 ], [ -68.0014, -5.6815 ], [ -68.0115, -5.7018 ], [ -68.1968, -5.7383 ], [ -68.2972, -5.6327 ], [ -68.3365, -5.6512 ], [ -68.37, -5.6391 ], [ -68.3909, -5.5529 ], [ -68.3694, -5.5019 ], [ -68.3951, -5.4531 ], [ -68.3509, -5.4174 ], [ -68.3475, -5.3825 ], [ -68.3306, -5.3898 ], [ -68.3216, -5.3748 ], [ -68.3304, -5.3263 ], [ -68.2949, -5.3217 ], [ -68.2799, -5.2975 ], [ -68.2985, -5.2481 ], [ -68.2766, -5.2373 ], [ -68.2661, -5.1467 ], [ -68.2517, -5.1514 ], [ -68.2563, -5.1203 ], [ -68.2097, -5.0872 ], [ -68.213, -5.0418 ], [ -68.1846, -5.0401 ], [ -68.1981, -5.0334 ], [ -68.1756, -5.0105 ], [ -68.1896, -4.9735 ], [ -68.1629, -4.971 ], [ -68.1743, -4.9366 ], [ -68.1401, -4.9382 ], [ -68.1512, -4.9203 ], [ -68.1329, -4.9153 ], [ -68.1428, -4.895 ], [ -68.1196, -4.8825 ], [ -68.1188, -4.8605 ], [ -68.0973, -4.8539 ], [ -68.0596, -4.8873 ], [ -68.0138, -4.8843 ], [ -67.9736, -4.8352 ], [ -67.9292, -4.8207 ], [ -67.8708, -4.6068 ], [ -67.7843, -4.6243 ], [ -67.7428, -4.5887 ], [ -67.751, -4.549 ], [ -67.7329, -4.4619 ], [ -67.7782, -4.2937 ], [ -67.7669, -4.2737 ], [ -67.7393, -4.2724 ], [ -67.7187, -4.198 ], [ -67.7326, -4.1537 ], [ -67.7171, -4.1011 ], [ -67.6317, -4.0496 ], [ -67.658, -3.9958 ], [ -67.5958, -3.9527 ], [ -67.5627, -3.9542 ], [ -67.5594, -3.9254 ], [ -67.5354, -3.9067 ], [ -67.553, -3.8974 ], [ -67.4655, -3.8746 ], [ -67.4581, -3.8541 ] ] ] } },
{ "type": "Feature", "properties": { "tipo": "TI", "nome": "Rio Branco" }, "geometry": { "type": "Polygon", "coordinates": [ [ [ -62.7004, -12.4722 ], [ -62.9674, -12.2143 ], [ -62.773, -12.0361 ], [ -62.5809, -11.8303 ], [ -62.322, -12.0941 ], [ -62.7004, -12.4722 ] ] ] } },
{ "type": "Feature", "properties": { "tipo": "TI", "nome": "Kuruáya" }, "geometry": { "type": "Polygon", "coordinates": [ [ [ -54.6818, -5.6268 ], [ -54.5637, -5.5149 ], [ -54.4898, -5.4794 ], [ -54.4792, -5.4341 ], [ -54.4592, -5.4356 ], [ -54.428, -5.4792 ], [ -54.3958, -5.5735 ], [ -54.4324, -5.6844 ], [ -54.4279, -5.7444 ], [ -54.3868, -5.795 ], [ -54.3934, -5.8428 ], [ -54.3745, -5.8697 ], [ -54.3781, -5.8843 ], [ -54.4195, -5.8735 ], [ -54.4602, -5.8219 ], [ -54.4869, -5.8431 ], [ -54.5093, -5.8324 ], [ -54.5465, -5.9047 ], [ -54.6228, -5.9656 ], [ -54.6298, -6.0159 ], [ -54.6379, -6.0061 ], [ -54.7014, -6.0386 ], [ -54.7384, -5.9746 ], [ -54.7438, -5.9366 ], [ -54.7289, -5.9055 ], [ -54.7905, -5.7829 ], [ -54.795, -5.716 ], [ -54.73, -5.6296 ], [ -54.6818, -5.6268 ] ] ] } },
{ "type": "Feature", "properties": { "tipo": "TI", "nome": "Rio Guaporé" }, "geometry": { "type": "Polygon", "coordinates": [ [ [ -64.8222, -12.0974 ], [ -64.8249, -12.0765 ], [ -64.804, -12.0532 ], [ -64.8235, -12.0204 ], [ -64.8481, -12.0059 ], [ -64.9238, -12.023 ], [ -64.9401, -11.9959 ], [ -64.9289, -11.9681 ], [ -64.9117, -11.9682 ], [ -64.9093, -12.0027 ], [ -64.8865, -11.9815 ], [ -64.8993, -11.9612 ], [ -64.9549, -11.9514 ], [ -64.9415, -11.9403 ], [ -64.9609, -11.918 ], [ -64.9481, -11.8919 ], [ -64.9103, -11.8762 ], [ -64.9077, -11.8318 ], [ -64.8894, -11.8331 ], [ -64.8178, -11.781 ], [ -64.753, -11.8399 ], [ -64.6979, -11.8524 ], [ -64.659, -11.918 ], [ -64.6355, -11.9313 ], [ -64.5942, -11.879 ], [ -64.6002, -11.8424 ], [ -64.5171, -11.8308 ], [ -64.4667, -11.8741 ], [ -64.4677, -11.9345 ], [ -64.4953, -12.0035 ], [ -64.582, -12.0315 ], [ -64.6471, -12.1085 ], [ -64.6936, -12.0855 ], [ -64.6965, -12.096 ], [ -64.7303, -12.0899 ], [ -64.752, -12.1553 ], [ -64.7675, -12.1407 ], [ -64.7598, -12.0925 ], [ -64.7893, -12.0819 ], [ -64.8222, -12.0974 ] ] ] } },
{ "type": "Feature", "properties": { "tipo": "TI", "nome": "Rio Manicoré" }, "geometry": { "type": "Polygon", "coordinates": [ [ [ -61.5435, -6.1182 ], [ -61.5415, -6.133 ], [ -61.4741, -6.1418 ], [ -61.4576, -6.1695 ], [ -61.4339, -6.1739 ], [ -61.426, -6.208 ], [ -61.4375, -6.2248 ], [ -61.5004, -6.2516 ], [ -61.5041, -6.2244 ], [ -61.5335, -6.2029 ], [ -61.541, -6.2241 ], [ -61.5812, -6.2457 ], [ -61.5831, -6.2278 ], [ -61.6153, -6.2049 ], [ -61.6002, -6.1759 ], [ -61.6216, -6.1705 ], [ -61.5668, -6.1179 ], [ -61.5435, -6.1182 ] ] ] } },
{ "type": "Feature", "properties": { "tipo": "TI", "nome": "Rio Negro Ocaia" }, "geometry": { "type": "Polygon", "coordinates": [ [ [ -64.5946, -10.9512 ], [ -64.5557, -10.9898 ], [ -64.4416, -10.9921 ], [ -64.4645, -11.0152 ], [ -64.4634, -11.0436 ], [ -64.432, -11.0515 ], [ -64.4341, -11.0782 ], [ -64.3881, -11.078 ], [ -64.372, -11.1348 ], [ -64.4661, -11.1855 ], [ -64.5183, -11.175 ], [ -64.5495, -11.187 ], [ -64.5785, -11.1634 ], [ -64.6084, -11.1653 ], [ -64.6285, -11.1877 ], [ -64.8511, -11.1818 ], [ -64.85, -11.0324 ], [ -64.8325, -10.9864 ], [ -64.6552, -10.9737 ], [ -64.5946, -10.9512 ] ] ] } },
{ "type": "Feature", "properties": { "tipo": "TI", "nome": "Rio Negro Ocaia" }, "geometry": { "type": "Polygon", "coordinates": [ [ [ -64.7306, -10.8682 ], [ -64.6724, -10.8923 ], [ -64.6239, -10.8727 ], [ -64.585, -10.8952 ], [ -64.5471, -10.8815 ], [ -64.5331, -10.8993 ], [ -64.4731, -10.9056 ], [ -64.4291, -10.9587 ], [ -64.4654, -11.0179 ], [ -64.46, -11.0497 ], [ -64.432, -11.0518 ], [ -64.4339, -11.0783 ], [ -64.4039, -11.0792 ], [ -64.3587, -11.0487 ], [ -64.3344, -11.0686 ], [ -64.3234, -11.1323 ], [ -64.2925, -11.1359 ], [ -64.2675, -11.1724 ], [ -64.33, -11.2096 ], [ -64.3754, -11.2141 ], [ -64.41, -11.248 ], [ -64.4463, -11.2429 ], [ -64.4598, -11.2577 ], [ -64.5199, -11.2389 ], [ -64.6062, -11.2573 ], [ -64.6604, -11.2328 ], [ -64.7212, -11.2558 ], [ -64.7839, -11.2151 ], [ -64.847, -11.1988 ], [ -64.8513, -11.1818 ], [ -64.9093, -11.199 ], [ -64.9352, -11.2274 ], [ -64.9717, -11.2081 ], [ -64.9739, -11.1918 ], [ -64.9879, -11.1987 ], [ -64.9907, -11.1674 ], [ -65.0128, -11.1661 ], [ -65.0162, -11.1358 ], [ -65.05, -11.125 ], [ -65.0486, -11.1126 ], [ -64.9819, -11.077 ], [ -64.8388, -10.8948 ], [ -64.7306, -10.8682 ] ] ] } },
{ "type": "Feature", "properties": { "tipo": "TI", "nome": "Rio Urubu" }, "geometry": { "type": "Polygon", "coordinates": [ [ [ -58.9905, -2.9953 ], [ -58.9778, -3.0195 ], [ -58.9626, -3.0099 ], [ -58.9695, -3.0264 ], [ -58.9706, -3.0465 ], [ -58.9397, -3.0446 ], [ -58.9219, -3.0613 ], [ -58.8945, -3.1249 ], [ -58.8668, -3.105 ], [ -58.8645, -3.1385 ], [ -58.8367, -3.149 ], [ -58.8336, -3.1386 ], [ -58.8132, -3.1373 ], [ -58.8233, -3.1662 ], [ -58.8008, -3.2071 ], [ -58.8349, -3.1741 ], [ -58.9483, -3.1967 ], [ -58.9521, -3.1448 ], [ -59.0665, -3.0979 ], [ -59.0712, -3.0771 ], [ -59.036, -3.0241 ], [ -59.0408, -3.0061 ], [ -58.9905, -2.9953 ] ] ] } },
{ "type": "Feature", "properties": { "tipo": "TI", "nome": "Rodeador" }, "geometry": { "type": "Polygon", "coordinates": [ [ [ -45.228, -5.7326 ], [ -45.2619, -5.7145 ], [ -45.2264, -5.6745 ], [ -45.196, -5.6903 ], [ -45.228, -5.7326 ] ] ] } },
{ "type": "Feature", "properties": { "tipo": "TI", "nome": "Sai-Cinza" }, "geometry": { "type": "Polygon", "coordinates": [ [ [ -57.9793, -6.3581 ], [ -57.9365, -6.3389 ], [ -57.9946, -6.3144 ], [ -57.8863, -6.2745 ], [ -57.8288, -6.2181 ], [ -57.8048, -6.2622 ], [ -57.7673, -6.2588 ], [ -57.7612, -6.2878 ], [ -57.739, -6.2714 ], [ -57.7297, -6.3055 ], [ -57.7578, -6.3236 ], [ -57.7412, -6.3616 ], [ -57.7155, -6.3782 ], [ -57.7028, -6.4282 ], [ -57.7703, -6.4429 ], [ -57.7896, -6.3356 ], [ -57.8256, -6.3202 ], [ -57.8671, -6.331 ], [ -57.8548, -6.3494 ], [ -57.8808, -6.4319 ], [ -57.8734, -6.4896 ], [ -57.8948, -6.495 ], [ -57.9187, -6.5794 ], [ -57.9717, -6.586 ], [ -57.9846, -6.6582 ], [ -58.0194, -6.6738 ], [ -58.0721, -6.6704 ], [ -58.1963, -6.5887 ], [ -58.2833, -6.5039 ], [ -58.2158, -6.4342 ], [ -58.0349, -6.4194 ], [ -57.9793, -6.3581 ] ] ] } },
{ "type": "Feature", "properties": { "tipo": "TI", "nome": "Santana" }, "geometry": { "type": "Polygon", "coordinates": [ [ [ -55.5707, -14.0236 ], [ -55.3591, -14.1567 ], [ -55.3102, -14.2348 ], [ -55.2587, -14.2493 ], [ -55.3631, -14.2472 ], [ -55.4706, -14.2722 ], [ -55.486, -14.2176 ], [ -55.5005, -14.2302 ], [ -55.5522, -14.1147 ], [ -55.5707, -14.0236 ] ] ] } },
{ "type": "Feature", "properties": { "tipo": "TI", "nome": "São Francisco do Canimari" }, "geometry": { "type": "Polygon", "coordinates": [ [ [ -68.3153, -3.429 ], [ -68.3537, -3.4289 ], [ -68.356, -3.3819 ], [ -68.3211, -3.4006 ], [ -68.3153, -3.429 ] ] ] } },
{ "type": "Feature", "properties": { "tipo": "TI", "nome": "São Leopoldo" }, "geometry": { "type": "Polygon", "coordinates": [ [ [ -69.6473, -4.3703 ], [ -69.6199, -4.3907 ], [ -69.603, -4.4503 ], [ -69.6095, -4.4855 ], [ -69.596, -4.4936 ], [ -69.6158, -4.5159 ], [ -69.6135, -4.504 ], [ -69.635, -4.5035 ], [ -69.6505, -4.5296 ], [ -69.585, -4.5407 ], [ -69.6275, -4.5966 ], [ -69.6201, -4.6144 ], [ -69.6634, -4.626 ], [ -69.6633, -4.6559 ], [ -69.7213, -4.6448 ], [ -69.7595, -4.6732 ], [ -69.8189, -4.6841 ], [ -69.8406, -4.7257 ], [ -69.8953, -4.7456 ], [ -69.8954, -4.6262 ], [ -69.8009, -4.5558 ], [ -69.7857, -4.4961 ], [ -69.755, -4.4621 ], [ -69.7664, -4.4241 ], [ -69.7543, -4.3802 ], [ -69.6473, -4.3703 ] ] ] } },
{ "type": "Feature", "properties": { "tipo": "TI", "nome": "São Pedro" }, "geometry": { "type": "MultiPolygon", "coordinates": [ [ [ [ -59.2616, -3.7385 ], [ -59.2576, -3.7419 ], [ -59.2608, -3.7429 ], [ -59.2616, -3.7385 ] ] ], [ [ [ -59.261, -3.7369 ], [ -59.2255, -3.7149 ], [ -59.2256, -3.7422 ], [ -59.261, -3.7369 ] ] ] ] } },
{ "type": "Feature", "properties": { "tipo": "TI", "nome": "São Pedro do Sepatini" }, "geometry": { "type": "Polygon", "coordinates": [ [ [ -65.7586, -7.7714 ], [ -65.7135, -7.7861 ], [ -65.7278, -7.7996 ], [ -65.7223, -7.8701 ], [ -65.7022, -7.8646 ], [ -65.671, -7.8949 ], [ -65.6921, -7.9201 ], [ -65.722, -7.9376 ], [ -65.7355, -7.9194 ], [ -65.7581, -7.9272 ], [ -65.8186, -7.9785 ], [ -65.8144, -7.962 ], [ -65.8552, -7.9767 ], [ -65.9113, -7.9191 ], [ -65.9321, -7.9321 ], [ -65.9491, -7.923 ], [ -65.8554, -7.8811 ], [ -65.7768, -7.8231 ], [ -65.7586, -7.7714 ] ] ] } },
{ "type": "Feature", "properties": { "tipo": "TI", "nome": "Paukalirajausu" }, "geometry": { "type": "Polygon", "coordinates": [ [ [ -59.6781, -14.6767 ], [ -59.6113, -14.725 ], [ -59.6084, -14.7565 ], [ -59.6442, -14.797 ], [ -59.5911, -14.8498 ], [ -59.6165, -14.8477 ], [ -59.6806, -14.77 ], [ -59.6707, -14.7413 ], [ -59.6978, -14.6971 ], [ -59.6781, -14.6767 ] ] ] } },
{ "type": "Feature", "properties": { "tipo": "TI", "nome": "Tabocal" }, "geometry": { "type": "Polygon", "coordinates": [ [ [ -60.3822, -3.7125 ], [ -60.4001, -3.7415 ], [ -60.4295, -3.7413 ], [ -60.3985, -3.715 ], [ -60.3822, -3.7125 ] ] ] } },
{ "type": "Feature", "properties": { "tipo": "TI", "nome": "Tapirapé/Karajá" }, "geometry": { "type": "Polygon", "coordinates": [ [ [ -50.5454, -10.6077 ], [ -50.6, -10.6321 ], [ -50.6084, -10.6648 ], [ -50.5795, -10.7398 ], [ -50.6089, -10.8033 ], [ -50.7678, -10.7438 ], [ -50.807, -10.502 ], [ -50.6609, -10.5008 ], [ -50.5331, -10.5796 ], [ -50.5454, -10.6077 ] ] ] } },
{ "type": "Feature", "properties": { "tipo": "TI", "nome": "Tembé" }, "geometry": { "type": "Polygon", "coordinates": [ [ [ -48.2646, -2.6704 ], [ -48.2611, -2.702 ], [ -48.2872, -2.7031 ], [ -48.288, -2.6675 ], [ -48.2646, -2.6704 ] ] ] } },
{ "type": "Feature", "properties": { "tipo": "TI", "nome": "Terena Gleba Iriri" }, "geometry": { "type": "Polygon", "coordinates": [ [ [ -53.8585, -9.6553 ], [ -53.6261, -9.6569 ], [ -53.7149, -9.7078 ], [ -53.7339, -9.6977 ], [ -53.736, -9.7144 ], [ -53.7612, -9.7105 ], [ -53.7677, -9.728 ], [ -53.7531, -9.7259 ], [ -53.7477, -9.7428 ], [ -53.7888, -9.7815 ], [ -53.9839, -9.7345 ], [ -53.9823, -9.6761 ], [ -53.874, -9.6793 ], [ -53.8585, -9.6553 ] ] ] } },
{ "type": "Feature", "properties": { "tipo": "TI", "nome": "Itixi Mitari" }, "geometry": { "type": "MultiPolygon", "coordinates": [ [ [ [ -63.0007, -4.7764 ], [ -63.0008, -4.776 ], [ -62.9889, -4.7441 ], [ -63.0311, -4.7008 ], [ -62.9585, -4.6009 ], [ -62.9125, -4.6152 ], [ -62.86, -4.6045 ], [ -62.831, -4.6357 ], [ -62.7977, -4.6265 ], [ -62.7834, -4.6056 ], [ -62.7057, -4.5916 ], [ -62.6429, -4.6097 ], [ -62.6235, -4.5805 ], [ -62.6114, -4.5938 ], [ -62.5725, -4.5534 ], [ -62.5756, -4.5794 ], [ -62.5205, -4.5931 ], [ -62.5221, -4.5762 ], [ -62.5033, -4.5699 ], [ -62.4546, -4.6185 ], [ -62.4006, -4.6259 ], [ -62.3269, -4.5837 ], [ -62.277, -4.5998 ], [ -62.2616, -4.6243 ], [ -62.2426, -4.6207 ], [ -62.2501, -4.6355 ], [ -62.2302, -4.6466 ], [ -62.2154, -4.6338 ], [ -62.163, -4.6367 ], [ -62.1753, -4.6783 ], [ -62.2012, -4.6793 ], [ -62.1985, -4.6967 ], [ -62.2408, -4.7374 ], [ -62.2691, -4.7396 ], [ -62.307, -4.7091 ], [ -62.3126, -4.7557 ], [ -62.3333, -4.757 ], [ -62.3507, -4.7354 ], [ -62.3808, -4.7629 ], [ -62.4164, -4.7514 ], [ -62.4512, -4.7601 ], [ -62.4882, -4.7301 ], [ -62.5033, -4.7539 ], [ -62.6014, -4.7931 ], [ -62.6302, -4.7679 ], [ -62.6656, -4.7632 ], [ -62.6934, -4.8058 ], [ -62.6846, -4.8216 ], [ -62.7438, -4.8352 ], [ -62.7671, -4.8589 ], [ -62.8813, -4.8318 ], [ -62.8835, -4.8564 ], [ -62.9395, -4.8738 ], [ -62.9782, -4.8521 ], [ -63.0006, -4.7768 ], [ -63.0007, -4.7764 ] ] ] ] } },
{ "type": "Feature", "properties": { "tipo": "TI", "nome": "Trocará - Doação" }, "geometry": { "type": "Polygon", "coordinates": [ [ [ -49.8228, -3.6498 ], [ -49.8275, -3.6487 ], [ -49.8264, -3.6442 ], [ -49.8228, -3.6498 ] ] ] } },
{ "type": "Feature", "properties": { "tipo": "TI", "nome": "Trombetas/Mapuera" }, "geometry": { "type": "Polygon", "coordinates": [ [ [ -59.1271, 0.9364 ], [ -59.0892, 0.9003 ], [ -59.0406, 0.905 ], [ -59.0226, 0.9344 ], [ -59.0118, 0.8873 ], [ -58.9786, 0.8785 ], [ -58.9594, 0.8141 ], [ -58.9465, 0.8567 ], [ -58.8601, 0.9354 ], [ -58.8125, 0.918 ], [ -58.7061, 0.9129 ], [ -58.6924, 0.8794 ], [ -58.671, 0.8779 ], [ -58.6131, 0.8166 ], [ -58.5783, 0.8246 ], [ -58.5619, 0.8612 ], [ -58.4932, 0.8668 ], [ -58.442, 0.925 ], [ -58.4238, 0.9146 ], [ -58.3792, 0.9255 ], [ -58.3525, 0.8556 ], [ -58.3313, 0.8398 ], [ -58.369, 0.8221 ], [ -58.3686, 0.8033 ], [ -58.3135, 0.7627 ], [ -58.327, 0.6981 ], [ -58.3639, 0.6299 ], [ -58.3429, 0.6067 ], [ -58.3142, 0.613 ], [ -58.279, 0.6724 ], [ -58.2094, 0.668 ], [ -58.1929, 0.6897 ], [ -58.1681, 0.6841 ], [ -58.1204, 0.7386 ], [ -58.0698, 0.7578 ], [ -57.9769, 0.745 ], [ -57.9211, 0.7543 ], [ -57.873, 0.7349 ], [ -57.841, 0.6946 ], [ -57.825, 0.6026 ], [ -57.8805, 0.464 ], [ -57.8437, 0.4219 ], [ -57.832, 0.3817 ], [ -57.8042, 0.3623 ], [ -57.7792, 0.2935 ], [ -57.7036, 0.2233 ], [ -57.674, 0.1256 ], [ -57.634, 0.0789 ], [ -57.5796, 0.0664 ], [ -57.5448, 0.0156 ], [ -57.492, 0.0147 ], [ -57.4862, -0.0141 ], [ -57.4633, -0.0142 ], [ -57.4651, -0.0348 ], [ -57.4106, -0.0487 ], [ -57.338, -0.0303 ], [ -57.3206, -0.0415 ], [ -57.3267, -0.1289 ], [ -57.2916, -0.1671 ], [ -57.313, -0.176 ], [ -57.3076, -0.2368 ], [ -57.3235, -0.2338 ], [ -57.3081, -0.2702 ], [ -57.3334, -0.2862 ], [ -57.3376, -0.329 ], [ -57.3185, -0.358 ], [ -57.3299, -0.425 ], [ -57.3714, -0.4808 ], [ -57.3562, -0.4786 ], [ -57.3632, -0.4998 ], [ -57.3489, -0.5083 ], [ -57.3834, -0.5766 ], [ -57.3741, -0.6261 ], [ -57.4018, -0.6528 ], [ -57.3967, -0.6913 ], [ -57.3802, -0.6916 ], [ -57.3983, -0.7099 ], [ -57.3952, -0.7707 ], [ -57.346, -0.7939 ], [ -57.3526, -0.8145 ], [ -57.3318, -0.8304 ], [ -57.2558, -0.8534 ], [ -57.2239, -0.8899 ], [ -57.2043, -0.866 ], [ -57.1767, -0.8963 ], [ -57.1899, -0.9099 ], [ -57.1507, -0.9879 ], [ -57.2657, -0.9768 ], [ -57.297, -1.0123 ], [ -57.302, -1.0892 ], [ -57.3267, -1.0911 ], [ -57.3874, -1.0467 ], [ -57.4213, -1.0558 ], [ -57.4392, -1.0323 ], [ -57.4946, -1.0318 ], [ -57.5092, -1.0022 ], [ -57.5494, -0.989 ], [ -57.5697, -0.9415 ], [ -57.6576, -0.905 ], [ -57.6573, -0.8845 ], [ -57.6635, -0.8948 ], [ -57.673, -0.879 ], [ -57.635, -0.7486 ], [ -57.795, -0.3775 ], [ -57.7839, -0.3675 ], [ -57.9095, -0.2358 ], [ -57.939, -0.2235 ], [ -57.9431, -0.1393 ], [ -57.9596, -0.1101 ], [ -58.0399, -0.0897 ], [ -58.0222, -0.0186 ], [ -58.1072, -0.0033 ], [ -58.1672, -0.0519 ], [ -58.2167, -0.2153 ], [ -58.2333, -0.3953 ], [ -58.3328, -0.5058 ], [ -58.3329, -0.558 ], [ -58.4368, -0.6342 ], [ -58.4744, -0.7125 ], [ -58.6578, -0.7186 ], [ -58.7144, -0.7433 ], [ -58.679, -0.8417 ], [ -58.6236, -0.863 ], [ -58.4953, -1.1544 ], [ -58.4345, -1.2165 ], [ -58.4564, -1.2315 ], [ -58.4851, -1.3645 ], [ -58.4986, -1.3414 ], [ -58.5388, -1.3295 ], [ -58.5353, -1.2881 ], [ -58.5949, -1.2058 ], [ -58.5847, -1.1757 ], [ -58.6026, -1.1073 ], [ -58.6457, -1.0539 ], [ -58.6669, -1.0544 ], [ -58.6972, -1.0078 ], [ -58.6932, -0.9911 ], [ -58.737, -1.0069 ], [ -58.7644, -0.986 ], [ -58.8212, -0.9914 ], [ -58.8546, -0.9411 ], [ -58.8437, -0.8973 ], [ -58.9253, -0.897 ], [ -58.9557, -0.8793 ], [ -58.9872, -0.8145 ], [ -59.0384, -0.8264 ], [ -59.0788, -0.7821 ], [ -59.0957, -0.7859 ], [ -59.0849, -0.7533 ], [ -59.1191, -0.7446 ], [ -59.116, -0.6698 ], [ -59.1522, -0.6638 ], [ -59.16, -0.6245 ], [ -59.1774, -0.6139 ], [ -59.1745, -0.5836 ], [ -59.2341, -0.5659 ], [ -59.2962, -0.5852 ], [ -59.53, -0.5803 ], [ -59.7029, -0.6791 ], [ -59.7754, -0.5934 ], [ -59.7879, -0.541 ], [ -59.7707, -0.4904 ], [ -59.783, -0.46 ], [ -59.8324, -0.4344 ], [ -59.8574, -0.4504 ], [ -59.8246, -0.4032 ], [ -59.8579, -0.366 ], [ -59.8214, -0.1982 ], [ -59.8581, -0.0483 ], [ -59.8393, -0.0297 ], [ -59.8433, 0.0 ], [ -59.7568, 0.0988 ], [ -59.9377, 0.2013 ], [ -59.9535, 0.2707 ], [ -59.9744, 0.2833 ], [ -59.9526, 0.3183 ], [ -59.9889, 0.3416 ], [ -59.9579, 0.3676 ], [ -59.9479, 0.4163 ], [ -59.9818, 0.5144 ], [ -59.941, 0.5217 ], [ -59.9004, 0.5015 ], [ -59.8218, 0.5021 ], [ -59.7892, 0.5347 ], [ -59.6908, 0.5469 ], [ -59.6531, 0.5762 ], [ -59.5978, 0.568 ], [ -59.584, 0.625 ], [ -59.2963, 0.7045 ], [ -59.2403, 0.758 ], [ -59.1876, 0.7722 ], [ -59.18, 0.8467 ], [ -59.1293, 0.8938 ], [ -59.1271, 0.9364 ] ] ] } },
{ "type": "Feature", "properties": { "tipo": "TI", "nome": "Tikuna de Santo Antonio" }, "geometry": { "type": "Polygon", "coordinates": [ [ [ -69.9942, -4.3804 ], [ -69.9756, -4.3945 ], [ -70.0007, -4.4221 ], [ -70.0091, -4.3877 ], [ -69.9942, -4.3804 ] ] ] } },
{ "type": "Feature", "properties": { "tipo": "TI", "nome": "Tukuna Porto Espiritual" }, "geometry": { "type": "Polygon", "coordinates": [ [ [ -69.8155, -4.5093 ], [ -69.787, -4.5043 ], [ -69.7947, -4.5246 ], [ -69.829, -4.5339 ], [ -69.8565, -4.4051 ], [ -69.8402, -4.3999 ], [ -69.8155, -4.5093 ] ] ] } },
{ "type": "Feature", "properties": { "tipo": "TI", "nome": "Tupã-Supé" }, "geometry": { "type": "Polygon", "coordinates": [ [ [ -65.086, -3.1743 ], [ -65.0326, -3.1054 ], [ -64.9898, -3.1077 ], [ -64.9749, -3.0808 ], [ -64.9829, -3.1084 ], [ -64.9632, -3.1562 ], [ -65.0735, -3.1935 ], [ -65.086, -3.1743 ] ] ] } },
{ "type": "Feature", "properties": { "tipo": "TI", "nome": "Uaçá" }, "geometry": { "type": "Polygon", "coordinates": [ [ [ -51.295, 3.2 ], [ -51.3417, 3.1489 ], [ -51.5039, 3.1334 ], [ -51.5474, 3.1011 ], [ -51.5886, 3.1056 ], [ -51.6308, 3.1276 ], [ -51.7052, 3.2315 ], [ -51.7171, 3.223 ], [ -51.7693, 3.3672 ], [ -51.7232, 3.3951 ], [ -51.7322, 3.4221 ], [ -51.7185, 3.4545 ], [ -51.7823, 3.5711 ], [ -51.7737, 3.7318 ], [ -51.7384, 3.7597 ], [ -51.7581, 3.8029 ], [ -51.7298, 3.8557 ], [ -51.4253, 4.0182 ], [ -51.3216, 3.8047 ], [ -51.2594, 3.7622 ], [ -51.2441, 3.6319 ], [ -51.2008, 3.5949 ], [ -51.2125, 3.4519 ], [ -51.295, 3.2 ] ] ] } },
{ "type": "Feature", "properties": { "tipo": "TI", "nome": "Uati-Paraná" }, "geometry": { "type": "Polygon", "coordinates": [ [ [ -67.3056, -2.2243 ], [ -67.2374, -2.246 ], [ -67.2664, -2.3116 ], [ -67.2156, -2.3226 ], [ -67.1365, -2.2801 ], [ -67.0988, -2.2918 ], [ -67.1253, -2.3041 ], [ -67.1083, -2.3335 ], [ -67.1167, -2.3589 ], [ -67.1698, -2.4014 ], [ -67.1735, -2.4263 ], [ -67.1913, -2.4113 ], [ -67.1946, -2.4339 ], [ -67.2051, -2.4288 ], [ -67.2437, -2.4805 ], [ -67.2143, -2.5188 ], [ -67.1991, -2.6007 ], [ -67.2397, -2.6043 ], [ -67.2493, -2.5469 ], [ -67.3395, -2.5015 ], [ -67.332, -2.4727 ], [ -67.2841, -2.4662 ], [ -67.3479, -2.4443 ], [ -67.3635, -2.4735 ], [ -67.4055, -2.4743 ], [ -67.3915, -2.4519 ], [ -67.4033, -2.4409 ], [ -67.5113, -2.5077 ], [ -67.5906, -2.5039 ], [ -67.6351, -2.5261 ], [ -67.5504, -2.2517 ], [ -67.3056, -2.2243 ] ] ] } },
{ "type": "Feature", "properties": { "tipo": "TI", "nome": "Ubawawe" }, "geometry": { "type": "MultiPolygon", "coordinates": [ [ [ [ -53.6418, -14.6534 ], [ -53.6261, -14.565 ], [ -53.577, -14.5453 ], [ -53.5383, -14.4689 ], [ -53.4603, -14.405 ], [ -53.4372, -14.449 ], [ -53.4431, -14.4789 ], [ -53.4076, -14.4811 ], [ -53.3492, -14.5805 ], [ -53.6064, -14.7069 ], [ -53.6418, -14.6534 ] ] ] ] } },
{ "type": "Feature", "properties": { "tipo": "TI", "nome": "Vale do Javari" }, "geometry": { "type": "MultiPolygon", "coordinates": [ [ [ [ -73.2439, -6.5867 ], [ -73.2435, -6.5874 ], [ -73.2442, -6.5867 ], [ -73.2449, -6.5846 ], [ -73.2439, -6.5867 ] ] ], [ [ [ -73.1651, -6.5274 ], [ -73.166, -6.528 ], [ -73.1661, -6.5267 ], [ -73.1651, -6.5274 ] ] ], [ [ [ -73.2106, -6.0197 ], [ -73.2108, -6.0198 ], [ -73.2108, -6.0197 ], [ -73.2106, -6.0197 ] ] ], [ [ [ -73.161, -5.8866 ], [ -73.1594, -5.8854 ], [ -73.1595, -5.8863 ], [ -73.161, -5.8866 ] ] ], [ [ [ -73.1408, -6.4935 ], [ -73.1402, -6.4922 ], [ -73.1403, -6.493 ], [ -73.1408, -6.4935 ] ] ], [ [ [ -73.1506, -6.3362 ], [ -73.1506, -6.3352 ], [ -73.1503, -6.3386 ], [ -73.1506, -6.3362 ] ] ], [ [ [ -73.1518, -6.3293 ], [ -73.1515, -6.3279 ], [ -73.1513, -6.3282 ], [ -73.1518, -6.3293 ] ] ], [ [ [ -73.5612, -6.7219 ], [ -73.5199, -6.6765 ], [ -73.38, -6.6359 ], [ -73.3532, -6.5939 ], [ -73.2276, -6.5889 ], [ -73.2216, -6.5643 ], [ -73.2069, -6.5772 ], [ -73.1995, -6.5466 ], [ -73.1817, -6.5458 ], [ -73.1878, -6.5229 ], [ -73.1633, -6.5313 ], [ -73.1351, -6.5103 ], [ -73.1319, -6.4969 ], [ -73.1375, -6.4899 ], [ -73.1426, -6.4909 ], [ -73.1111, -6.4535 ], [ -73.1212, -6.4317 ], [ -73.1038, -6.4108 ], [ -73.1359, -6.3791 ], [ -73.1608, -6.2765 ], [ -73.2201, -6.2198 ], [ -73.2161, -6.1837 ], [ -73.2468, -6.1494 ], [ -73.2483, -6.1082 ], [ -73.2274, -6.0764 ], [ -73.2275, -6.0435 ], [ -73.2382, -6.0437 ], [ -73.2096, -6.0224 ], [ -73.2091, -6.0087 ], [ -73.1866, -6.0047 ], [ -73.187, -5.9448 ], [ -73.1612, -5.9078 ], [ -73.1521, -5.868 ], [ -73.1164, -5.8639 ], [ -73.114, -5.833 ], [ -73.0891, -5.8302 ], [ -73.0796, -5.801 ], [ -73.053, -5.7952 ], [ -73.0267, -5.7329 ], [ -73.0003, -5.7283 ], [ -72.9855, -5.6613 ], [ -72.964, -5.6621 ], [ -72.9592, -5.657 ], [ -72.9737, -5.6129 ], [ -72.9385, -5.5412 ], [ -72.9529, -5.5448 ], [ -72.9606, -5.5221 ], [ -72.958, -5.4661 ], [ -72.9189, -5.3774 ], [ -72.8886, -5.3536 ], [ -72.9034, -5.3388 ], [ -72.8669, -5.2765 ], [ -72.8353, -5.2702 ], [ -72.741, -5.3279 ], [ -72.6445, -5.2528 ], [ -72.6371, -5.2778 ], [ -72.5831, -5.3235 ], [ -72.4912, -5.2983 ], [ -72.4577, -5.3236 ], [ -72.3298, -5.3287 ], [ -72.2954, -5.3471 ], [ -72.3006, -5.369 ], [ -72.1153, -5.3973 ], [ -72.1197, -5.3551 ], [ -72.0836, -5.3486 ], [ -72.0908, -5.3354 ], [ -72.0812, -5.3263 ], [ -72.0773, -5.3421 ], [ -72.0719, -5.3181 ], [ -72.0617, -5.3318 ], [ -72.0419, -5.3198 ], [ -72.0296, -5.2844 ], [ -72.0443, -5.2778 ], [ -72.0438, -5.2552 ], [ -72.0287, -5.2417 ], [ -72.0223, -5.2591 ], [ -72.0219, -5.2398 ], [ -72.0069, -5.2433 ], [ -72.0095, -5.2268 ], [ -71.9864, -5.2071 ], [ -71.9693, -5.2219 ], [ -71.9743, -5.1934 ], [ -71.9522, -5.2113 ], [ -71.9441, -5.1908 ], [ -71.959, -5.1769 ], [ -71.9154, -5.1725 ], [ -71.9039, -5.1356 ], [ -71.8752, -5.1453 ], [ -71.8659, -5.1284 ], [ -71.8842, -5.1305 ], [ -71.8715, -5.1109 ], [ -71.8483, -5.1239 ], [ -71.8449, -5.0937 ], [ -71.826, -5.0894 ], [ -71.8325, -5.0691 ], [ -71.8127, -5.0776 ], [ -71.8194, -5.0651 ], [ -71.8062, -5.0607 ], [ -71.8198, -5.0491 ], [ -71.8053, -5.0257 ], [ -71.7954, -5.0448 ], [ -71.7876, -5.015 ], [ -71.7584, -5.0173 ], [ -71.7475, -4.9963 ], [ -71.7595, -4.9785 ], [ -71.736, -4.9541 ], [ -71.7505, -4.9377 ], [ -71.7307, -4.949 ], [ -71.7308, -4.9316 ], [ -71.6977, -4.9238 ], [ -71.7034, -4.9047 ], [ -71.6577, -4.8972 ], [ -71.6648, -4.8831 ], [ -71.6503, -4.8944 ], [ -71.6537, -4.9066 ], [ -71.6394, -4.8913 ], [ -71.6313, -4.9036 ], [ -71.6295, -4.8768 ], [ -71.6088, -4.8841 ], [ -71.6158, -4.8644 ], [ -71.5995, -4.8703 ], [ -71.5986, -4.8505 ], [ -71.562, -4.8662 ], [ -71.5631, -4.839 ], [ -71.5787, -4.8411 ], [ -71.5719, -4.8167 ], [ -71.5531, -4.8159 ], [ -71.5673, -4.8017 ], [ -71.5452, -4.7923 ], [ -71.543, -4.7508 ], [ -71.5001, -4.7544 ], [ -71.4986, -4.7105 ], [ -71.4627, -4.6831 ], [ -71.4716, -4.6693 ], [ -71.4535, -4.6662 ], [ -71.4735, -4.6327 ], [ -71.4488, -4.6305 ], [ -71.4414, -4.5813 ], [ -71.4126, -4.5828 ], [ -71.4126, -4.5442 ], [ -71.3917, -4.5325 ], [ -71.4077, -4.5237 ], [ -71.3961, -4.5043 ], [ -71.4077, -4.5006 ], [ -71.3837, -4.4916 ], [ -71.4109, -4.4768 ], [ -71.3758, -4.4626 ], [ -71.3754, -4.4451 ], [ -71.3996, -4.445 ], [ -71.3877, -4.4296 ], [ -71.3468, -4.431 ], [ -71.3156, -4.4473 ], [ -71.3116, -4.466 ], [ -71.3008, -4.4449 ], [ -71.3175, -4.4197 ], [ -71.2841, -4.4447 ], [ -71.2614, -4.4268 ], [ -71.2601, -4.3951 ], [ -71.2778, -4.3993 ], [ -71.2734, -4.3881 ], [ -71.2315, -4.3869 ], [ -71.2239, -4.4098 ], [ -71.2037, -4.3817 ], [ -71.1956, -4.4262 ], [ -71.1837, -4.3977 ], [ -71.1509, -4.405 ], [ -71.1483, -4.3836 ], [ -71.116, -4.4123 ], [ -71.1089, -4.3814 ], [ -71.0909, -4.3764 ], [ -71.0786, -4.3986 ], [ -71.0502, -4.3727 ], [ -71.0417, -4.4039 ], [ -71.0203, -4.3839 ], [ -70.9966, -4.3883 ], [ -70.9956, -4.3485 ], [ -70.9721, -4.3808 ], [ -70.9413, -4.3835 ], [ -70.9727, -4.4155 ], [ -70.9466, -4.5245 ], [ -70.9633, -4.5636 ], [ -70.9565, -4.61 ], [ -70.9316, -4.6457 ], [ -70.8665, -4.6574 ], [ -70.8399, -4.6792 ], [ -70.8066, -4.6642 ], [ -70.7687, -4.6815 ], [ -70.765, -4.6306 ], [ -70.7482, -4.6248 ], [ -70.7467, -4.602 ], [ -70.7189, -4.6055 ], [ -70.6677, -4.5637 ], [ -70.6582, -4.5758 ], [ -70.6552, -4.5587 ], [ -70.6129, -4.5679 ], [ -70.6076, -4.5409 ], [ -70.5508, -4.5263 ], [ -70.5456, -4.5029 ], [ -70.5315, -4.5093 ], [ -70.5201, -4.494 ], [ -70.4964, -4.5031 ], [ -70.5109, -4.5235 ], [ -70.4845, -4.5522 ], [ -70.4846, -4.5761 ], [ -70.4456, -4.6035 ], [ -70.4222, -4.6486 ], [ -70.2617, -4.6512 ], [ -70.2424, -4.6321 ], [ -70.1029, -4.7699 ], [ -69.9849, -4.7574 ], [ -69.967, -4.8005 ], [ -69.9226, -4.8203 ], [ -69.8932, -4.8576 ], [ -69.7937, -4.8594 ], [ -69.736, -4.8078 ], [ -69.7021, -4.8159 ], [ -69.6924, -4.7848 ], [ -69.6593, -4.7967 ], [ -69.642, -4.7622 ], [ -69.6238, -4.7518 ], [ -69.6145, -4.7683 ], [ -69.62, -4.8219 ], [ -69.6035, -4.8486 ], [ -69.6261, -4.8966 ], [ -69.6195, -4.9535 ], [ -69.5716, -4.9819 ], [ -69.5664, -5.031 ], [ -69.5044, -5.0879 ], [ -69.5429, -5.1509 ], [ -69.5574, -5.2301 ], [ -69.4112, -5.3375 ], [ -69.4337, -5.3535 ], [ -69.4343, -5.3778 ], [ -69.4048, -5.3907 ], [ -69.3964, -5.654 ], [ -69.4417, -5.6939 ], [ -69.4316, -5.8337 ], [ -69.4566, -5.8925 ], [ -69.4353, -5.9244 ], [ -69.4599, -5.9418 ], [ -69.4517, -5.9727 ], [ -69.4951, -6.0192 ], [ -69.5244, -6.0917 ], [ -69.5898, -6.1076 ], [ -69.6879, -6.1942 ], [ -69.7494, -6.2019 ], [ -69.7553, -6.2285 ], [ -69.7375, -6.2445 ], [ -69.7693, -6.2731 ], [ -69.7862, -6.3425 ], [ -69.8395, -6.3475 ], [ -69.8659, -6.3701 ], [ -69.8755, -6.4224 ], [ -70.0023, -6.4508 ], [ -70.0734, -6.4997 ], [ -70.1869, -6.4992 ], [ -70.3074, -6.5831 ], [ -70.3706, -6.5639 ], [ -70.6263, -6.6182 ], [ -70.825, -6.7197 ], [ -70.9248, -6.7165 ], [ -70.9887, -6.6498 ], [ -71.1878, -6.7259 ], [ -71.3806, -6.7454 ], [ -71.4591, -6.8568 ], [ -71.5167, -6.8599 ], [ -71.5501, -6.9363 ], [ -71.6458, -6.9655 ], [ -71.6667, -6.8919 ], [ -71.7139, -6.9122 ], [ -71.8043, -6.9127 ], [ -71.7834, -6.9991 ], [ -71.8995, -7.0336 ], [ -71.8994, -7.1363 ], [ -71.98, -7.1308 ], [ -72.0288, -7.1057 ], [ -72.2085, -7.1844 ], [ -72.315, -7.2015 ], [ -72.2995, -7.1329 ], [ -72.3765, -7.1417 ], [ -72.624, -7.1145 ], [ -72.6945, -6.9985 ], [ -73.0914, -7.0014 ], [ -73.213, -6.9404 ], [ -73.7032, -6.9612 ], [ -73.7252, -6.909 ], [ -73.7086, -6.8404 ], [ -73.6664, -6.8056 ], [ -73.6416, -6.7586 ], [ -73.5612, -6.7219 ] ] ], [ [ [ -72.9677, -5.6596 ], [ -72.968, -5.659 ], [ -72.9675, -5.6593 ], [ -72.9677, -5.6596 ] ] ] ] } },
{ "type": "Feature", "properties": { "tipo": "TI", "nome": "Vui-Uata-In" }, "geometry": { "type": "Polygon", "coordinates": [ [ [ -68.2728, -3.4056 ], [ -68.2366, -3.3859 ], [ -68.2079, -3.422 ], [ -68.203, -3.4718 ], [ -68.1771, -3.4862 ], [ -68.1776, -3.5534 ], [ -68.2467, -3.5721 ], [ -68.2745, -3.7034 ], [ -68.379, -3.7228 ], [ -68.3948, -3.7603 ], [ -68.4426, -3.7767 ], [ -68.5017, -3.7074 ], [ -68.5066, -3.6328 ], [ -68.4852, -3.5963 ], [ -68.5616, -3.5819 ], [ -68.6234, -3.483 ], [ -68.5923, -3.4457 ], [ -68.5937, -3.4064 ], [ -68.5448, -3.406 ], [ -68.5467, -3.4619 ], [ -68.5218, -3.4732 ], [ -68.4964, -3.4516 ], [ -68.4703, -3.461 ], [ -68.4622, -3.4284 ], [ -68.2666, -3.4292 ], [ -68.2728, -3.4056 ] ] ] } },
{ "type": "Feature", "properties": { "tipo": "TI", "nome": "Waimiri-Atroari" }, "geometry": { "type": "Polygon", "coordinates": [ [ [ -60.1206, 0.4102 ], [ -59.9526, 0.3183 ], [ -59.9744, 0.2833 ], [ -59.9535, 0.2707 ], [ -59.9268, 0.191 ], [ -59.7568, 0.0988 ], [ -59.8433, 0.0 ], [ -59.8393, -0.0297 ], [ -59.8581, -0.0483 ], [ -59.8214, -0.1982 ], [ -59.8579, -0.366 ], [ -59.8246, -0.4032 ], [ -59.8618, -0.4567 ], [ -59.8953, -0.4547 ], [ -59.9461, -0.5093 ], [ -59.9583, -0.5602 ], [ -60.0254, -0.5807 ], [ -60.0868, -0.5247 ], [ -60.1576, -0.5524 ], [ -60.222, -0.8206 ], [ -60.1866, -0.8643 ], [ -60.1847, -0.9639 ], [ -60.1588, -0.9695 ], [ -60.1456, -1.0227 ], [ -60.1228, -1.0328 ], [ -60.1252, -1.0608 ], [ -60.186, -1.1247 ], [ -60.1885, -1.165 ], [ -60.2053, -1.1753 ], [ -60.1832, -1.2213 ], [ -60.1884, -1.2489 ], [ -60.2066, -1.2402 ], [ -60.1999, -1.234 ], [ -60.2042, -1.2238 ], [ -60.2121, -1.2338 ], [ -60.227, -1.222 ], [ -60.219, -1.2043 ], [ -60.2386, -1.2197 ], [ -60.2443, -1.202 ], [ -60.2843, -1.1985 ], [ -60.2762, -1.1837 ], [ -60.2845, -1.1962 ], [ -60.2862, -1.1837 ], [ -60.2925, -1.1852 ], [ -60.2898, -1.1976 ], [ -60.3062, -1.1821 ], [ -60.311, -1.2012 ], [ -60.3448, -1.1824 ], [ -60.3499, -1.1946 ], [ -60.393, -1.1911 ], [ -60.3849, -1.2039 ], [ -60.403, -1.2122 ], [ -60.4169, -1.2048 ], [ -60.4018, -1.2201 ], [ -60.4131, -1.226 ], [ -60.4115, -1.2765 ], [ -60.543, -1.7237 ], [ -60.5398, -1.8443 ], [ -60.5751, -1.8901 ], [ -60.8429, -1.9248 ], [ -60.8717, -1.8659 ], [ -61.1449, -1.9302 ], [ -61.1943, -1.925 ], [ -61.2101, -1.9058 ], [ -61.2143, -1.9229 ], [ -61.2336, -1.9049 ], [ -61.2689, -1.9099 ], [ -61.285, -1.825 ], [ -61.3547, -1.6755 ], [ -61.3387, -1.629 ], [ -61.45, -1.2176 ], [ -61.5204, -1.1925 ], [ -61.3095, -0.7723 ], [ -61.287, -0.7425 ], [ -61.2545, -0.7407 ], [ -61.2344, -0.7188 ], [ -61.2783, -0.5757 ], [ -61.2287, -0.5601 ], [ -61.2221, -0.5 ], [ -61.161, -0.5129 ], [ -61.1218, -0.4003 ], [ -61.0856, -0.3678 ], [ -61.0849, -0.3326 ], [ -61.0686, -0.3147 ], [ -60.9738, -0.3139 ], [ -60.941, -0.2769 ], [ -60.8503, -0.2602 ], [ -60.8198, -0.2932 ], [ -60.8014, -0.2237 ], [ -60.7628, -0.2433 ], [ -60.7074, -0.2188 ], [ -60.6234, -0.2359 ], [ -60.5887, -0.2236 ], [ -60.5659, -0.1415 ], [ -60.5743, -0.1207 ], [ -60.5295, -0.0967 ], [ -60.5287, -0.0575 ], [ -60.4948, -0.0186 ], [ -60.4642, -0.0049 ], [ -60.4476, -0.0192 ], [ -60.3594, -0.0038 ], [ -60.3424, 0.0747 ], [ -60.3581, 0.1299 ], [ -60.3008, 0.17 ], [ -60.3148, 0.267 ], [ -60.3654, 0.3521 ], [ -60.359, 0.3781 ], [ -60.2264, 0.3956 ], [ -60.1673, 0.3828 ], [ -60.1206, 0.4102 ] ] ] } },
{ "type": "Feature", "properties": { "tipo": "TI", "nome": "Wawi" }, "geometry": { "type": "Polygon", "coordinates": [ [ [ -53.0528, -11.4727 ], [ -53.012, -11.5353 ], [ -52.964, -11.524 ], [ -52.9772, -11.5474 ], [ -52.9587, -11.5728 ], [ -52.9592, -11.6093 ], [ -52.9335, -11.6134 ], [ -52.9398, -11.6466 ], [ -52.9243, -11.6535 ], [ -52.9317, -11.6958 ], [ -52.913, -11.7062 ], [ -52.9223, -11.7289 ], [ -52.9085, -11.7332 ], [ -52.9172, -11.7874 ], [ -52.9047, -11.7952 ], [ -52.9051, -11.8362 ], [ -52.8717, -11.8912 ], [ -52.8833, -11.9155 ], [ -52.9742, -11.8777 ], [ -52.9837, -11.9864 ], [ -53.0158, -12.0205 ], [ -53.0867, -11.9733 ], [ -53.1097, -11.9835 ], [ -53.1193, -11.9447 ], [ -53.1813, -11.9344 ], [ -53.2186, -11.8556 ], [ -53.235, -11.7657 ], [ -53.2006, -11.6239 ], [ -53.1653, -11.5888 ], [ -53.1778, -11.5697 ], [ -53.1233, -11.5041 ], [ -53.1093, -11.52 ], [ -53.0596, -11.4268 ], [ -53.0341, -11.4383 ], [ -53.0528, -11.4727 ] ] ] } },
{ "type": "Feature", "properties": { "tipo": "TI", "nome": "Zoe" }, "geometry": { "type": "Polygon", "coordinates": [ [ [ -56.0964, 0.3949 ], [ -56.0231, 0.3745 ], [ -56.0026, 0.345 ], [ -55.967, 0.3388 ], [ -55.9044, 0.3561 ], [ -55.8487, 0.3087 ], [ -55.8491, 0.2644 ], [ -55.8013, 0.2365 ], [ -55.7252, 0.3106 ], [ -55.681, 0.3083 ], [ -55.6336, 0.3321 ], [ -55.6163, 0.3198 ], [ -55.5794, 0.3557 ], [ -55.4912, 0.2753 ], [ -55.4529, 0.2741 ], [ -55.451, 0.2371 ], [ -55.4248, 0.2091 ], [ -55.4235, 0.1654 ], [ -55.4707, 0.0852 ], [ -55.445, 0.0229 ], [ -55.454, -0.0032 ], [ -55.4224, -0.0372 ], [ -55.4329, -0.0758 ], [ -55.4525, -0.1177 ], [ -55.4942, -0.1325 ], [ -55.5061, -0.1682 ], [ -55.5477, -0.2041 ], [ -55.5821, -0.2825 ], [ -55.612, -0.4028 ], [ -55.5882, -0.4143 ], [ -55.6215, -0.5452 ], [ -55.6047, -0.5699 ], [ -55.6063, -0.6244 ], [ -55.6693, -0.6731 ], [ -55.6624, -0.7017 ], [ -55.6261, -0.7191 ], [ -55.5779, -0.7768 ], [ -55.5717, -0.8488 ], [ -55.5977, -0.8358 ], [ -55.6458, -0.8421 ], [ -55.7021, -0.8182 ], [ -55.8383, -0.6889 ], [ -55.8591, -0.6446 ], [ -55.8587, -0.5979 ], [ -55.9145, -0.5187 ], [ -55.9682, -0.4925 ], [ -56.0255, -0.4941 ], [ -56.037, -0.4609 ], [ -56.0903, -0.4596 ], [ -56.0885, -0.4348 ], [ -56.068, -0.4355 ], [ -56.041, -0.4042 ], [ -56.0516, -0.3689 ], [ -56.035, -0.3309 ], [ -56.0527, -0.2831 ], [ -56.0209, -0.2308 ], [ -56.0277, -0.0847 ], [ -56.0352, -0.0429 ], [ -56.0913, 0.0176 ], [ -56.0874, 0.0495 ], [ -56.14, 0.1191 ], [ -56.1747, 0.2025 ], [ -56.1536, 0.2241 ], [ -56.16, 0.3138 ], [ -56.0964, 0.3949 ] ] ] } },
{ "type": "Feature", "properties": { "tipo": "TI", "nome": "Zuruahã" }, "geometry": { "type": "Polygon", "coordinates": [ [ [ -66.5037, -7.1274 ], [ -66.5832, -7.0988 ], [ -66.674, -7.1245 ], [ -66.7357, -7.0802 ], [ -66.7315, -7.0203 ], [ -66.6921, -7.009 ], [ -66.6783, -6.9798 ], [ -66.6307, -6.9817 ], [ -66.5733, -6.9117 ], [ -66.5761, -6.8082 ], [ -66.5308, -6.7336 ], [ -66.5059, -6.7296 ], [ -66.5, -6.7419 ], [ -66.487, -6.7265 ], [ -66.4809, -6.741 ], [ -66.4705, -6.728 ], [ -66.4583, -6.7429 ], [ -66.4474, -6.7218 ], [ -66.4231, -6.7168 ], [ -66.4193, -6.6798 ], [ -66.3902, -6.662 ], [ -66.4012, -6.6543 ], [ -66.3915, -6.6432 ], [ -66.3639, -6.6477 ], [ -66.3545, -6.6267 ], [ -66.3129, -6.616 ], [ -66.3076, -6.5922 ], [ -66.265, -6.6212 ], [ -66.2356, -6.5921 ], [ -66.2116, -6.6456 ], [ -66.2291, -6.7223 ], [ -66.2197, -6.7435 ], [ -66.1629, -6.7607 ], [ -66.1521, -6.7992 ], [ -66.1045, -6.8008 ], [ -66.0852, -6.8216 ], [ -66.1295, -6.8689 ], [ -66.1447, -6.8592 ], [ -66.1562, -6.8753 ], [ -66.203, -6.8733 ], [ -66.1899, -6.9372 ], [ -66.2458, -7.0216 ], [ -66.2133, -7.154 ], [ -66.2318, -7.1626 ], [ -66.3136, -7.1438 ], [ -66.3699, -7.1594 ], [ -66.4066, -7.1278 ], [ -66.477, -7.1043 ], [ -66.5037, -7.1274 ] ] ] } },
{ "type": "Feature", "properties": { "tipo": "TI", "nome": "Riozinho do Alto Envira" }, "geometry": { "type": "MultiPolygon", "coordinates": [ [ [ [ -71.6134, -9.8933 ], [ -71.5516, -9.8323 ], [ -71.4843, -9.7851 ], [ -71.4349, -9.7906 ], [ -71.4429, -9.7798 ], [ -71.4251, -9.7728 ], [ -71.4205, -9.7163 ], [ -71.4004, -9.7069 ], [ -71.4074, -9.6903 ], [ -71.3807, -9.6358 ], [ -71.3957, -9.6186 ], [ -71.3789, -9.5944 ], [ -71.3897, -9.5819 ], [ -71.4035, -9.5904 ], [ -71.4059, -9.5641 ], [ -71.3868, -9.559 ], [ -71.4006, -9.5468 ], [ -71.3617, -9.5394 ], [ -71.3517, -9.4995 ], [ -71.3251, -9.4917 ], [ -71.3244, -9.4751 ], [ -71.3055, -9.4789 ], [ -71.3214, -9.4514 ], [ -71.3182, -9.4475 ], [ -71.2888, -9.4556 ], [ -71.2759, -9.4969 ], [ -71.1969, -9.5343 ], [ -71.2446, -9.6445 ], [ -71.0814, -9.7091 ], [ -71.0456, -9.6424 ], [ -70.9568, -9.5863 ], [ -70.9406, -9.4634 ], [ -70.9001, -9.483 ], [ -70.8466, -9.4753 ], [ -70.7893, -9.5286 ], [ -70.7338, -9.5224 ], [ -70.699, -9.5359 ], [ -70.7304, -9.5665 ], [ -70.752, -9.5581 ], [ -70.7581, -9.6011 ], [ -70.7878, -9.6117 ], [ -70.7945, -9.6359 ], [ -70.837, -9.641 ], [ -70.84, -9.6553 ], [ -70.8696, -9.6636 ], [ -70.9249, -9.7405 ], [ -70.9637, -9.7483 ], [ -70.9933, -9.8159 ], [ -71.0516, -9.8154 ], [ -71.1557, -9.8703 ], [ -71.2153, -9.9675 ], [ -71.2524, -9.9614 ], [ -71.2591, -9.9796 ], [ -71.3114, -9.9907 ], [ -71.3426, -9.9662 ], [ -71.3773, -9.9997 ], [ -71.6772, -9.9998 ], [ -71.6134, -9.8933 ] ] ], [ [ [ -70.7865, -9.6209 ], [ -70.786, -9.6209 ], [ -70.7865, -9.6211 ], [ -70.7865, -9.6209 ] ] ] ] } },
{ "type": "Feature", "properties": { "tipo": "TI", "nome": "Sapotal" }, "geometry": { "type": "Polygon", "coordinates": [ [ [ -69.5373, -4.2802 ], [ -69.5287, -4.2467 ], [ -69.5022, -4.2265 ], [ -69.5069, -4.2506 ], [ -69.5373, -4.2802 ] ] ] } },
{ "type": "Feature", "properties": { "tipo": "TI", "nome": "Guanabara" }, "geometry": { "type": "Polygon", "coordinates": [ [ [ -69.9142, -4.4051 ], [ -69.8604, -4.4229 ], [ -69.829, -4.5339 ], [ -69.8218, -4.5306 ], [ -69.7947, -4.5246 ], [ -69.7937, -4.526 ], [ -69.8063, -4.5635 ], [ -69.8954, -4.6262 ], [ -69.901, -4.7439 ], [ -69.9284, -4.5702 ], [ -69.8481, -4.5346 ], [ -69.8858, -4.4466 ], [ -69.9161, -4.4157 ], [ -69.9142, -4.4051 ] ] ] } },
{ "type": "Feature", "properties": { "tipo": "TI", "nome": "Ponciano" }, "geometry": { "type": "Polygon", "coordinates": [ [ [ -59.4433, -3.4578 ], [ -59.4426, -3.5286 ], [ -59.4288, -3.5426 ], [ -59.4599, -3.5686 ], [ -59.482, -3.4778 ], [ -59.4433, -3.4578 ] ] ] } },
{ "type": "Feature", "properties": { "tipo": "TI", "nome": "Sururuá" }, "geometry": { "type": "Polygon", "coordinates": [ [ [ -69.6026, -4.3403 ], [ -69.4347, -4.4795 ], [ -69.4588, -4.502 ], [ -69.4476, -4.524 ], [ -69.4753, -4.5394 ], [ -69.4637, -4.5478 ], [ -69.4778, -4.5481 ], [ -69.4698, -4.567 ], [ -69.4994, -4.5927 ], [ -69.498, -4.6118 ], [ -69.506, -4.5985 ], [ -69.5691, -4.5915 ], [ -69.5966, -4.5617 ], [ -69.5866, -4.5386 ], [ -69.6502, -4.5302 ], [ -69.635, -4.5035 ], [ -69.6135, -4.504 ], [ -69.6158, -4.5159 ], [ -69.5962, -4.4952 ], [ -69.6095, -4.4855 ], [ -69.6058, -4.4272 ], [ -69.6421, -4.3748 ], [ -69.6026, -4.3403 ] ] ] } },
{ "type": "Feature", "properties": { "tipo": "TI", "nome": "Vista Alegre" }, "geometry": { "type": "Polygon", "coordinates": [ [ [ -60.4772, -3.6332 ], [ -60.4451, -3.6505 ], [ -60.452, -3.6776 ], [ -60.4236, -3.7066 ], [ -60.4541, -3.7091 ], [ -60.4597, -3.7268 ], [ -60.4155, -3.764 ], [ -60.515, -3.7841 ], [ -60.4954, -3.7625 ], [ -60.5089, -3.7198 ], [ -60.5391, -3.7256 ], [ -60.5558, -3.7048 ], [ -60.4772, -3.6332 ] ] ] } },
{ "type": "Feature", "properties": { "tipo": "TI", "nome": "Las Casas" }, "geometry": { "type": "Polygon", "coordinates": [ [ [ -49.8316, -7.8251 ], [ -49.8549, -7.8767 ], [ -49.8452, -7.9328 ], [ -49.8949, -7.9361 ], [ -49.9088, -7.9625 ], [ -49.9965, -7.8821 ], [ -49.9906, -7.8451 ], [ -49.964, -7.8119 ], [ -49.9306, -7.8075 ], [ -49.9127, -7.8248 ], [ -49.8613, -7.7842 ], [ -49.8316, -7.8251 ] ] ] } },
{ "type": "Feature", "properties": { "tipo": "TI", "nome": "Porto Limoeiro" }, "geometry": { "type": "Polygon", "coordinates": [ [ [ -68.9548, -3.1289 ], [ -68.9439, -3.1098 ], [ -68.9637, -3.0383 ], [ -68.9395, -2.9892 ], [ -68.9136, -3.0125 ], [ -68.9264, -3.1289 ], [ -68.9548, -3.1289 ] ] ] } },
{ "type": "Feature", "properties": { "tipo": "TI", "nome": "Munduruku-Taquara" }, "geometry": { "type": "Polygon", "coordinates": [ [ [ -55.1425, -3.1573 ], [ -55.0269, -3.1571 ], [ -55.0335, -3.2332 ], [ -54.9482, -3.2302 ], [ -54.9288, -3.3466 ], [ -54.9794, -3.3607 ], [ -55.0479, -3.3089 ], [ -55.0831, -3.2095 ], [ -55.1637, -3.2005 ], [ -55.1562, -3.1433 ], [ -55.1425, -3.1573 ] ] ] } },
{ "type": "Feature", "properties": { "tipo": "TI", "nome": "São Domingos do Jacapari e Estação" }, "geometry": { "type": "Polygon", "coordinates": [ [ [ -67.2405, -2.6661 ], [ -67.1904, -2.7029 ], [ -67.1779, -2.8194 ], [ -67.204, -2.834 ], [ -67.2761, -2.986 ], [ -67.4686, -3.0656 ], [ -67.5031, -2.8738 ], [ -67.5563, -2.7828 ], [ -67.583, -2.7759 ], [ -67.477, -2.7414 ], [ -67.3355, -2.5615 ], [ -67.3129, -2.5663 ], [ -67.2405, -2.6661 ] ] ] } },
{ "type": "Feature", "properties": { "tipo": "TI", "nome": "Sarauá" }, "geometry": { "type": "Polygon", "coordinates": [ [ [ -47.9045, -3.0272 ], [ -47.9215, -3.0364 ], [ -47.9208, -3.0717 ], [ -47.9538, -3.0823 ], [ -47.952, -3.0679 ], [ -47.9861, -3.0678 ], [ -47.9933, -3.0909 ], [ -48.0227, -3.1 ], [ -48.0042, -3.1044 ], [ -48.0073, -3.1204 ], [ -48.0423, -3.0963 ], [ -48.0645, -3.1311 ], [ -48.0719, -3.1212 ], [ -48.0719, -3.1416 ], [ -48.0998, -3.1478 ], [ -48.1618, -3.0978 ], [ -48.1332, -3.063 ], [ -48.1229, -3.0713 ], [ -48.0254, -3.0247 ], [ -47.9045, -3.0272 ] ] ] } },
{ "type": "Feature", "properties": { "tipo": "TI", "nome": "Utaria Wyhyna/Iròdu Iràna" }, "geometry": { "type": "Polygon", "coordinates": [ [ [ -50.1986, -9.8456 ], [ -50.1769, -9.8458 ], [ -50.1615, -9.8861 ], [ -50.115, -9.8912 ], [ -50.127, -9.9147 ], [ -50.1389, -9.9103 ], [ -50.1389, -9.9054 ], [ -50.1403, -9.9049 ], [ -50.1398, -9.9105 ], [ -50.147, -9.9159 ], [ -50.15, -9.9303 ], [ -50.1423, -9.9131 ], [ -50.1271, -9.9165 ], [ -50.1229, -9.9111 ], [ -50.1179, -9.9156 ], [ -50.1187, -9.9059 ], [ -50.1106, -9.95 ], [ -50.138, -9.9558 ], [ -50.095, -9.9772 ], [ -50.0192, -9.9858 ], [ -50.0206, -9.9993 ], [ -50.0325, -10.0079 ], [ -50.0345, -10.015 ], [ -50.012, -10.04 ], [ -49.9999, -10.1434 ], [ -49.9521, -10.1972 ], [ -50.181, -10.2001 ], [ -50.2073, -10.2447 ], [ -50.2016, -10.2962 ], [ -50.1977, -10.2875 ], [ -50.1906, -10.2878 ], [ -50.2016, -10.3275 ], [ -50.1864, -10.351 ], [ -50.2059, -10.3546 ], [ -50.1927, -10.3803 ], [ -50.2078, -10.3845 ], [ -50.2221, -10.41 ], [ -50.2134, -10.4231 ], [ -50.2493, -10.4667 ], [ -50.4847, -10.4667 ], [ -50.4722, -10.4089 ], [ -50.4028, -10.3347 ], [ -50.3801, -10.2261 ], [ -50.3901, -10.1503 ], [ -50.3796, -10.1535 ], [ -50.3831, -10.1402 ], [ -50.2871, -10.0171 ], [ -50.2851, -10.0276 ], [ -50.2621, -9.9135 ], [ -50.2582, -9.9379 ], [ -50.247, -9.9419 ], [ -50.2586, -9.9623 ], [ -50.2544, -9.9671 ], [ -50.2461, -9.9443 ], [ -50.2593, -9.9061 ], [ -50.1986, -9.8456 ] ] ] } },
{ "type": "Feature", "properties": { "tipo": "TI", "nome": "Bragança-Marituba" }, "geometry": { "type": "Polygon", "coordinates": [ [ [ -55.1073, -3.0139 ], [ -55.0657, -3.0166 ], [ -55.0596, -3.0301 ], [ -54.9293, -3.0164 ], [ -54.9232, -3.0827 ], [ -55.0212, -3.0935 ], [ -55.0426, -3.0684 ], [ -55.1301, -3.0591 ], [ -55.1065, -3.0394 ], [ -55.1091, -3.0545 ], [ -55.1002, -3.0512 ], [ -55.1073, -3.0139 ] ] ] } },
{ "type": "Feature", "properties": { "tipo": "TI", "nome": "Tuwa Apekuokawera" }, "geometry": { "type": "Polygon", "coordinates": [ [ [ -48.7883, -5.9039 ], [ -48.7564, -6.0049 ], [ -48.7703, -5.9902 ], [ -48.8456, -5.9816 ], [ -48.8953, -5.9151 ], [ -48.8563, -5.9262 ], [ -48.7801, -5.8504 ], [ -48.7444, -5.8572 ], [ -48.7883, -5.9039 ] ] ] } },
{ "type": "Feature", "properties": { "tipo": "TI", "nome": "Maracaxi" }, "geometry": { "type": "Polygon", "coordinates": [ [ [ -47.9754, -2.3317 ], [ -47.9591, -2.3614 ], [ -47.9871, -2.35 ], [ -47.9754, -2.3317 ] ] ] } },
{ "type": "Feature", "properties": { "tipo": "TI", "nome": "Jacareúba/Katauixi (restrição uso)" }, "geometry": { "type": "Polygon", "coordinates": [ [ [ -64.6642, -8.6542 ], [ -64.618, -8.6089 ], [ -64.5947, -8.6113 ], [ -64.5707, -8.5757 ], [ -64.5829, -8.555 ], [ -64.6482, -8.5358 ], [ -64.6365, -8.5245 ], [ -64.6431, -8.4959 ], [ -64.7061, -8.4805 ], [ -64.7274, -8.4502 ], [ -64.7268, -8.4284 ], [ -64.7033, -8.4272 ], [ -64.6719, -8.3861 ], [ -64.6224, -8.3572 ], [ -64.6752, -8.3165 ], [ -64.6392, -8.2643 ], [ -64.6352, -8.2203 ], [ -64.6351, -8.0424 ], [ -64.6678, -7.9979 ], [ -64.5776, -7.9172 ], [ -64.555, -7.7733 ], [ -64.518, -7.7775 ], [ -64.4807, -7.6823 ], [ -64.4196, -7.6574 ], [ -64.3802, -7.7651 ], [ -64.3311, -7.7724 ], [ -64.2908, -7.8354 ], [ -64.2674, -7.8415 ], [ -64.2299, -7.8142 ], [ -64.2428, -7.8378 ], [ -64.2253, -7.8855 ], [ -64.2389, -7.8932 ], [ -64.2279, -7.9072 ], [ -64.2351, -7.9494 ], [ -64.2202, -7.9538 ], [ -64.2302, -7.9704 ], [ -64.2074, -7.962 ], [ -64.1754, -7.9984 ], [ -64.1495, -7.9886 ], [ -64.124, -8.0163 ], [ -64.1432, -8.0644 ], [ -64.1313, -8.0724 ], [ -64.1466, -8.0977 ], [ -64.1387, -8.1239 ], [ -64.153, -8.1295 ], [ -64.135, -8.1482 ], [ -64.1451, -8.163 ], [ -64.1227, -8.1885 ], [ -64.1296, -8.206 ], [ -64.0982, -8.236 ], [ -64.1084, -8.2501 ], [ -64.0962, -8.2515 ], [ -64.0973, -8.2724 ], [ -64.1201, -8.2858 ], [ -64.0988, -8.2909 ], [ -64.1102, -8.3161 ], [ -64.0935, -8.3415 ], [ -64.1358, -8.3721 ], [ -64.1095, -8.4122 ], [ -64.1279, -8.4433 ], [ -64.1592, -8.4501 ], [ -64.1696, -8.4787 ], [ -64.1853, -8.4804 ], [ -64.1739, -8.5283 ], [ -64.212, -8.5333 ], [ -64.2071, -8.584 ], [ -64.2984, -8.6298 ], [ -64.3256, -8.669 ], [ -64.3696, -8.6815 ], [ -64.3311, -8.7017 ], [ -64.2866, -8.7679 ], [ -64.2486, -8.7628 ], [ -64.2898, -8.8083 ], [ -64.2735, -8.8627 ], [ -64.3271, -8.8554 ], [ -64.3671, -8.8788 ], [ -64.4146, -8.8542 ], [ -64.4445, -8.8708 ], [ -64.4826, -8.8682 ], [ -64.4898, -8.8922 ], [ -64.6007, -8.9967 ], [ -64.6352, -8.9708 ], [ -64.6533, -8.9739 ], [ -64.6785, -8.9109 ], [ -64.6501, -8.8283 ], [ -64.6076, -8.7896 ], [ -64.6456, -8.7639 ], [ -64.6642, -8.6542 ] ] ] } },
{ "type": "Feature", "properties": { "tipo": "TI", "nome": "Piripkura ( restrição de uso )" }, "geometry": { "type": "Polygon", "coordinates": [ [ [ -61.3212, -9.4711 ], [ -61.2842, -9.4981 ], [ -61.2046, -9.4743 ], [ -61.1372, -9.4972 ], [ -61.1117, -9.4759 ], [ -61.0597, -9.5015 ], [ -60.6934, -9.5042 ], [ -60.7039, -9.6189 ], [ -60.6767, -9.6696 ], [ -60.7021, -9.7014 ], [ -60.7143, -9.6977 ], [ -60.7131, -9.713 ], [ -60.746, -9.6927 ], [ -60.7764, -9.7037 ], [ -60.7672, -9.7166 ], [ -60.8035, -9.7486 ], [ -60.7935, -9.7649 ], [ -60.818, -9.7965 ], [ -60.8014, -9.8068 ], [ -60.8308, -9.8459 ], [ -60.839, -9.9038 ], [ -60.8611, -9.9225 ], [ -60.8522, -9.9342 ], [ -60.8698, -9.9308 ], [ -60.8615, -9.9434 ], [ -61.0061, -9.9445 ], [ -61.0472, -9.8927 ], [ -61.0216, -9.8394 ], [ -61.022, -9.8032 ], [ -61.0481, -9.7918 ], [ -61.1786, -9.8133 ], [ -61.2699, -9.7474 ], [ -61.2822, -9.7161 ], [ -61.2652, -9.7167 ], [ -61.255, -9.6816 ], [ -61.2839, -9.6708 ], [ -61.2939, -9.6202 ], [ -61.3354, -9.594 ], [ -61.321, -9.5319 ], [ -61.338, -9.505 ], [ -61.3155, -9.4992 ], [ -61.3212, -9.4711 ] ] ] } },
{ "type": "Feature", "properties": { "tipo": "TI", "nome": "Igarapé Taboca do Alto Tarauacá" }, "geometry": { "type": "Polygon", "coordinates": [ [ [ -71.9043, -9.4471 ], [ -71.8968, -9.4311 ], [ -71.8798, -9.4439 ], [ -71.882, -9.4445 ], [ -71.9043, -9.4471 ] ] ] } },
{ "type": "Feature", "properties": { "tipo": "UC", "nome": "PARQUE ESTADUAL TUCUMÃ" }, "geometry": { "type": "Polygon", "coordinates": [ [ [ -61.0394, -8.8014 ], [ -61.0393, -8.9685 ], [ -60.9849, -8.9682 ], [ -60.9846, -9.0106 ], [ -61.2257, -9.0119 ], [ -61.2253, -8.8786 ], [ -61.2444, -8.8785 ], [ -61.2861, -8.9157 ], [ -61.2929, -8.954 ], [ -61.3238, -8.9607 ], [ -61.3273, -9.0028 ], [ -61.3729, -9.0126 ], [ -61.3735, -8.886 ], [ -61.4026, -8.8861 ], [ -61.4029, -8.7993 ], [ -61.0394, -8.8014 ] ] ] } },
{ "type": "Feature", "properties": { "tipo": "UC", "nome": "PARQUE NACIONAL MONTANHAS DO TUMUCUMAQUE" }, "geometry": { "type": "Polygon", "coordinates": [ [ [ -52.0647, 3.4987 ], [ -52.0292, 3.4702 ], [ -52.0261, 3.4137 ], [ -52.0478, 3.3544 ], [ -52.0274, 3.3451 ], [ -52.0394, 3.3284 ], [ -52.0281, 3.3274 ], [ -52.0177, 3.2754 ], [ -52.0292, 3.2014 ], [ -52.019, 3.152 ], [ -52.0389, 3.0827 ], [ -51.9773, 2.9564 ], [ -51.9749, 2.8343 ], [ -51.957, 2.8118 ], [ -51.935, 2.7011 ], [ -51.9229, 2.4419 ], [ -51.8199, 2.3781 ], [ -51.6667, 2.25 ], [ -51.5717, 2.1117 ], [ -51.6508, 1.9326 ], [ -51.6342, 1.9114 ], [ -51.6977, 1.7298 ], [ -51.7146, 1.6116 ], [ -51.7722, 1.5715 ], [ -51.9161, 1.3884 ], [ -51.9504, 1.3935 ], [ -51.9707, 1.3249 ], [ -52.0038, 1.3211 ], [ -52.0037, 1.3691 ], [ -52.0265, 1.4068 ], [ -52.0543, 1.4403 ], [ -52.087, 1.4408 ], [ -52.0889, 1.4681 ], [ -52.1178, 1.4939 ], [ -52.1067, 1.5233 ], [ -52.1817, 1.55 ], [ -52.3186, 1.3883 ], [ -52.3567, 1.2033 ], [ -52.5713, 1.2065 ], [ -52.6031, 1.2461 ], [ -52.6438, 1.2627 ], [ -52.6724, 1.2937 ], [ -52.6785, 1.3313 ], [ -52.7185, 1.3488 ], [ -52.7571, 1.3949 ], [ -52.7784, 1.3834 ], [ -52.7855, 1.3074 ], [ -52.824, 1.3475 ], [ -52.9199, 1.3463 ], [ -52.889, 1.3956 ], [ -52.9167, 1.4395 ], [ -52.8822, 1.5336 ], [ -52.9273, 1.5213 ], [ -52.9564, 1.4847 ], [ -52.987, 1.5049 ], [ -53.0413, 1.4818 ], [ -53.0512, 1.5568 ], [ -53.0374, 1.6827 ], [ -53.0522, 1.8043 ], [ -53.0755, 1.8585 ], [ -53.2263, 1.7236 ], [ -53.2196, 1.6097 ], [ -53.2381, 1.5665 ], [ -53.2125, 1.4136 ], [ -53.15, 1.382 ], [ -53.1631, 1.3624 ], [ -53.1425, 1.3554 ], [ -53.1814, 1.3106 ], [ -53.2124, 1.1994 ], [ -53.1526, 1.162 ], [ -53.1888, 1.1421 ], [ -53.1812, 1.106 ], [ -53.1977, 1.0358 ], [ -53.1847, 1.0212 ], [ -53.1539, 1.0276 ], [ -53.1431, 0.9894 ], [ -53.1133, 0.9781 ], [ -53.12, 0.9504 ], [ -53.081, 0.9277 ], [ -53.0762, 0.8932 ], [ -53.0918, 0.8471 ], [ -53.0887, 0.7274 ], [ -53.1116, 0.7296 ], [ -53.1091, 0.6974 ], [ -53.1399, 0.6845 ], [ -53.1972, 0.7629 ], [ -53.4193, 0.9263 ], [ -53.4314, 1.0329 ], [ -53.4637, 1.0743 ], [ -53.4681, 1.1285 ], [ -53.4479, 1.1598 ], [ -53.4106, 1.1579 ], [ -53.4052, 1.1806 ], [ -53.4344, 1.2244 ], [ -53.4705, 1.2307 ], [ -53.5449, 1.2065 ], [ -53.5542, 1.2323 ], [ -53.5325, 1.2614 ], [ -53.563, 1.2792 ], [ -53.5712, 1.307 ], [ -53.5418, 1.3265 ], [ -53.5494, 1.3395 ], [ -53.5702, 1.3286 ], [ -53.5961, 1.3477 ], [ -53.6563, 1.3297 ], [ -53.6716, 1.3498 ], [ -53.6521, 1.3669 ], [ -53.6504, 1.3985 ], [ -53.6701, 1.3634 ], [ -53.7225, 1.3897 ], [ -53.7319, 1.3776 ], [ -53.7776, 1.3889 ], [ -53.806, 1.4144 ], [ -53.7956, 1.3976 ], [ -53.8085, 1.3817 ], [ -53.8858, 1.3928 ], [ -53.8871, 1.4321 ], [ -53.91, 1.4488 ], [ -53.9413, 1.4275 ], [ -53.9389, 1.4591 ], [ -53.9635, 1.4739 ], [ -54.0034, 1.4698 ], [ -54.012, 1.5103 ], [ -54.0207, 1.4919 ], [ -54.0864, 1.4787 ], [ -54.0941, 1.5255 ], [ -54.1223, 1.548 ], [ -54.1506, 1.631 ], [ -54.1788, 1.6398 ], [ -54.1941, 1.617 ], [ -54.2373, 1.6672 ], [ -54.2696, 1.6741 ], [ -54.2765, 1.6997 ], [ -54.3627, 1.7491 ], [ -54.387, 1.7365 ], [ -54.4241, 1.751 ], [ -54.4955, 1.7383 ], [ -54.6022, 1.7743 ], [ -54.6707, 1.757 ], [ -54.7526, 1.7727 ], [ -54.7629, 1.7982 ], [ -54.7478, 1.828 ], [ -54.7604, 1.8468 ], [ -54.6726, 1.8993 ], [ -54.7197, 2.0835 ], [ -54.6752, 2.2087 ], [ -54.7923, 2.4457 ], [ -54.7436, 2.4719 ], [ -54.6845, 2.4472 ], [ -54.7002, 2.438 ], [ -54.6858, 2.4116 ], [ -54.7083, 2.4085 ], [ -54.7175, 2.3813 ], [ -54.6918, 2.3635 ], [ -54.7056, 2.345 ], [ -54.697, 2.3325 ], [ -54.6184, 2.3175 ], [ -54.6012, 2.3376 ], [ -54.5248, 2.2786 ], [ -54.5489, 2.27 ], [ -54.4995, 2.2523 ], [ -54.4772, 2.2133 ], [ -54.4159, 2.2078 ], [ -54.4156, 2.1948 ], [ -54.3573, 2.2004 ], [ -54.3649, 2.185 ], [ -54.3392, 2.1693 ], [ -54.3427, 2.1518 ], [ -54.2338, 2.148 ], [ -54.1839, 2.1787 ], [ -54.1738, 2.1362 ], [ -54.142, 2.113 ], [ -54.1246, 2.1242 ], [ -54.1011, 2.112 ], [ -54.0656, 2.1968 ], [ -54.0229, 2.1812 ], [ -54.0041, 2.2042 ], [ -53.9439, 2.2156 ], [ -53.9344, 2.2812 ], [ -53.9055, 2.2607 ], [ -53.8854, 2.2741 ], [ -53.8828, 2.3088 ], [ -53.8133, 2.3114 ], [ -53.8349, 2.332 ], [ -53.7685, 2.3755 ], [ -53.7399, 2.3742 ], [ -53.7509, 2.358 ], [ -53.7253, 2.3491 ], [ -53.7503, 2.32 ], [ -53.7398, 2.3059 ], [ -53.699, 2.3112 ], [ -53.6854, 2.2923 ], [ -53.6692, 2.3037 ], [ -53.6536, 2.2973 ], [ -53.6569, 2.2795 ], [ -53.6045, 2.2807 ], [ -53.5427, 2.252 ], [ -53.4624, 2.2528 ], [ -53.4308, 2.2886 ], [ -53.3721, 2.313 ], [ -53.3564, 2.3479 ], [ -53.3401, 2.352 ], [ -53.3319, 2.3341 ], [ -53.3198, 2.3446 ], [ -53.3009, 2.3071 ], [ -53.2291, 2.2647 ], [ -53.2593, 2.2534 ], [ -53.2628, 2.2289 ], [ -53.2794, 2.2237 ], [ -53.2787, 2.1864 ], [ -53.2423, 2.208 ], [ -53.215, 2.1942 ], [ -53.0991, 2.2147 ], [ -53.0401, 2.1738 ], [ -52.9841, 2.1576 ], [ -52.9439, 2.1691 ], [ -52.9354, 2.1934 ], [ -52.9031, 2.1862 ], [ -52.8868, 2.2351 ], [ -52.8535, 2.2597 ], [ -52.857, 2.2778 ], [ -52.661, 2.3736 ], [ -52.6419, 2.4357 ], [ -52.6066, 2.4508 ], [ -52.6119, 2.4735 ], [ -52.587, 2.4738 ], [ -52.5853, 2.4946 ], [ -52.5544, 2.5154 ], [ -52.5607, 2.5473 ], [ -52.5394, 2.5548 ], [ -52.5272, 2.5833 ], [ -52.5553, 2.6401 ], [ -52.5293, 2.6516 ], [ -52.423, 2.8888 ], [ -52.3772, 2.9162 ], [ -52.3929, 2.9441 ], [ -52.3259, 3.0778 ], [ -52.3525, 3.1291 ], [ -52.3315, 3.1372 ], [ -52.3308, 3.1716 ], [ -52.3002, 3.1743 ], [ -52.2916, 3.2273 ], [ -52.2605, 3.253 ], [ -52.2427, 3.2374 ], [ -52.2237, 3.2531 ], [ -52.0868, 3.4896 ], [ -52.0647, 3.4987 ] ] ] } },
{ "type": "Feature", "properties": { "tipo": "UC", "nome": "RESERVA EXTRATIVISTA RIO PRETO-JACUNDÁ" }, "geometry": { "type": "Polygon", "coordinates": [ [ [ -62.2164, -8.8965 ], [ -62.196, -8.9608 ], [ -62.0771, -9.0357 ], [ -62.0953, -9.0642 ], [ -62.0818, -9.1193 ], [ -62.1175, -9.1322 ], [ -62.3268, -9.1316 ], [ -62.3275, -9.0516 ], [ -62.3484, -9.0065 ], [ -62.3352, -8.9859 ], [ -62.3952, -8.9608 ], [ -62.3966, -8.934 ], [ -62.4449, -8.8747 ], [ -62.4158, -8.8796 ], [ -62.4196, -8.8403 ], [ -62.3867, -8.8142 ], [ -62.401, -8.7641 ], [ -62.3666, -8.7492 ], [ -62.3785, -8.728 ], [ -62.3628, -8.7028 ], [ -62.3686, -8.6746 ], [ -62.3476, -8.6782 ], [ -62.3354, -8.7116 ], [ -62.2949, -8.7032 ], [ -62.2721, -8.7038 ], [ -62.2642, -8.7093 ], [ -62.2547, -8.7327 ], [ -62.272, -8.771 ], [ -62.2181, -8.8149 ], [ -62.1992, -8.8577 ], [ -62.2164, -8.8965 ] ], [ [ -62.269, -8.7069 ], [ -62.2738, -8.7041 ], [ -62.2772, -8.7047 ], [ -62.269, -8.7069 ] ], [ [ -62.3525, -8.6849 ], [ -62.3536, -8.6809 ], [ -62.3548, -8.6803 ], [ -62.3525, -8.6849 ] ] ] } },
{ "type": "Feature", "properties": { "tipo": "UC", "nome": "ÁREA DE PROTEÇÃO AMBIENTAL LAGO DE PEIXE/ANGICAL" }, "geometry": { "type": "Polygon", "coordinates": [ [ [ -47.8514, -12.6499 ], [ -47.8941, -12.62 ], [ -47.9376, -12.6146 ], [ -47.953, -12.6264 ], [ -47.9707, -12.6049 ], [ -48.0438, -12.6031 ], [ -48.0487, -12.5766 ], [ -48.1278, -12.6015 ], [ -48.1311, -12.5062 ], [ -48.2122, -12.5402 ], [ -48.2172, -12.5638 ], [ -48.2644, -12.5642 ], [ -48.2375, -12.5894 ], [ -48.2371, -12.6337 ], [ -48.2572, -12.6344 ], [ -48.2778, -12.6709 ], [ -48.2385, -12.6652 ], [ -48.2246, -12.71 ], [ -48.261, -12.7343 ], [ -48.2152, -12.7399 ], [ -48.2076, -12.7626 ], [ -48.2312, -12.7988 ], [ -48.2486, -12.7842 ], [ -48.2331, -12.7536 ], [ -48.2934, -12.7592 ], [ -48.2829, -12.7229 ], [ -48.2498, -12.6971 ], [ -48.2955, -12.6957 ], [ -48.3172, -12.6579 ], [ -48.2815, -12.6286 ], [ -48.2951, -12.6063 ], [ -48.2774, -12.5897 ], [ -48.3001, -12.5866 ], [ -48.3029, -12.5704 ], [ -48.3239, -12.5817 ], [ -48.3186, -12.5366 ], [ -48.2567, -12.5385 ], [ -48.2428, -12.5236 ], [ -48.2512, -12.501 ], [ -48.2218, -12.4764 ], [ -48.2627, -12.4888 ], [ -48.3107, -12.4606 ], [ -48.3137, -12.4429 ], [ -48.2787, -12.436 ], [ -48.2687, -12.4032 ], [ -48.2614, -12.3969 ], [ -48.2532, -12.3993 ], [ -48.2495, -12.3947 ], [ -48.2893, -12.3552 ], [ -48.2771, -12.3252 ], [ -48.31, -12.3042 ], [ -48.33, -12.3307 ], [ -48.3331, -12.2849 ], [ -48.3775, -12.277 ], [ -48.3939, -12.2296 ], [ -48.3867, -12.2016 ], [ -48.3455, -12.2015 ], [ -48.3562, -12.22 ], [ -48.3388, -12.2221 ], [ -48.3396, -12.203 ], [ -48.3231, -12.1998 ], [ -48.3035, -12.2431 ], [ -48.2832, -12.1938 ], [ -48.2713, -12.2051 ], [ -48.2762, -12.2546 ], [ -48.2476, -12.2484 ], [ -48.2546, -12.2835 ], [ -48.2288, -12.2955 ], [ -48.2281, -12.2648 ], [ -48.1734, -12.2417 ], [ -48.2133, -12.3218 ], [ -48.1818, -12.3296 ], [ -48.2381, -12.3493 ], [ -48.2145, -12.3529 ], [ -48.2094, -12.3859 ], [ -48.1888, -12.3911 ], [ -48.1854, -12.4098 ], [ -48.2004, -12.4262 ], [ -48.2139, -12.4127 ], [ -48.2165, -12.4314 ], [ -48.2427, -12.4462 ], [ -48.1928, -12.4429 ], [ -48.1763, -12.4726 ], [ -48.1918, -12.4953 ], [ -48.1451, -12.474 ], [ -48.1016, -12.4724 ], [ -48.093, -12.4905 ], [ -48.0593, -12.484 ], [ -48.0987, -12.5109 ], [ -48.105, -12.5443 ], [ -48.0788, -12.5627 ], [ -48.0412, -12.5529 ], [ -48.0011, -12.5776 ], [ -47.9904, -12.5481 ], [ -47.9866, -12.5753 ], [ -47.9568, -12.59 ], [ -47.8094, -12.6067 ], [ -47.8147, -12.6186 ], [ -47.8779, -12.6118 ], [ -47.8514, -12.6499 ] ] ] } },
{ "type": "Feature", "properties": { "tipo": "UC", "nome": "RESERVA EXTRATIVISTA DO MéDIO PURúS" }, "geometry": { "type": "Polygon", "coordinates": [ [ [ -64.8989, -7.1384 ], [ -64.8441, -7.1558 ], [ -64.8038, -7.1412 ], [ -64.7874, -7.2308 ], [ -64.7971, -7.2538 ], [ -64.8341, -7.2504 ], [ -64.8403, -7.3084 ], [ -64.8623, -7.271 ], [ -64.9196, -7.2923 ], [ -64.9187, -7.2751 ], [ -64.8806, -7.2643 ], [ -64.8845, -7.2508 ], [ -64.9459, -7.2539 ], [ -64.9758, -7.2362 ], [ -64.9769, -7.3208 ], [ -64.9967, -7.3376 ], [ -65.0328, -7.3325 ], [ -65.0405, -7.3594 ], [ -65.1369, -7.394 ], [ -65.1408, -7.4369 ], [ -65.156, -7.4373 ], [ -65.1709, -7.392 ], [ -65.1885, -7.3881 ], [ -65.2273, -7.4213 ], [ -65.2254, -7.4454 ], [ -65.2778, -7.4296 ], [ -65.3127, -7.4495 ], [ -65.306, -7.4792 ], [ -65.3319, -7.4768 ], [ -65.3457, -7.4995 ], [ -65.3917, -7.5077 ], [ -65.3903, -7.5289 ], [ -65.3489, -7.5288 ], [ -65.3657, -7.58 ], [ -65.3627, -7.5444 ], [ -65.3974, -7.5434 ], [ -65.402, -7.5229 ], [ -65.4468, -7.5447 ], [ -65.4391, -7.5658 ], [ -65.4652, -7.5979 ], [ -65.4589, -7.6439 ], [ -65.4998, -7.5747 ], [ -65.5036, -7.6417 ], [ -65.5116, -7.6145 ], [ -65.5324, -7.6057 ], [ -65.5635, -7.6121 ], [ -65.5361, -7.6313 ], [ -65.5502, -7.6541 ], [ -65.5733, -7.6486 ], [ -65.6032, -7.6746 ], [ -65.6571, -7.6369 ], [ -65.676, -7.6399 ], [ -65.6485, -7.6892 ], [ -65.6846, -7.67 ], [ -65.6907, -7.6873 ], [ -65.6641, -7.6969 ], [ -65.7025, -7.7247 ], [ -65.7317, -7.7088 ], [ -65.7446, -7.6659 ], [ -65.7703, -7.6605 ], [ -65.7677, -7.7273 ], [ -65.7929, -7.7488 ], [ -65.7583, -7.7713 ], [ -65.7759, -7.8223 ], [ -65.8306, -7.8553 ], [ -65.8233, -7.8142 ], [ -65.8451, -7.805 ], [ -65.8494, -7.8221 ], [ -65.8848, -7.8308 ], [ -65.9117, -7.8797 ], [ -65.9402, -7.8835 ], [ -65.9752, -7.9147 ], [ -66.0078, -7.887 ], [ -66.0035, -7.8368 ], [ -66.0349, -7.8398 ], [ -66.0483, -7.8174 ], [ -66.0388, -7.7443 ], [ -66.1314, -7.7487 ], [ -66.1688, -7.7576 ], [ -66.1617, -7.8032 ], [ -66.1899, -7.781 ], [ -66.3078, -7.7983 ], [ -66.287, -7.8327 ], [ -66.3026, -7.8842 ], [ -66.286, -7.9496 ], [ -66.4152, -7.9897 ], [ -66.4939, -7.994 ], [ -66.4366, -7.923 ], [ -66.3979, -7.9014 ], [ -66.3895, -7.8593 ], [ -66.3583, -7.8335 ], [ -66.4253, -7.834 ], [ -66.4545, -7.8624 ], [ -66.4864, -7.8523 ], [ -66.485, -7.7785 ], [ -66.6065, -7.7282 ], [ -66.6392, -7.7789 ], [ -66.7133, -7.8062 ], [ -66.7022, -7.8508 ], [ -66.7221, -7.8864 ], [ -66.7149, -7.945 ], [ -66.8226, -7.9483 ], [ -66.8422, -7.9058 ], [ -66.8154, -7.8667 ], [ -66.8352, -7.7695 ], [ -66.817, -7.7323 ], [ -66.8454, -7.7079 ], [ -66.8298, -7.676 ], [ -66.8466, -7.6683 ], [ -66.8589, -7.6927 ], [ -66.8823, -7.6938 ], [ -66.8607, -7.5966 ], [ -66.7674, -7.6405 ], [ -66.6962, -7.6351 ], [ -66.6953, -7.6633 ], [ -66.6779, -7.6637 ], [ -66.6627, -7.7062 ], [ -66.6407, -7.6768 ], [ -66.6114, -7.68 ], [ -66.6335, -7.6612 ], [ -66.6136, -7.639 ], [ -66.6307, -7.6137 ], [ -66.5594, -7.5423 ], [ -66.4872, -7.5283 ], [ -66.4938, -7.5107 ], [ -66.5457, -7.4878 ], [ -66.5777, -7.4999 ], [ -66.5788, -7.4872 ], [ -66.5893, -7.5027 ], [ -66.593, -7.479 ], [ -66.6131, -7.492 ], [ -66.6156, -7.4673 ], [ -66.6455, -7.4551 ], [ -66.5834, -7.3267 ], [ -66.5509, -7.328 ], [ -66.5358, -7.3684 ], [ -66.487, -7.3829 ], [ -66.4604, -7.3534 ], [ -66.3549, -7.3673 ], [ -66.3149, -7.3114 ], [ -66.238, -7.2767 ], [ -66.2033, -7.3048 ], [ -66.1724, -7.3771 ], [ -66.0881, -7.4156 ], [ -66.1508, -7.5 ], [ -66.1594, -7.6075 ], [ -66.1112, -7.6514 ], [ -66.1477, -7.6531 ], [ -66.1586, -7.6724 ], [ -66.0928, -7.6638 ], [ -66.0728, -7.7129 ], [ -66.0465, -7.7163 ], [ -66.0062, -7.6808 ], [ -65.9288, -7.6477 ], [ -65.9017, -7.6673 ], [ -65.8842, -7.6527 ], [ -65.9119, -7.45 ], [ -65.8772, -7.4446 ], [ -65.8418, -7.4654 ], [ -65.7413, -7.44 ], [ -65.6493, -7.4592 ], [ -65.5667, -7.42 ], [ -65.5423, -7.4356 ], [ -65.5264, -7.4216 ], [ -65.425, -7.4632 ], [ -65.4076, -7.4121 ], [ -65.384, -7.4259 ], [ -65.3496, -7.3912 ], [ -65.3075, -7.4096 ], [ -65.2649, -7.3675 ], [ -65.2315, -7.365 ], [ -65.2172, -7.3248 ], [ -65.1691, -7.3311 ], [ -65.1587, -7.2905 ], [ -65.1316, -7.2883 ], [ -65.1126, -7.3214 ], [ -65.1008, -7.3266 ], [ -65.1067, -7.2871 ], [ -65.094, -7.2786 ], [ -65.1148, -7.2581 ], [ -65.1113, -7.2407 ], [ -65.04, -7.2425 ], [ -65.0249, -7.2208 ], [ -64.9918, -7.2206 ], [ -64.8989, -7.1384 ] ] ] } },
{ "type": "Feature", "properties": { "tipo": "UC", "nome": "RESERVA DE DESENVOLVIMENTO SUSTENTAVEL DO RIO MADEIRA" }, "geometry": { "type": "MultiPolygon", "coordinates": [ [ [ [ -61.191, -5.4409 ], [ -61.1887, -5.4425 ], [ -61.1891, -5.4425 ], [ -61.191, -5.4409 ] ] ], [ [ [ -61.1032, -5.4313 ], [ -61.1033, -5.4314 ], [ -61.1033, -5.4311 ], [ -61.1032, -5.4313 ] ] ], [ [ [ -60.1638, -4.6526 ], [ -60.1668, -4.6685 ], [ -60.1593, -4.6622 ], [ -60.1243, -4.6652 ], [ -60.1339, -4.674 ], [ -60.104, -4.7012 ], [ -60.0949, -4.7326 ], [ -60.1116, -4.7434 ], [ -60.1117, -4.7894 ], [ -60.0668, -4.823 ], [ -60.0528, -4.8959 ], [ -60.0979, -4.9149 ], [ -60.1355, -4.8898 ], [ -60.1884, -4.8934 ], [ -60.2377, -4.9131 ], [ -60.287, -5.0269 ], [ -60.4139, -5.1148 ], [ -60.4497, -5.1802 ], [ -60.4937, -5.1901 ], [ -60.5448, -5.243 ], [ -60.6214, -5.2896 ], [ -60.7209, -5.2977 ], [ -60.7553, -5.3508 ], [ -60.7362, -5.451 ], [ -60.8959, -5.5175 ], [ -60.9415, -5.5708 ], [ -60.9967, -5.6031 ], [ -60.9985, -5.4082 ], [ -60.98, -5.4229 ], [ -60.9627, -5.4103 ], [ -60.9407, -5.3648 ], [ -60.9031, -5.3428 ], [ -60.898, -5.3102 ], [ -60.836, -5.3018 ], [ -60.8128, -5.2352 ], [ -60.7372, -5.1653 ], [ -60.7449, -5.1471 ], [ -60.6953, -5.0768 ], [ -60.7026, -5.0422 ], [ -60.581, -4.9857 ], [ -60.5606, -4.9336 ], [ -60.5295, -4.9369 ], [ -60.4926, -4.9101 ], [ -60.458, -4.9094 ], [ -60.4456, -4.8814 ], [ -60.4253, -4.8848 ], [ -60.4207, -4.8612 ], [ -60.3891, -4.8523 ], [ -60.3784, -4.8322 ], [ -60.3886, -4.8027 ], [ -60.3643, -4.7942 ], [ -60.3517, -4.7621 ], [ -60.2977, -4.7424 ], [ -60.3002, -4.7189 ], [ -60.2598, -4.7121 ], [ -60.2373, -4.6739 ], [ -60.2111, -4.685 ], [ -60.1638, -4.6526 ] ] ] ] } },
{ "type": "Feature", "properties": { "tipo": "UC", "nome": "PARQUE NATURAL MUNICIPAL PARQUE FLORESTAL DE SINOP" }, "geometry": { "type": "MultiPolygon", "coordinates": [ [ [ [ -55.4997, -11.8412 ], [ -55.5047, -11.8462 ], [ -55.5035, -11.8402 ], [ -55.4997, -11.8412 ] ] ], [ [ [ -55.4973, -11.8321 ], [ -55.5034, -11.8399 ], [ -55.5013, -11.8312 ], [ -55.4973, -11.8321 ] ] ], [ [ [ -55.5011, -11.8309 ], [ -55.4962, -11.8263 ], [ -55.4972, -11.8318 ], [ -55.5011, -11.8309 ] ] ] ] } },
{ "type": "Feature", "properties": { "tipo": "UC", "nome": "RESERVA EXTRATIVISTA MARINHA CAETÉTAPERAÇU" }, "geometry": { "type": "MultiPolygon", "coordinates": [ [ [ [ -46.6219, -0.9479 ], [ -46.6215, -0.9472 ], [ -46.6211, -0.9472 ], [ -46.6219, -0.9479 ] ] ], [ [ [ -46.8245, -0.9438 ], [ -46.8067, -0.9104 ], [ -46.8141, -0.9073 ], [ -46.8152, -0.8912 ], [ -46.7604, -0.8163 ], [ -46.743, -0.8196 ], [ -46.7384, -0.8436 ], [ -46.7002, -0.8457 ], [ -46.6593, -0.8167 ], [ -46.6704, -0.7926 ], [ -46.6458, -0.7923 ], [ -46.6327, -0.8228 ], [ -46.6226, -0.8038 ], [ -46.6133, -0.8379 ], [ -46.5979, -0.8471 ], [ -46.6447, -0.8992 ], [ -46.6206, -0.9311 ], [ -46.6433, -0.965 ], [ -46.6896, -0.9599 ], [ -46.7267, -0.9754 ], [ -46.7381, -1.0151 ], [ -46.7569, -1.0158 ], [ -46.755, -1.0535 ], [ -46.7717, -1.0128 ], [ -46.7378, -0.9862 ], [ -46.7557, -0.9545 ], [ -46.7882, -0.9564 ], [ -46.7559, -0.9276 ], [ -46.7823, -0.9235 ], [ -46.788, -0.9081 ], [ -46.7932, -0.9344 ], [ -46.8107, -0.9401 ], [ -46.7986, -0.9629 ], [ -46.8118, -0.9662 ], [ -46.8245, -0.9438 ] ] ], [ [ [ -46.8134, -0.9115 ], [ -46.8133, -0.9116 ], [ -46.8135, -0.9115 ], [ -46.8134, -0.9115 ] ] ], [ [ [ -46.6013, -0.8363 ], [ -46.6054, -0.827 ], [ -46.6133, -0.8171 ], [ -46.6013, -0.8363 ] ] ], [ [ [ -46.7582, -0.8115 ], [ -46.762, -0.8165 ], [ -46.7651, -0.817 ], [ -46.7582, -0.8115 ] ] ], [ [ [ -46.6174, -0.8143 ], [ -46.6178, -0.8141 ], [ -46.6168, -0.814 ], [ -46.6174, -0.8143 ] ] ], [ [ [ -46.7591, -0.8077 ], [ -46.7638, -0.8139 ], [ -46.7658, -0.813 ], [ -46.7591, -0.8077 ] ] ], [ [ [ -46.7607, -0.803 ], [ -46.763, -0.8007 ], [ -46.7568, -0.7994 ], [ -46.7607, -0.803 ] ] ] ] } },
{ "type": "Feature", "properties": { "tipo": "UC", "nome": "MONUMENTO NATURAL DAS ÁRVORES FOSSILIZADAS DO ESTADO DO TOCANTINS" }, "geometry": { "type": "Polygon", "coordinates": [ [ [ -47.8235, -7.3861 ], [ -47.7826, -7.4048 ], [ -47.7621, -7.3932 ], [ -47.7495, -7.4078 ], [ -47.7234, -7.392 ], [ -47.6984, -7.3983 ], [ -47.701, -7.4441 ], [ -47.6517, -7.4482 ], [ -47.654, -7.4751 ], [ -47.6287, -7.4802 ], [ -47.6355, -7.5017 ], [ -47.6884, -7.4841 ], [ -47.7276, -7.4902 ], [ -47.7533, -7.4736 ], [ -47.7481, -7.5219 ], [ -47.7255, -7.5311 ], [ -47.7288, -7.5488 ], [ -47.8137, -7.532 ], [ -47.8974, -7.5512 ], [ -47.9068, -7.5265 ], [ -47.8919, -7.4952 ], [ -47.9277, -7.45 ], [ -47.8903, -7.4331 ], [ -47.878, -7.4481 ], [ -47.8603, -7.4327 ], [ -47.848, -7.4492 ], [ -47.8235, -7.3861 ] ] ] } },
{ "type": "Feature", "properties": { "tipo": "UC", "nome": "FLORESTA NACIONAL DE CAXIUANÃ" }, "geometry": { "type": "Polygon", "coordinates": [ [ [ -51.3298, -1.6451 ], [ -51.3453, -1.6971 ], [ -51.4428, -1.7845 ], [ -51.4166, -1.8241 ], [ -51.4389, -1.8755 ], [ -51.49, -1.9009 ], [ -51.4671, -1.9263 ], [ -51.495, -1.9441 ], [ -51.5097, -1.9873 ], [ -51.4549, -1.9999 ], [ -51.4603, -2.0225 ], [ -51.4996, -2.009 ], [ -51.5246, -2.0448 ], [ -51.4747, -2.1276 ], [ -51.4617, -2.25 ], [ -51.9365, -2.2503 ], [ -51.9332, -2.1849 ], [ -51.9176, -2.1722 ], [ -51.9348, -2.075 ], [ -51.8974, -2.0278 ], [ -51.9032, -1.9908 ], [ -51.8733, -1.9527 ], [ -51.8824, -1.9295 ], [ -51.937, -1.9104 ], [ -51.9601, -1.8208 ], [ -51.9, -1.7308 ], [ -51.8799, -1.7251 ], [ -51.8483, -1.7527 ], [ -51.7269, -1.7113 ], [ -51.5696, -1.6914 ], [ -51.5318, -1.6775 ], [ -51.4963, -1.6386 ], [ -51.4207, -1.6629 ], [ -51.4001, -1.6363 ], [ -51.3576, -1.6326 ], [ -51.3298, -1.6451 ] ] ] } },
{ "type": "Feature", "properties": { "tipo": "UC", "nome": "RESERVA EXTRATIVISTA CHICO MENDES" }, "geometry": { "type": "MultiPolygon", "coordinates": [ [ [ [ -69.5118, -10.8323 ], [ -69.512, -10.8323 ], [ -69.512, -10.8322 ], [ -69.5118, -10.8323 ] ] ], [ [ [ -69.7403, -10.9732 ], [ -69.7878, -10.9284 ], [ -69.7607, -10.8735 ], [ -69.7649, -10.758 ], [ -69.7931, -10.7529 ], [ -69.7975, -10.7032 ], [ -69.7887, -10.6737 ], [ -69.7447, -10.6312 ], [ -69.8051, -10.4837 ], [ -69.7857, -10.4614 ], [ -69.6893, -10.4393 ], [ -69.6841, -10.4116 ], [ -69.676, -10.4277 ], [ -69.6465, -10.4307 ], [ -69.6444, -10.4033 ], [ -69.6112, -10.3969 ], [ -69.6171, -10.385 ], [ -69.5724, -10.3504 ], [ -69.5777, -10.3092 ], [ -69.5561, -10.2956 ], [ -69.5225, -10.3022 ], [ -69.5275, -10.2845 ], [ -69.5082, -10.2789 ], [ -69.4884, -10.3044 ], [ -69.4849, -10.2674 ], [ -69.4723, -10.2816 ], [ -69.4605, -10.2635 ], [ -69.4495, -10.2718 ], [ -69.4609, -10.2564 ], [ -69.4204, -10.229 ], [ -69.418, -10.2087 ], [ -69.4038, -10.2178 ], [ -69.3176, -10.1509 ], [ -69.3064, -10.1571 ], [ -69.2845, -10.137 ], [ -69.3006, -10.1355 ], [ -69.2885, -10.1303 ], [ -69.2972, -10.1185 ], [ -69.2747, -10.1042 ], [ -69.2628, -10.1199 ], [ -69.253, -10.1053 ], [ -69.2408, -10.1015 ], [ -69.2331, -10.101 ], [ -69.2321, -10.1025 ], [ -69.1823, -10.295 ], [ -68.9925, -10.2012 ], [ -68.9519, -10.2578 ], [ -68.887, -10.2964 ], [ -68.8864, -10.317 ], [ -68.8516, -10.3422 ], [ -68.7996, -10.3093 ], [ -68.7857, -10.2824 ], [ -68.7437, -10.3039 ], [ -68.7455, -10.2574 ], [ -68.7145, -10.2441 ], [ -68.7073, -10.2093 ], [ -68.6821, -10.2396 ], [ -68.6699, -10.2168 ], [ -68.6356, -10.2743 ], [ -68.5829, -10.2852 ], [ -68.4961, -10.2539 ], [ -68.4618, -10.1839 ], [ -68.4426, -10.1918 ], [ -68.4552, -10.2252 ], [ -68.4393, -10.2609 ], [ -68.3829, -10.2142 ], [ -68.3767, -10.171 ], [ -68.3413, -10.1508 ], [ -68.285, -10.3077 ], [ -68.2656, -10.2745 ], [ -68.1119, -10.1672 ], [ -68.1141, -10.215 ], [ -68.0782, -10.2689 ], [ -67.98, -10.2377 ], [ -67.9364, -10.2424 ], [ -67.96, -10.3139 ], [ -68.0658, -10.3237 ], [ -68.0783, -10.3115 ], [ -68.0711, -10.3637 ], [ -68.0228, -10.3704 ], [ -67.9724, -10.4226 ], [ -68.0029, -10.4361 ], [ -68.004, -10.4507 ], [ -68.0389, -10.4579 ], [ -68.046, -10.4807 ], [ -68.06, -10.463 ], [ -68.0877, -10.5036 ], [ -68.1044, -10.4768 ], [ -68.1941, -10.4929 ], [ -68.1654, -10.5369 ], [ -68.1849, -10.5564 ], [ -68.2386, -10.5658 ], [ -68.2399, -10.5929 ], [ -68.2625, -10.5846 ], [ -68.2656, -10.5901 ], [ -68.2545, -10.5941 ], [ -68.2545, -10.6064 ], [ -68.2688, -10.5924 ], [ -68.2852, -10.6155 ], [ -68.2929, -10.605 ], [ -68.304, -10.6168 ], [ -68.307, -10.5996 ], [ -68.3234, -10.622 ], [ -68.3355, -10.6096 ], [ -68.346, -10.6271 ], [ -68.3597, -10.6229 ], [ -68.374, -10.576 ], [ -68.4348, -10.5242 ], [ -68.4652, -10.5331 ], [ -68.4929, -10.514 ], [ -68.6064, -10.5305 ], [ -68.6341, -10.524 ], [ -68.6552, -10.4894 ], [ -68.8372, -10.5024 ], [ -68.854, -10.541 ], [ -68.8438, -10.56 ], [ -68.8113, -10.5493 ], [ -68.7799, -10.568 ], [ -68.7593, -10.5529 ], [ -68.7386, -10.5718 ], [ -68.7078, -10.5564 ], [ -68.6835, -10.575 ], [ -68.6649, -10.5595 ], [ -68.6568, -10.5803 ], [ -68.6797, -10.609 ], [ -68.674, -10.6221 ], [ -68.6365, -10.619 ], [ -68.6436, -10.6538 ], [ -68.6056, -10.6571 ], [ -68.5528, -10.7158 ], [ -68.4615, -10.7635 ], [ -68.4867, -10.8169 ], [ -68.559, -10.7643 ], [ -68.5329, -10.7513 ], [ -68.5801, -10.7316 ], [ -68.575, -10.7003 ], [ -68.6326, -10.7213 ], [ -68.6326, -10.8073 ], [ -68.5953, -10.7943 ], [ -68.5928, -10.8106 ], [ -68.5705, -10.8106 ], [ -68.5789, -10.8018 ], [ -68.5578, -10.781 ], [ -68.5611, -10.7922 ], [ -68.5078, -10.8297 ], [ -68.505, -10.8466 ], [ -68.5277, -10.8588 ], [ -68.5475, -10.8229 ], [ -68.5754, -10.8221 ], [ -68.5536, -10.8536 ], [ -68.5726, -10.8996 ], [ -68.6248, -10.8715 ], [ -68.6787, -10.9 ], [ -68.7203, -10.8644 ], [ -68.7472, -10.8718 ], [ -68.7334, -10.8229 ], [ -68.7421, -10.814 ], [ -68.7823, -10.8339 ], [ -68.8347, -10.7395 ], [ -68.9004, -10.7753 ], [ -68.9731, -10.7877 ], [ -68.9937, -10.7567 ], [ -69.2121, -10.6154 ], [ -69.2949, -10.6699 ], [ -69.3035, -10.7682 ], [ -69.3743, -10.7641 ], [ -69.3887, -10.7341 ], [ -69.4238, -10.7142 ], [ -69.4245, -10.6928 ], [ -69.4669, -10.711 ], [ -69.4942, -10.698 ], [ -69.4856, -10.7887 ], [ -69.5522, -10.872 ], [ -69.5667, -10.856 ], [ -69.5921, -10.863 ], [ -69.635, -10.8449 ], [ -69.6645, -10.8585 ], [ -69.6647, -10.9561 ], [ -69.6988, -10.9703 ], [ -69.7403, -10.9732 ] ] ] ] } },
{ "type": "Feature", "properties": { "tipo": "UC", "nome": "RESERVA EXTRATIVISTA IPÊ" }, "geometry": { "type": "Polygon", "coordinates": [ [ [ -62.3754, -9.3746 ], [ -62.3693, -9.403 ], [ -62.3994, -9.3976 ], [ -62.3754, -9.3746 ] ] ] } },
{ "type": "Feature", "properties": { "tipo": "UC", "nome": "FLORESTA NACIONAL DE MULATA" }, "geometry": { "type": "MultiPolygon", "coordinates": [ [ [ [ -54.3019, -1.4093 ], [ -54.3025, -1.4748 ], [ -54.381, -1.5353 ], [ -54.4369, -1.4325 ], [ -54.4659, -1.4379 ], [ -54.4796, -1.3435 ], [ -54.4974, -1.3327 ], [ -54.4688, -1.308 ], [ -54.4811, -1.2879 ], [ -54.4641, -1.2635 ], [ -54.5182, -1.1748 ], [ -54.48, -1.1535 ], [ -54.4759, -1.1219 ], [ -54.2257, -1.0891 ], [ -54.2255, -1.3014 ], [ -54.3019, -1.4093 ] ] ], [ [ [ -54.4949, -1.1548 ], [ -55.2549, -1.1545 ], [ -55.2559, -1.139 ], [ -55.3033, -1.1279 ], [ -55.2957, -1.1037 ], [ -55.3238, -1.099 ], [ -55.3531, -1.0 ], [ -54.7479, -1.0452 ], [ -54.4949, -1.1548 ] ] ] ] } },
{ "type": "Feature", "properties": { "tipo": "UC", "nome": "RESERVA EXTRATIVISTA MARACATIARA" }, "geometry": { "type": "Polygon", "coordinates": [ [ [ -61.8381, -9.3335 ], [ -61.8188, -9.2983 ], [ -61.8069, -9.3077 ], [ -61.8118, -9.3353 ], [ -61.8481, -9.3392 ], [ -61.8493, -9.3727 ], [ -61.8274, -9.3987 ], [ -61.8353, -9.4183 ], [ -61.8648, -9.4236 ], [ -61.9269, -9.3897 ], [ -61.9158, -9.3281 ], [ -61.9017, -9.3182 ], [ -61.8381, -9.3335 ] ] ] } },
{ "type": "Feature", "properties": { "tipo": "UC", "nome": "RESERVA EXTRATIVISTA MARACANÃ" }, "geometry": { "type": "MultiPolygon", "coordinates": [ [ [ [ -47.3945, -0.9567 ], [ -47.3948, -0.9565 ], [ -47.3946, -0.9566 ], [ -47.3945, -0.9567 ] ] ], [ [ [ -47.3948, -0.9565 ], [ -47.3951, -0.9563 ], [ -47.3949, -0.9564 ], [ -47.3948, -0.9565 ] ] ], [ [ [ -47.5994, -0.667 ], [ -47.5894, -0.6608 ], [ -47.5843, -0.6345 ], [ -47.4902, -0.64 ], [ -47.4985, -0.6133 ], [ -47.4762, -0.5919 ], [ -47.4239, -0.6088 ], [ -47.4311, -0.6261 ], [ -47.4416, -0.6061 ], [ -47.4423, -0.6259 ], [ -47.4668, -0.614 ], [ -47.4472, -0.6414 ], [ -47.4645, -0.65 ], [ -47.4731, -0.6352 ], [ -47.477, -0.6577 ], [ -47.4603, -0.6576 ], [ -47.4613, -0.6763 ], [ -47.4458, -0.6707 ], [ -47.4669, -0.682 ], [ -47.463, -0.696 ], [ -47.4366, -0.6769 ], [ -47.4314, -0.699 ], [ -47.4479, -0.7115 ], [ -47.4355, -0.708 ], [ -47.4271, -0.7481 ], [ -47.4013, -0.7627 ], [ -47.402, -0.8093 ], [ -47.3748, -0.825 ], [ -47.3972, -0.8273 ], [ -47.4015, -0.8462 ], [ -47.3801, -0.8694 ], [ -47.422, -0.8992 ], [ -47.4016, -0.9332 ], [ -47.4204, -0.9366 ], [ -47.4174, -0.9511 ], [ -47.3928, -0.9605 ], [ -47.4137, -0.9783 ], [ -47.4271, -0.9314 ], [ -47.4206, -0.9205 ], [ -47.4409, -0.9023 ], [ -47.4019, -0.8541 ], [ -47.409, -0.8112 ], [ -47.4251, -0.8166 ], [ -47.4225, -0.7761 ], [ -47.4306, -0.7844 ], [ -47.4552, -0.7606 ], [ -47.4541, -0.7789 ], [ -47.4693, -0.7641 ], [ -47.4688, -0.783 ], [ -47.4793, -0.7736 ], [ -47.4924, -0.8014 ], [ -47.4843, -0.7974 ], [ -47.48, -0.8054 ], [ -47.498, -0.822 ], [ -47.4936, -0.8798 ], [ -47.5095, -0.8986 ], [ -47.502, -0.9133 ], [ -47.5098, -0.9356 ], [ -47.5243, -0.888 ], [ -47.506, -0.8549 ], [ -47.5224, -0.8369 ], [ -47.5012, -0.7783 ], [ -47.5172, -0.7617 ], [ -47.4979, -0.767 ], [ -47.4823, -0.7401 ], [ -47.4989, -0.7395 ], [ -47.4849, -0.7327 ], [ -47.4994, -0.7172 ], [ -47.4984, -0.7259 ], [ -47.5029, -0.7239 ], [ -47.5124, -0.7365 ], [ -47.5168, -0.736 ], [ -47.5061, -0.7214 ], [ -47.5231, -0.7197 ], [ -47.5025, -0.7094 ], [ -47.5229, -0.7086 ], [ -47.5263, -0.6873 ], [ -47.5085, -0.6979 ], [ -47.5108, -0.6853 ], [ -47.528, -0.6697 ], [ -47.5369, -0.6956 ], [ -47.5473, -0.675 ], [ -47.5288, -0.6514 ], [ -47.5426, -0.6527 ], [ -47.5358, -0.6461 ], [ -47.5414, -0.6386 ], [ -47.5474, -0.6606 ], [ -47.5478, -0.6371 ], [ -47.5588, -0.6494 ], [ -47.5636, -0.641 ], [ -47.5686, -0.6394 ], [ -47.5548, -0.6667 ], [ -47.5773, -0.6566 ], [ -47.5821, -0.6741 ], [ -47.6046, -0.6791 ], [ -47.599, -0.6943 ], [ -47.5739, -0.6803 ], [ -47.5713, -0.7007 ], [ -47.5623, -0.6827 ], [ -47.5617, -0.698 ], [ -47.5484, -0.6898 ], [ -47.5525, -0.7201 ], [ -47.5584, -0.7035 ], [ -47.5764, -0.708 ], [ -47.5639, -0.718 ], [ -47.5859, -0.7077 ], [ -47.5677, -0.7275 ], [ -47.5808, -0.7307 ], [ -47.5753, -0.7468 ], [ -47.5634, -0.7427 ], [ -47.5581, -0.7524 ], [ -47.5867, -0.7546 ], [ -47.57, -0.7723 ], [ -47.5723, -0.7901 ], [ -47.5993, -0.7607 ], [ -47.5822, -0.7492 ], [ -47.5967, -0.727 ], [ -47.5876, -0.7106 ], [ -47.6142, -0.6936 ], [ -47.5994, -0.662 ], [ -47.5961, -0.6559 ], [ -47.5951, -0.6547 ], [ -47.5933, -0.6538 ], [ -47.5994, -0.667 ] ], [ [ -47.4907, -0.8053 ], [ -47.4908, -0.8053 ], [ -47.4906, -0.8054 ], [ -47.4907, -0.8053 ] ], [ [ -47.5791, -0.6974 ], [ -47.5819, -0.6983 ], [ -47.5789, -0.699 ], [ -47.5791, -0.6974 ] ], [ [ -47.5906, -0.6942 ], [ -47.5873, -0.694 ], [ -47.5881, -0.6918 ], [ -47.5906, -0.6942 ] ], [ [ -47.5832, -0.6901 ], [ -47.5803, -0.692 ], [ -47.5802, -0.6903 ], [ -47.5832, -0.6901 ] ], [ [ -47.5827, -0.6545 ], [ -47.5844, -0.6567 ], [ -47.581, -0.655 ], [ -47.5827, -0.6545 ] ] ], [ [ [ -47.4223, -0.6282 ], [ -47.4209, -0.6838 ], [ -47.4036, -0.7071 ], [ -47.4267, -0.683 ], [ -47.4279, -0.659 ], [ -47.4497, -0.6599 ], [ -47.4223, -0.6282 ] ] ], [ [ [ -47.4163, -0.5948 ], [ -47.4293, -0.6008 ], [ -47.4332, -0.5866 ], [ -47.4163, -0.5948 ] ] ], [ [ [ -47.4528, -0.5888 ], [ -47.4578, -0.5889 ], [ -47.4409, -0.5858 ], [ -47.4528, -0.5888 ] ] ] ] } },
{ "type": "Feature", "properties": { "tipo": "UC", "nome": "RESERVA DE DESENVOLVIMENTO SUSTENTÁVEL DO JUMA" }, "geometry": { "type": "Polygon", "coordinates": [ [ [ -60.4747, -5.4406 ], [ -60.4532, -5.4391 ], [ -60.4495, -5.4519 ], [ -60.475, -5.4715 ], [ -60.4641, -5.4929 ], [ -60.4878, -5.5064 ], [ -60.469, -5.5429 ], [ -60.4965, -5.5437 ], [ -60.4889, -5.5734 ], [ -60.5055, -5.5757 ], [ -60.5034, -5.6197 ], [ -60.4488, -5.6128 ], [ -60.4638, -5.6585 ], [ -60.3888, -5.6638 ], [ -60.3213, -5.6326 ], [ -60.3525, -5.5941 ], [ -60.4233, -5.6154 ], [ -60.4378, -5.524 ], [ -60.3928, -5.5182 ], [ -60.3903, -5.5357 ], [ -60.3642, -5.5426 ], [ -60.238, -5.5502 ], [ -60.2329, -5.6249 ], [ -60.1971, -5.6453 ], [ -60.1482, -5.5667 ], [ -60.0635, -5.5865 ], [ -59.9212, -5.6535 ], [ -59.9151, -5.7072 ], [ -59.9405, -5.7345 ], [ -59.9305, -5.7617 ], [ -59.9726, -5.7906 ], [ -59.9585, -5.7964 ], [ -59.9563, -5.8238 ], [ -59.9854, -5.8372 ], [ -60.0193, -5.8963 ], [ -60.0489, -5.9016 ], [ -60.0088, -5.9461 ], [ -60.0059, -5.9862 ], [ -60.0405, -5.9952 ], [ -60.0275, -6.0194 ], [ -60.0094, -6.0111 ], [ -60.0334, -6.0625 ], [ -60.0239, -6.0836 ], [ -60.0024, -6.0762 ], [ -60.0155, -6.1034 ], [ -59.9889, -6.1172 ], [ -60.0115, -6.1413 ], [ -59.9957, -6.1696 ], [ -59.964, -6.1745 ], [ -59.9667, -6.1982 ], [ -59.9437, -6.2112 ], [ -60.0039, -6.2338 ], [ -60.0322, -6.1512 ], [ -60.0802, -6.1514 ], [ -60.1008, -6.1702 ], [ -60.0883, -6.175 ], [ -60.0996, -6.1933 ], [ -60.0846, -6.1921 ], [ -60.0967, -6.2117 ], [ -60.0925, -6.2358 ], [ -60.0783, -6.2365 ], [ -60.0871, -6.2566 ], [ -60.0659, -6.2677 ], [ -60.546, -6.502 ], [ -60.547, -6.3204 ], [ -60.5136, -6.2865 ], [ -60.552, -6.2504 ], [ -60.5569, -6.2066 ], [ -60.5346, -6.1375 ], [ -60.5859, -6.1131 ], [ -60.5842, -6.0744 ], [ -60.6134, -6.0755 ], [ -60.6322, -6.0579 ], [ -60.5774, -5.9505 ], [ -60.544, -5.9264 ], [ -60.5819, -5.8648 ], [ -60.5676, -5.8381 ], [ -60.5375, -5.8268 ], [ -60.5329, -5.7753 ], [ -60.5663, -5.7622 ], [ -60.5527, -5.7382 ], [ -60.564, -5.722 ], [ -60.594, -5.7067 ], [ -60.6227, -5.7182 ], [ -60.6472, -5.7006 ], [ -60.6436, -5.6655 ], [ -60.6228, -5.6476 ], [ -60.6468, -5.6005 ], [ -60.6382, -5.5745 ], [ -60.5619, -5.5629 ], [ -60.5533, -5.5198 ], [ -60.5126, -5.4713 ], [ -60.5074, -5.4239 ], [ -60.5194, -5.4071 ], [ -60.4927, -5.3428 ], [ -60.5454, -5.2577 ], [ -60.5115, -5.2152 ], [ -60.4389, -5.1821 ], [ -60.4216, -5.1975 ], [ -60.4476, -5.2795 ], [ -60.4698, -5.2866 ], [ -60.4607, -5.3569 ], [ -60.472, -5.3961 ], [ -60.4513, -5.4049 ], [ -60.4747, -5.4406 ] ] ] } },
{ "type": "Feature", "properties": { "tipo": "UC", "nome": "ÁREA DE PROTEçãO AMBIENTAL JALAPãO" }, "geometry": { "type": "MultiPolygon", "coordinates": [ [ [ [ -46.5482, -10.2011 ], [ -46.4367, -10.2146 ], [ -46.4074, -10.2592 ], [ -46.3687, -10.2824 ], [ -46.3666, -10.3519 ], [ -46.3336, -10.4276 ], [ -46.2758, -10.4079 ], [ -46.2433, -10.4219 ], [ -46.2476, -10.4437 ], [ -46.2267, -10.4643 ], [ -46.2744, -10.5127 ], [ -46.2911, -10.6328 ], [ -46.311, -10.658 ], [ -46.345, -10.6567 ], [ -46.3969, -10.5895 ], [ -46.4729, -10.5748 ], [ -46.6434, -10.6554 ], [ -46.7002, -10.6422 ], [ -46.7637, -10.6602 ], [ -46.8226, -10.6443 ], [ -46.8805, -10.5664 ], [ -46.8872, -10.4729 ], [ -46.8747, -10.4484 ], [ -46.7948, -10.4768 ], [ -46.797, -10.4829 ], [ -46.7931, -10.4906 ], [ -46.788, -10.4799 ], [ -46.7588, -10.5203 ], [ -46.7578, -10.5485 ], [ -46.6374, -10.6083 ], [ -46.5912, -10.5865 ], [ -46.5303, -10.5852 ], [ -46.4632, -10.506 ], [ -46.518, -10.4616 ], [ -46.5196, -10.4127 ], [ -46.5025, -10.4147 ], [ -46.5066, -10.3764 ], [ -46.453, -10.381 ], [ -46.4408, -10.3584 ], [ -46.407, -10.345 ], [ -46.4132, -10.3227 ], [ -46.5477, -10.3398 ], [ -46.5943, -10.2824 ], [ -46.6086, -10.2327 ], [ -46.5984, -10.2133 ], [ -46.5482, -10.2011 ] ] ], [ [ [ -47.1922, -10.0207 ], [ -47.1697, -10.0377 ], [ -47.1149, -10.041 ], [ -47.0497, -10.1018 ], [ -47.049, -10.1204 ], [ -46.9971, -10.1346 ], [ -46.8883, -10.2206 ], [ -46.8668, -10.3656 ], [ -46.8876, -10.4239 ], [ -46.963, -10.447 ], [ -46.9913, -10.4779 ], [ -47.083, -10.4457 ], [ -47.1302, -10.4752 ], [ -47.1879, -10.4446 ], [ -47.2172, -10.4617 ], [ -47.2085, -10.4115 ], [ -47.2451, -10.3485 ], [ -47.2405, -10.3114 ], [ -47.2678, -10.2161 ], [ -47.3263, -10.1674 ], [ -47.3484, -10.1227 ], [ -47.3458, -10.087 ], [ -47.3802, -10.0493 ], [ -47.3371, -10.0371 ], [ -47.2678, -10.0554 ], [ -47.1922, -10.0207 ] ] ] ] } },
{ "type": "Feature", "properties": { "tipo": "UC", "nome": "RESERVA EXTRATIVISTA DO CIRIÁCO" }, "geometry": { "type": "Polygon", "coordinates": [ [ [ -47.8408, -5.2075 ], [ -47.8124, -5.211 ], [ -47.7968, -5.2394 ], [ -47.7817, -5.2194 ], [ -47.7605, -5.2533 ], [ -47.8148, -5.3233 ], [ -47.8502, -5.2959 ], [ -47.8319, -5.2727 ], [ -47.869, -5.2649 ], [ -47.8408, -5.2075 ] ] ] } },
{ "type": "Feature", "properties": { "tipo": "UC", "nome": "RESERVA PARTICULAR DO PATRIMÔNIO NATURAL GIBEÃO" }, "geometry": { "type": "Polygon", "coordinates": [ [ [ -61.7798, -11.1261 ], [ -61.7848, -11.1183 ], [ -61.7806, -11.1182 ], [ -61.7798, -11.1261 ] ] ] } },
{ "type": "Feature", "properties": { "tipo": "UC", "nome": "RESERVA EXTRATIVISTA MOGNO" }, "geometry": { "type": "Polygon", "coordinates": [ [ [ -62.0596, -9.3656 ], [ -62.0864, -9.3669 ], [ -62.1389, -9.3234 ], [ -62.097, -9.3089 ], [ -62.0941, -9.341 ], [ -62.063, -9.3445 ], [ -62.0596, -9.3656 ] ] ] } },
{ "type": "Feature", "properties": { "tipo": "UC", "nome": "ÁREA DE PROTEÇÃO AMBIENTAL DO SALTO MAGESSI" }, "geometry": { "type": "Polygon", "coordinates": [ [ [ -55.2072, -13.557 ], [ -55.2068, -13.6161 ], [ -55.3176, -13.6169 ], [ -55.3181, -13.5578 ], [ -55.2072, -13.557 ] ] ] } },
{ "type": "Feature", "properties": { "tipo": "UC", "nome": "RESERVA PARTICULAR DO PATRIMôNIO NATURAL CRISTALINO III" }, "geometry": { "type": "Polygon", "coordinates": [ [ [ -55.8687, -9.585 ], [ -55.8911, -9.6051 ], [ -55.9301, -9.5874 ], [ -55.9129, -9.566 ], [ -55.8687, -9.585 ] ] ] } },
{ "type": "Feature", "properties": { "tipo": "UC", "nome": "ÁREA DE PROTEÇÃO AMBIENTAL NHAMUNDÁ" }, "geometry": { "type": "Polygon", "coordinates": [ [ [ -56.3319, -2.1559 ], [ -56.3407, -2.2436 ], [ -56.4037, -2.2603 ], [ -56.4944, -2.4458 ], [ -56.5726, -2.5203 ], [ -56.6726, -2.5793 ], [ -56.7376, -2.5413 ], [ -56.8191, -2.5746 ], [ -56.855, -2.5739 ], [ -56.9205, -2.5368 ], [ -57.0497, -2.5085 ], [ -57.0405, -2.484 ], [ -56.995, -2.4563 ], [ -57.0019, -2.4434 ], [ -56.925, -2.4128 ], [ -56.9196, -2.3637 ], [ -56.8605, -2.3556 ], [ -56.7867, -2.2504 ], [ -56.7229, -2.2066 ], [ -56.6851, -2.2186 ], [ -56.61, -2.2107 ], [ -56.5953, -2.1778 ], [ -56.5714, -2.1786 ], [ -56.5183, -2.1419 ], [ -56.4746, -2.1709 ], [ -56.4405, -2.1589 ], [ -56.3929, -2.1844 ], [ -56.3648, -2.1386 ], [ -56.3319, -2.1559 ] ] ] } },
{ "type": "Feature", "properties": { "tipo": "UC", "nome": "PARQUE NACIONAL DA CHAPADA DAS MESAS" }, "geometry": { "type": "MultiPolygon", "coordinates": [ [ [ [ -46.9324, -7.2581 ], [ -46.8343, -7.2524 ], [ -46.834, -7.2883 ], [ -46.8143, -7.2763 ], [ -46.8074, -7.2908 ], [ -46.7647, -7.2641 ], [ -46.7444, -7.2796 ], [ -46.7752, -7.3284 ], [ -46.8036, -7.3203 ], [ -46.8561, -7.3641 ], [ -46.8864, -7.336 ], [ -46.9462, -7.3521 ], [ -46.968, -7.3332 ], [ -46.9741, -7.2958 ], [ -46.9324, -7.2581 ] ] ], [ [ [ -47.3345, -6.8923 ], [ -47.3045, -6.9254 ], [ -47.2689, -6.902 ], [ -47.2462, -6.9225 ], [ -47.2503, -6.9464 ], [ -47.0929, -6.9894 ], [ -47.079, -7.0059 ], [ -47.0683, -6.998 ], [ -47.0064, -7.0339 ], [ -47.0029, -7.0588 ], [ -47.0237, -7.086 ], [ -46.9935, -7.1008 ], [ -47.033, -7.1353 ], [ -47.089, -7.1345 ], [ -47.0736, -7.1724 ], [ -46.9595, -7.149 ], [ -46.9559, -7.1878 ], [ -46.975, -7.1971 ], [ -46.9654, -7.2165 ], [ -46.995, -7.2346 ], [ -47.0, -7.2773 ], [ -46.9812, -7.2929 ], [ -47.0152, -7.3165 ], [ -47.0121, -7.3374 ], [ -47.0671, -7.3415 ], [ -47.0846, -7.2982 ], [ -47.1601, -7.3265 ], [ -47.1796, -7.3104 ], [ -47.1814, -7.3271 ], [ -47.2116, -7.326 ], [ -47.32, -7.2259 ], [ -47.3303, -7.1984 ], [ -47.3918, -7.1778 ], [ -47.4004, -7.1427 ], [ -47.378, -7.1229 ], [ -47.421, -7.1204 ], [ -47.412, -7.1074 ], [ -47.3339, -7.0958 ], [ -47.2758, -7.0639 ], [ -47.1904, -7.0989 ], [ -47.1945, -7.1306 ], [ -47.1711, -7.1184 ], [ -47.1906, -7.0457 ], [ -47.2462, -7.0461 ], [ -47.3007, -7.0172 ], [ -47.3537, -7.0339 ], [ -47.3772, -7.0199 ], [ -47.3706, -6.9738 ], [ -47.3874, -6.93 ], [ -47.356, -6.8945 ], [ -47.3345, -6.8923 ] ] ] ] } },
{ "type": "Feature", "properties": { "tipo": "UC", "nome": "FLORESTA NACIONAL DE BOM FUTURO" }, "geometry": { "type": "Polygon", "coordinates": [ [ [ -63.8028, -9.1414 ], [ -63.7946, -9.259 ], [ -63.8272, -9.2593 ], [ -63.8028, -9.3765 ], [ -63.7719, -9.4307 ], [ -63.7045, -9.479 ], [ -63.6725, -9.4583 ], [ -63.6007, -9.4587 ], [ -63.5935, -9.4837 ], [ -63.6584, -9.6107 ], [ -63.7268, -9.6097 ], [ -63.8236, -9.483 ], [ -64.0049, -9.4868 ], [ -64.0152, -9.5235 ], [ -64.131, -9.5517 ], [ -64.1268, -9.5697 ], [ -64.0753, -9.5553 ], [ -64.0691, -9.5975 ], [ -64.1068, -9.5872 ], [ -64.1229, -9.5984 ], [ -64.1547, -9.5621 ], [ -64.2066, -9.5438 ], [ -64.2172, -9.5195 ], [ -64.2652, -9.5244 ], [ -64.2688, -9.4765 ], [ -64.2883, -9.4719 ], [ -64.2884, -9.4577 ], [ -64.3152, -9.4598 ], [ -64.3192, -9.4406 ], [ -63.8829, -9.441 ], [ -63.8715, -9.2826 ], [ -63.882, -9.2222 ], [ -63.8356, -9.2222 ], [ -63.8357, -9.1072 ], [ -63.8028, -9.1414 ] ] ] } },
{ "type": "Feature", "properties": { "tipo": "UC", "nome": "PARQUE ESTADUAL ENCONTRO DAS ÁGUAS" }, "geometry": { "type": "Polygon", "coordinates": [ [ [ -56.6818, -17.3171 ], [ -56.7158, -17.3173 ], [ -56.7197, -17.2963 ], [ -56.6957, -17.2825 ], [ -56.7226, -17.2618 ], [ -56.6552, -17.2098 ], [ -56.8838, -17.0485 ], [ -56.842, -17.0305 ], [ -56.8602, -17.0221 ], [ -56.8353, -17.0195 ], [ -56.7892, -16.9549 ], [ -56.8207, -16.9367 ], [ -56.8269, -16.9416 ], [ -56.8875, -16.9112 ], [ -56.8781, -16.8828 ], [ -56.8112, -16.887 ], [ -56.788, -16.8632 ], [ -56.777, -16.8697 ], [ -56.7676, -16.8334 ], [ -56.7046, -16.8708 ], [ -56.7434, -16.9025 ], [ -56.5849, -17.0539 ], [ -56.635, -17.1112 ], [ -56.5869, -17.1328 ], [ -56.6301, -17.1599 ], [ -56.4931, -17.1902 ], [ -56.4369, -17.1793 ], [ -56.4031, -17.3057 ], [ -56.4459, -17.3305 ], [ -56.4511, -17.3098 ], [ -56.5008, -17.2857 ], [ -56.5284, -17.3211 ], [ -56.572, -17.3152 ], [ -56.5785, -17.3309 ], [ -56.6247, -17.3223 ], [ -56.6314, -17.3331 ], [ -56.6475, -17.317 ], [ -56.6638, -17.3388 ], [ -56.6818, -17.3171 ] ] ] } },
{ "type": "Feature", "properties": { "tipo": "UC", "nome": "RESERVA EXTRATIVISTA RIOZINHO DA LIBERDADE" }, "geometry": { "type": "Polygon", "coordinates": [ [ [ -72.0885, -7.7258 ], [ -72.0161, -7.7093 ], [ -71.9892, -7.7254 ], [ -71.9858, -7.7539 ], [ -72.0527, -7.8301 ], [ -72.0747, -7.9396 ], [ -71.983, -7.973 ], [ -71.8899, -7.9766 ], [ -71.8848, -8.0747 ], [ -71.9031, -8.0959 ], [ -71.9092, -8.1435 ], [ -71.9425, -8.1795 ], [ -71.9402, -8.224 ], [ -71.8703, -8.2368 ], [ -71.9592, -8.3578 ], [ -71.9675, -8.4602 ], [ -71.9368, -8.4905 ], [ -72.0252, -8.5754 ], [ -72.0087, -8.578 ], [ -72.0172, -8.6506 ], [ -71.9983, -8.6572 ], [ -71.999, -8.6746 ], [ -72.0629, -8.6825 ], [ -72.018, -8.7243 ], [ -72.0398, -8.7555 ], [ -72.1179, -8.7793 ], [ -72.1531, -8.7523 ], [ -72.1477, -8.7084 ], [ -72.1748, -8.7038 ], [ -72.1821, -8.6846 ], [ -72.2729, -8.7259 ], [ -72.2146, -8.6594 ], [ -72.2096, -8.6144 ], [ -72.2594, -8.5805 ], [ -72.2707, -8.536 ], [ -72.3301, -8.4828 ], [ -72.3105, -8.4611 ], [ -72.2266, -8.4705 ], [ -72.2088, -8.4537 ], [ -72.255, -8.3808 ], [ -72.2345, -8.2886 ], [ -72.2667, -8.2566 ], [ -72.2517, -8.1016 ], [ -72.2885, -8.0856 ], [ -72.2767, -8.0455 ], [ -72.297, -8.0081 ], [ -72.2888, -7.9384 ], [ -72.2646, -7.8816 ], [ -72.2369, -7.9373 ], [ -72.2229, -7.9136 ], [ -72.2023, -7.9294 ], [ -72.1529, -7.8953 ], [ -72.1363, -7.7977 ], [ -72.0815, -7.7803 ], [ -72.0885, -7.7258 ] ] ] } },
{ "type": "Feature", "properties": { "tipo": "UC", "nome": "PARQUE ESTADUAL DO XINGU" }, "geometry": { "type": "Polygon", "coordinates": [ [ [ -52.7792, -9.8487 ], [ -52.7552, -9.8216 ], [ -52.6545, -9.784 ], [ -52.6144, -9.7377 ], [ -52.6152, -9.6826 ], [ -52.3541, -9.7033 ], [ -52.3642, -9.7494 ], [ -52.3741, -9.743 ], [ -52.3916, -9.771 ], [ -52.4422, -9.7906 ], [ -52.4491, -9.8361 ], [ -52.4921, -9.8657 ], [ -52.5015, -9.912 ], [ -52.5298, -9.9146 ], [ -52.5514, -9.9545 ], [ -52.5393, -9.9792 ], [ -52.5554, -9.9953 ], [ -52.6488, -9.991 ], [ -52.6736, -10.0078 ], [ -52.6908, -9.9893 ], [ -52.7862, -9.9822 ], [ -52.8134, -9.9517 ], [ -52.7423, -9.8725 ], [ -52.7792, -9.8487 ] ] ] } },
{ "type": "Feature", "properties": { "tipo": "UC", "nome": "FLORESTA ESTADUAL CANUTAMA" }, "geometry": { "type": "Polygon", "coordinates": [ [ [ -64.4233, -6.0449 ], [ -64.4112, -5.956 ], [ -64.4288, -5.9281 ], [ -64.4003, -5.8873 ], [ -64.4061, -5.9148 ], [ -64.3761, -5.933 ], [ -64.3692, -5.9714 ], [ -64.3524, -5.9644 ], [ -64.3644, -5.9175 ], [ -64.3165, -5.937 ], [ -64.3085, -5.9725 ], [ -64.3396, -6.0107 ], [ -64.3383, -6.0583 ], [ -64.28, -6.0554 ], [ -64.3185, -6.1097 ], [ -64.2979, -6.1189 ], [ -64.2754, -6.1038 ], [ -64.2718, -6.151 ], [ -64.2464, -6.1844 ], [ -64.2571, -6.2517 ], [ -64.2836, -6.271 ], [ -64.2748, -6.3159 ], [ -64.3092, -6.3103 ], [ -64.2995, -6.3407 ], [ -64.3261, -6.3663 ], [ -64.2807, -6.4078 ], [ -64.3135, -6.4433 ], [ -64.3042, -6.4777 ], [ -64.3522, -6.4769 ], [ -64.3824, -6.4501 ], [ -64.4499, -6.4685 ], [ -64.5178, -6.521 ], [ -64.6666, -6.504 ], [ -64.6367, -6.4613 ], [ -64.6239, -6.3782 ], [ -64.5554, -6.3261 ], [ -64.5147, -6.2074 ], [ -64.4561, -6.1595 ], [ -64.4555, -6.0804 ], [ -64.4233, -6.0449 ] ] ] } },
{ "type": "Feature", "properties": { "tipo": "UC", "nome": "RESERVA EXTRATIVISTA MARINHA TRACUATEUA" }, "geometry": { "type": "MultiPolygon", "coordinates": [ [ [ [ -46.8074, -0.9168 ], [ -46.8349, -0.9475 ], [ -46.8165, -0.9245 ], [ -46.8466, -0.9047 ], [ -46.8351, -0.8771 ], [ -46.8581, -0.8921 ], [ -46.8617, -0.8485 ], [ -46.8772, -0.8407 ], [ -46.8856, -0.8966 ], [ -46.9096, -0.913 ], [ -46.9544, -0.8986 ], [ -46.9288, -0.9595 ], [ -46.984, -0.9468 ], [ -46.995, -0.9909 ], [ -47.006, -0.9729 ], [ -46.9935, -0.9504 ], [ -47.0033, -0.8999 ], [ -46.9858, -0.9034 ], [ -46.9572, -0.8648 ], [ -46.9295, -0.8686 ], [ -46.9152, -0.8591 ], [ -46.914, -0.823 ], [ -46.8845, -0.8094 ], [ -46.88, -0.7662 ], [ -46.8536, -0.7693 ], [ -46.8722, -0.7483 ], [ -46.8535, -0.7396 ], [ -46.8301, -0.7572 ], [ -46.8324, -0.8358 ], [ -46.809, -0.8325 ], [ -46.8065, -0.8718 ], [ -46.822, -0.8954 ], [ -46.8074, -0.9168 ] ] ], [ [ [ -46.9225, -0.8567 ], [ -46.9214, -0.8632 ], [ -46.9248, -0.862 ], [ -46.9225, -0.8567 ] ] ] ] } },
{ "type": "Feature", "properties": { "tipo": "UC", "nome": "FLORESTA NACIONAL DE ITAITUBA I" }, "geometry": { "type": "Polygon", "coordinates": [ [ [ -56.9511, -5.2882 ], [ -56.9778, -5.2944 ], [ -56.9566, -5.2815 ], [ -56.9713, -5.277 ], [ -56.9703, -5.2651 ], [ -56.9449, -5.2787 ], [ -56.9416, -5.2667 ], [ -56.9683, -5.2579 ], [ -56.9441, -5.2375 ], [ -56.943, -5.2398 ], [ -56.9491, -5.2453 ], [ -56.9519, -5.2528 ], [ -56.951, -5.255 ], [ -56.9414, -5.2406 ], [ -56.9314, -5.2557 ], [ -56.9404, -5.2373 ], [ -56.9254, -5.2238 ], [ -56.9197, -5.2606 ], [ -56.9219, -5.2272 ], [ -56.9165, -5.2343 ], [ -56.9128, -5.2359 ], [ -56.9068, -5.2354 ], [ -56.9057, -5.2329 ], [ -56.9178, -5.2315 ], [ -56.9206, -5.2156 ], [ -56.8941, -5.2268 ], [ -56.8661, -5.2807 ], [ -56.8576, -5.1988 ], [ -56.8387, -5.1733 ], [ -56.8487, -5.1985 ], [ -56.8236, -5.2174 ], [ -56.8349, -5.2289 ], [ -56.8262, -5.2489 ], [ -56.8258, -5.2296 ], [ -56.8195, -5.2213 ], [ -56.7849, -5.2588 ], [ -56.785, -5.2624 ], [ -56.789, -5.2676 ], [ -56.7904, -5.2739 ], [ -56.7803, -5.2605 ], [ -56.7792, -5.2627 ], [ -56.7813, -5.2659 ], [ -56.7807, -5.2708 ], [ -56.7798, -5.2738 ], [ -56.7769, -5.2769 ], [ -56.7763, -5.2807 ], [ -56.7758, -5.2604 ], [ -56.759, -5.2817 ], [ -56.7245, -5.2883 ], [ -56.681, -5.3406 ], [ -56.4783, -5.4994 ], [ -56.4936, -5.4593 ], [ -56.472, -5.4351 ], [ -56.4748, -5.3918 ], [ -56.4384, -5.3718 ], [ -56.4408, -5.3375 ], [ -56.4179, -5.2964 ], [ -56.4243, -5.2641 ], [ -56.3573, -5.2789 ], [ -56.3183, -5.3252 ], [ -56.166, -5.3237 ], [ -56.1572, -5.3515 ], [ -56.1148, -5.3751 ], [ -56.1049, -5.4288 ], [ -56.1579, -5.476 ], [ -56.1497, -5.5002 ], [ -56.1704, -5.5129 ], [ -56.1772, -5.5621 ], [ -56.7642, -5.5626 ], [ -56.7798, -5.5149 ], [ -56.786, -5.5257 ], [ -56.8084, -5.5076 ], [ -56.8009, -5.5041 ], [ -56.7995, -5.5028 ], [ -56.7979, -5.4997 ], [ -56.7979, -5.4991 ], [ -56.8139, -5.4996 ], [ -56.8037, -5.49 ], [ -56.8174, -5.4921 ], [ -56.8137, -5.4743 ], [ -56.7946, -5.4733 ], [ -56.7916, -5.4788 ], [ -56.7958, -5.485 ], [ -56.7952, -5.4883 ], [ -56.7884, -5.4764 ], [ -56.77, -5.4991 ], [ -56.7887, -5.4736 ], [ -56.7754, -5.4743 ], [ -56.7674, -5.4698 ], [ -56.7562, -5.4857 ], [ -56.7465, -5.473 ], [ -56.7481, -5.4868 ], [ -56.7396, -5.4904 ], [ -56.745, -5.4723 ], [ -56.7193, -5.4775 ], [ -56.7669, -5.4645 ], [ -56.792, -5.4733 ], [ -56.7925, -5.4622 ], [ -56.7938, -5.462 ], [ -56.7943, -5.459 ], [ -56.7964, -5.4569 ], [ -56.8278, -5.4833 ], [ -56.8305, -5.4812 ], [ -56.8172, -5.4673 ], [ -56.816, -5.4625 ], [ -56.8298, -5.4784 ], [ -56.8268, -5.4721 ], [ -56.8271, -5.4658 ], [ -56.8315, -5.4772 ], [ -56.844, -5.4698 ], [ -56.8248, -5.4538 ], [ -56.8153, -5.4217 ], [ -56.8418, -5.4645 ], [ -56.8603, -5.4628 ], [ -56.8538, -5.4423 ], [ -56.8621, -5.4585 ], [ -56.8672, -5.4443 ], [ -56.8763, -5.4522 ], [ -56.8706, -5.4327 ], [ -56.8819, -5.4411 ], [ -56.9174, -5.4099 ], [ -56.9193, -5.3925 ], [ -56.9058, -5.4032 ], [ -56.9027, -5.3921 ], [ -56.9214, -5.374 ], [ -56.9081, -5.3791 ], [ -56.9078, -5.3733 ], [ -56.8957, -5.3743 ], [ -56.8933, -5.3693 ], [ -56.9185, -5.3715 ], [ -56.9064, -5.3518 ], [ -56.9181, -5.3551 ], [ -56.9125, -5.3463 ], [ -56.9144, -5.3407 ], [ -56.9246, -5.3546 ], [ -56.9212, -5.3351 ], [ -56.9375, -5.3245 ], [ -56.8948, -5.3353 ], [ -56.8925, -5.3251 ], [ -56.9139, -5.3275 ], [ -56.9099, -5.3184 ], [ -56.8995, -5.313 ], [ -56.8996, -5.312 ], [ -56.9178, -5.317 ], [ -56.9169, -5.3271 ], [ -56.9353, -5.3127 ], [ -56.9396, -5.3222 ], [ -56.9453, -5.3133 ], [ -56.9358, -5.3081 ], [ -56.9342, -5.3056 ], [ -56.9341, -5.3036 ], [ -56.9463, -5.3065 ], [ -56.924, -5.2995 ], [ -56.9251, -5.2911 ], [ -56.9506, -5.3055 ], [ -56.9415, -5.3228 ], [ -56.981, -5.3028 ], [ -56.9575, -5.3106 ], [ -56.9656, -5.3007 ], [ -56.9511, -5.2882 ] ], [ [ -56.8311, -5.214 ], [ -56.8312, -5.2139 ], [ -56.8313, -5.2141 ], [ -56.8311, -5.214 ] ], [ [ -56.8313, -5.2141 ], [ -56.8314, -5.2141 ], [ -56.8314, -5.2142 ], [ -56.8313, -5.2141 ] ], [ [ -56.9043, -5.3787 ], [ -56.9045, -5.379 ], [ -56.9042, -5.3792 ], [ -56.9043, -5.3787 ] ], [ [ -56.8488, -5.2277 ], [ -56.8396, -5.2169 ], [ -56.849, -5.2254 ], [ -56.8488, -5.2277 ] ] ] } },
{ "type": "Feature", "properties": { "tipo": "UC", "nome": "PARQUE NACIONAL VIRUÁ" }, "geometry": { "type": "Polygon", "coordinates": [ [ [ -61.0039, 1.4872 ], [ -60.9928, 1.1834 ], [ -60.9618, 1.0905 ], [ -60.9913, 1.0843 ], [ -61.0176, 1.1009 ], [ -61.0214, 1.0858 ], [ -61.043, 1.0855 ], [ -61.0358, 1.0719 ], [ -61.0568, 1.029 ], [ -61.1406, 1.0178 ], [ -61.1505, 0.9399 ], [ -61.1742, 0.9657 ], [ -61.1933, 0.9547 ], [ -61.2286, 1.0117 ], [ -61.2556, 1.0117 ], [ -61.258, 0.9708 ], [ -61.3062, 0.9879 ], [ -61.2987, 1.0141 ], [ -61.347, 1.0187 ], [ -61.3168, 1.1524 ], [ -61.3213, 1.206 ], [ -61.267, 1.3603 ], [ -61.2684, 1.4117 ], [ -61.22, 1.6198 ], [ -61.1713, 1.703 ], [ -61.0556, 1.5897 ], [ -61.0039, 1.4872 ] ] ] } },
{ "type": "Feature", "properties": { "tipo": "UC", "nome": "RESERVA EXTRATIVISTA DO RIO JUTAÍ" }, "geometry": { "type": "Polygon", "coordinates": [ [ [ -67.1103, -3.091 ], [ -67.103, -3.0542 ], [ -67.0893, -3.073 ], [ -67.0618, -3.064 ], [ -67.0517, -3.08 ], [ -67.0689, -3.0751 ], [ -67.0882, -3.0936 ], [ -67.0762, -3.0914 ], [ -67.0747, -3.113 ], [ -67.1009, -3.1253 ], [ -67.1006, -3.1823 ], [ -67.12, -3.2124 ], [ -67.1304, -3.2076 ], [ -67.1329, -3.2446 ], [ -67.1139, -3.247 ], [ -67.1341, -3.2774 ], [ -67.1187, -3.3244 ], [ -67.1463, -3.3615 ], [ -67.1439, -3.4186 ], [ -67.1714, -3.4583 ], [ -67.1622, -3.4799 ], [ -67.1955, -3.5286 ], [ -67.1824, -3.5445 ], [ -67.2081, -3.5568 ], [ -67.198, -3.6193 ], [ -67.2239, -3.6425 ], [ -67.2158, -3.665 ], [ -67.2283, -3.6745 ], [ -67.2096, -3.7622 ], [ -67.1964, -3.7614 ], [ -67.2058, -3.7753 ], [ -67.1807, -3.8055 ], [ -67.2409, -3.8617 ], [ -67.3698, -3.8243 ], [ -67.414, -3.8563 ], [ -67.4401, -3.8373 ], [ -67.469, -3.8557 ], [ -67.4659, -3.8686 ], [ -67.501, -3.8637 ], [ -67.514, -3.8031 ], [ -67.557, -3.7935 ], [ -67.5615, -3.7576 ], [ -67.535, -3.7318 ], [ -67.5769, -3.7259 ], [ -67.5884, -3.6915 ], [ -67.5325, -3.565 ], [ -67.4645, -3.5496 ], [ -67.459, -3.5715 ], [ -67.462, -3.5477 ], [ -67.4247, -3.5146 ], [ -67.4381, -3.4949 ], [ -67.4889, -3.5018 ], [ -67.4723, -3.4524 ], [ -67.5158, -3.4609 ], [ -67.5385, -3.445 ], [ -67.525, -3.4305 ], [ -67.4777, -3.4321 ], [ -67.4898, -3.3887 ], [ -67.4567, -3.367 ], [ -67.4813, -3.3308 ], [ -67.4482, -3.3438 ], [ -67.4297, -3.3232 ], [ -67.4318, -3.2739 ], [ -67.3999, -3.2451 ], [ -67.3912, -3.2109 ], [ -67.3672, -3.2162 ], [ -67.3618, -3.1921 ], [ -67.2945, -3.1991 ], [ -67.2611, -3.1689 ], [ -67.2407, -3.1818 ], [ -67.2386, -3.1418 ], [ -67.207, -3.1303 ], [ -67.185, -3.0895 ], [ -67.1524, -3.1081 ], [ -67.1406, -3.0889 ], [ -67.1607, -3.0668 ], [ -67.1562, -3.0556 ], [ -67.1103, -3.091 ] ] ] } },
{ "type": "Feature", "properties": { "tipo": "UC", "nome": "PARQUE ESTADUAL DAS NASCENTES DO RIO TAQUARI" }, "geometry": { "type": "MultiPolygon", "coordinates": [ [ [ [ -53.1988, -18.0192 ], [ -53.1988, -18.0189 ], [ -53.1987, -18.0193 ], [ -53.1988, -18.0192 ] ] ], [ [ [ -53.2231, -18.0124 ], [ -53.2202, -18.0128 ], [ -53.221, -18.0131 ], [ -53.2231, -18.0124 ] ] ], [ [ [ -53.3428, -18.007 ], [ -53.343, -18.0076 ], [ -53.3457, -18.0072 ], [ -53.3428, -18.007 ] ] ], [ [ [ -53.3375, -18.0068 ], [ -53.3369, -18.0068 ], [ -53.3373, -18.0069 ], [ -53.3375, -18.0068 ] ] ], [ [ [ -53.2415, -18.0047 ], [ -53.2753, -18.0002 ], [ -53.2348, -18.0086 ], [ -53.2415, -18.0047 ] ] ], [ [ [ -53.3238, -18.0004 ], [ -53.3243, -18.0004 ], [ -53.3237, -18.0001 ], [ -53.3238, -18.0004 ] ] ], [ [ [ -53.2817, -17.9989 ], [ -53.2845, -17.9984 ], [ -53.2847, -17.9974 ], [ -53.2817, -17.9989 ] ] ], [ [ [ -53.3065, -17.9958 ], [ -53.3133, -17.9982 ], [ -53.3198, -17.9977 ], [ -53.3065, -17.9958 ] ] ], [ [ [ -53.3037, -17.9956 ], [ -53.3045, -17.9965 ], [ -53.3061, -17.9958 ], [ -53.3037, -17.9956 ] ] ], [ [ [ -53.2899, -17.9947 ], [ -53.3015, -17.9963 ], [ -53.3019, -17.9955 ], [ -53.2899, -17.9947 ] ] ] ] } },
{ "type": "Feature", "properties": { "tipo": "UC", "nome": "RESERVA DE DESENVOLVIMENTO SUSTENTÁVEL DO TUPÉ" }, "geometry": { "type": "Polygon", "coordinates": [ [ [ -60.3194, -3.0217 ], [ -60.3194, -2.9675 ], [ -60.2125, -2.9569 ], [ -60.175, -3.0283 ], [ -60.2867, -3.0506 ], [ -60.3194, -3.0217 ] ] ] } },
{ "type": "Feature", "properties": { "tipo": "UC", "nome": "PARQUE ESTADUAL SERRA SANTA BÁRBARA" }, "geometry": { "type": "Polygon", "coordinates": [ [ [ -59.4281, -15.8277 ], [ -59.403, -15.7731 ], [ -59.3517, -15.7344 ], [ -59.3261, -15.6749 ], [ -59.2885, -15.764 ], [ -59.289, -15.8332 ], [ -59.215, -15.9032 ], [ -59.1772, -16.0477 ], [ -59.2355, -16.041 ], [ -59.2851, -16.0116 ], [ -59.3966, -16.065 ], [ -59.4009, -16.1081 ], [ -59.5814, -16.1095 ], [ -59.5323, -16.0301 ], [ -59.5532, -16.0104 ], [ -59.498, -15.9033 ], [ -59.5053, -15.709 ], [ -59.5365, -15.6587 ], [ -59.5743, -15.6513 ], [ -59.5728, -15.5305 ], [ -59.5214, -15.5265 ], [ -59.4979, -15.5485 ], [ -59.4653, -15.8347 ], [ -59.4281, -15.8277 ] ] ] } },
{ "type": "Feature", "properties": { "tipo": "UC", "nome": "ESTACAO ECOLOGICA SERRA GERAL DO TOCANTINS" }, "geometry": { "type": "MultiPolygon", "coordinates": [ [ [ [ -46.8866, -10.432 ], [ -46.8813, -10.5667 ], [ -46.8212, -10.6302 ], [ -46.8231, -10.6445 ], [ -46.7646, -10.66 ], [ -46.7011, -10.6424 ], [ -46.644, -10.6556 ], [ -46.4682, -10.5756 ], [ -46.3902, -10.6173 ], [ -46.3793, -10.6042 ], [ -46.3448, -10.6574 ], [ -46.3116, -10.6588 ], [ -46.308, -10.6389 ], [ -46.2658, -10.6194 ], [ -46.2358, -10.6441 ], [ -46.2458, -10.6825 ], [ -46.1972, -10.7062 ], [ -46.2705, -10.7499 ], [ -46.2637, -10.7747 ], [ -46.2324, -10.7822 ], [ -46.2586, -10.8103 ], [ -46.2982, -10.8221 ], [ -46.3106, -10.8752 ], [ -46.2919, -10.9061 ], [ -46.3654, -10.9131 ], [ -46.3858, -10.9491 ], [ -46.4075, -10.9485 ], [ -46.4967, -11.0202 ], [ -46.5236, -11.0884 ], [ -46.4952, -11.0936 ], [ -46.5071, -11.1175 ], [ -46.4839, -11.1217 ], [ -46.5038, -11.1548 ], [ -46.5414, -11.1718 ], [ -46.5472, -11.1903 ], [ -46.5632, -11.1815 ], [ -46.5624, -11.2088 ], [ -46.5977, -11.2402 ], [ -46.6252, -11.2073 ], [ -46.6903, -11.2733 ], [ -46.7232, -11.285 ], [ -46.7753, -11.3491 ], [ -46.9018, -11.3315 ], [ -46.9749, -11.2712 ], [ -47.0195, -11.2962 ], [ -47.0346, -11.2883 ], [ -47.003, -11.2446 ], [ -47.0259, -11.216 ], [ -47.0172, -11.1769 ], [ -47.0531, -11.0682 ], [ -47.0874, -11.0483 ], [ -47.0807, -10.9679 ], [ -47.0999, -10.9622 ], [ -47.1072, -10.9204 ], [ -47.1337, -10.9054 ], [ -47.1194, -10.8198 ], [ -47.1707, -10.7852 ], [ -47.1794, -10.8055 ], [ -47.2099, -10.8127 ], [ -47.2288, -10.7671 ], [ -47.2168, -10.7024 ], [ -47.1891, -10.6848 ], [ -47.1817, -10.6226 ], [ -47.218, -10.6008 ], [ -47.1582, -10.5258 ], [ -47.1641, -10.4703 ], [ -47.1311, -10.4763 ], [ -47.0835, -10.446 ], [ -46.9715, -10.5392 ], [ -46.9866, -10.4976 ], [ -46.9772, -10.4651 ], [ -46.94, -10.4402 ], [ -46.8866, -10.432 ] ] ], [ [ [ -46.0673, -10.5774 ], [ -46.0306, -10.5545 ], [ -46.0281, -10.5673 ], [ -46.0602, -10.5749 ], [ -46.0665, -10.6038 ], [ -46.1267, -10.6211 ], [ -46.0673, -10.5774 ] ] ] ] } },
{ "type": "Feature", "properties": { "tipo": "UC", "nome": "FLORESTA NACIONAL DO JAMARI" }, "geometry": { "type": "Polygon", "coordinates": [ [ [ -62.7353, -9.0 ], [ -62.7351, -9.4454 ], [ -62.8696, -9.4459 ], [ -62.9027, -9.4819 ], [ -62.9852, -9.4408 ], [ -63.0824, -9.4713 ], [ -63.1217, -9.3397 ], [ -63.0796, -9.3396 ], [ -63.1013, -9.2641 ], [ -63.1135, -9.2429 ], [ -63.1302, -9.2485 ], [ -63.1373, -9.2265 ], [ -63.1104, -9.1931 ], [ -63.1487, -9.1814 ], [ -63.1498, -9.1662 ], [ -63.1317, -9.1674 ], [ -63.1793, -9.1207 ], [ -63.2136, -8.9614 ], [ -63.1775, -9.0 ], [ -62.7353, -9.0 ] ] ] } },
{ "type": "Feature", "properties": { "tipo": "UC", "nome": "AREA DE PROTEÇÃO AMBIENTAL TARUMA/PONTA NEGRA" }, "geometry": { "type": "Polygon", "coordinates": [ [ [ -60.0734, -2.6829 ], [ -60.0892, -2.8876 ], [ -60.0595, -2.8947 ], [ -60.0876, -2.9184 ], [ -60.0873, -2.9394 ], [ -60.059, -2.9425 ], [ -60.0354, -2.9254 ], [ -60.0165, -2.977 ], [ -60.0322, -3.0084 ], [ -60.0241, -3.0452 ], [ -60.0834, -3.0511 ], [ -60.0645, -3.083 ], [ -60.075, -3.0957 ], [ -60.1235, -3.0381 ], [ -60.1301, -2.9986 ], [ -60.1149, -2.9757 ], [ -60.1447, -2.9525 ], [ -60.1234, -2.9497 ], [ -60.0924, -2.8032 ], [ -60.0947, -2.696 ], [ -60.0734, -2.6829 ] ] ] } },
{ "type": "Feature", "properties": { "tipo": "UC", "nome": "FLORESTA ESTADUAL DE RENDIMENTO SUSTENTADO DO RIO MADEIRA \"B\"" }, "geometry": { "type": "Polygon", "coordinates": [ [ [ -63.7907, -8.3328 ], [ -63.7654, -8.3068 ], [ -63.7479, -8.3132 ], [ -63.7483, -8.494 ], [ -63.6933, -8.4941 ], [ -63.693, -8.4492 ], [ -63.6376, -8.4493 ], [ -63.6373, -8.5182 ], [ -63.6723, -8.4994 ], [ -63.7184, -8.5142 ], [ -63.7189, -8.5397 ], [ -63.7893, -8.5683 ], [ -63.9264, -8.6026 ], [ -63.9227, -8.5589 ], [ -63.9454, -8.5458 ], [ -63.9259, -8.5213 ], [ -63.9573, -8.494 ], [ -63.9118, -8.4939 ], [ -63.9119, -8.449 ], [ -63.8032, -8.4489 ], [ -63.8048, -8.3857 ], [ -63.8357, -8.3855 ], [ -63.8357, -8.3134 ], [ -63.9007, -8.3123 ], [ -63.8815, -8.2908 ], [ -63.8587, -8.2902 ], [ -63.7907, -8.3328 ] ] ] } },
{ "type": "Feature", "properties": { "tipo": "UC", "nome": "PARQUE ESTADUAL DO UTINGA" }, "geometry": { "type": "Polygon", "coordinates": [ [ [ -48.4155, -1.4108 ], [ -48.3984, -1.4013 ], [ -48.401, -1.4305 ], [ -48.4264, -1.4393 ], [ -48.4451, -1.4265 ], [ -48.411, -1.3952 ], [ -48.4155, -1.4108 ] ] ] } },
{ "type": "Feature", "properties": { "tipo": "UC", "nome": "ESTAÇÃO ECOLÓGICA DE NIQUIÁ" }, "geometry": { "type": "Polygon", "coordinates": [ [ [ -61.302, 1.5776 ], [ -61.2892, 1.5636 ], [ -61.2831, 1.5604 ], [ -61.2755, 1.5635 ], [ -61.2797, 1.5732 ], [ -61.2693, 1.5563 ], [ -61.2579, 1.5655 ], [ -61.258, 1.5541 ], [ -61.2492, 1.5383 ], [ -61.2883, 1.3456 ], [ -61.3317, 1.2536 ], [ -61.3379, 1.1596 ], [ -61.3597, 1.1496 ], [ -61.3808, 1.1622 ], [ -61.4177, 1.0661 ], [ -61.41, 1.0558 ], [ -61.5408, 0.9271 ], [ -61.5717, 0.8554 ], [ -61.5709, 0.8124 ], [ -61.5885, 0.7841 ], [ -61.6262, 0.7696 ], [ -61.6585, 0.8022 ], [ -61.6605, 0.8395 ], [ -61.6382, 0.852 ], [ -61.6581, 0.8805 ], [ -61.6514, 0.8928 ], [ -61.7149, 0.9443 ], [ -61.7167, 0.9787 ], [ -61.7047, 0.9853 ], [ -61.7359, 0.9744 ], [ -61.7499, 1.0237 ], [ -61.7492, 1.0392 ], [ -61.7352, 1.0379 ], [ -61.7432, 1.0874 ], [ -61.7272, 1.0928 ], [ -61.7193, 1.1737 ], [ -61.6857, 1.1917 ], [ -61.6902, 1.2294 ], [ -61.6648, 1.262 ], [ -61.676, 1.3114 ], [ -61.6478, 1.3479 ], [ -61.6611, 1.3522 ], [ -61.6434, 1.3708 ], [ -61.6569, 1.3828 ], [ -61.5944, 1.4516 ], [ -61.5716, 1.4485 ], [ -61.5415, 1.4845 ], [ -61.4815, 1.5146 ], [ -61.4824, 1.5708 ], [ -61.4367, 1.7492 ], [ -61.4195, 1.7004 ], [ -61.3942, 1.6779 ], [ -61.3927, 1.6778 ], [ -61.3896, 1.6825 ], [ -61.3873, 1.6729 ], [ -61.3833, 1.6661 ], [ -61.3736, 1.6555 ], [ -61.3696, 1.6558 ], [ -61.369, 1.6415 ], [ -61.3645, 1.6403 ], [ -61.3626, 1.6419 ], [ -61.3638, 1.6472 ], [ -61.3608, 1.6444 ], [ -61.3564, 1.6278 ], [ -61.3428, 1.6313 ], [ -61.3274, 1.6462 ], [ -61.323, 1.6379 ], [ -61.3185, 1.6351 ], [ -61.3118, 1.6348 ], [ -61.3091, 1.626 ], [ -61.3057, 1.6237 ], [ -61.2916, 1.6265 ], [ -61.2925, 1.6237 ], [ -61.2957, 1.6202 ], [ -61.2969, 1.617 ], [ -61.2933, 1.61 ], [ -61.2911, 1.6266 ], [ -61.3269, 1.6467 ], [ -61.3559, 1.6282 ], [ -61.3606, 1.6451 ], [ -61.3879, 1.6815 ], [ -61.4182, 1.7005 ], [ -61.4172, 1.7133 ], [ -61.179, 1.7124 ], [ -61.2313, 1.6299 ], [ -61.2488, 1.5485 ], [ -61.256, 1.5647 ], [ -61.2657, 1.5708 ], [ -61.2699, 1.5577 ], [ -61.2772, 1.5737 ], [ -61.2831, 1.5729 ], [ -61.283, 1.5615 ], [ -61.302, 1.5776 ] ], [ [ -61.2937, 1.6084 ], [ -61.2943, 1.6086 ], [ -61.2962, 1.6078 ], [ -61.2977, 1.6068 ], [ -61.2937, 1.6084 ] ], [ [ -61.2966, 1.5878 ], [ -61.2982, 1.5803 ], [ -61.297, 1.5818 ], [ -61.2966, 1.5878 ] ], [ [ -61.2916, 1.5898 ], [ -61.2939, 1.5891 ], [ -61.2872, 1.5877 ], [ -61.2916, 1.5898 ] ], [ [ -61.299, 1.6052 ], [ -61.3016, 1.603 ], [ -61.3027, 1.6 ], [ -61.299, 1.6052 ] ], [ [ -61.2865, 1.5984 ], [ -61.3015, 1.596 ], [ -61.2832, 1.5948 ], [ -61.2865, 1.5984 ] ], [ [ -61.281, 1.5888 ], [ -61.2817, 1.5896 ], [ -61.2855, 1.5865 ], [ -61.281, 1.5888 ] ] ] } },
{ "type": "Feature", "properties": { "tipo": "UC", "nome": "RESERVA PARTICULAR DO PATRIMÔNIO NATURAL PIONEIRA DO RIO PIQUIRI" }, "geometry": { "type": "Polygon", "coordinates": [ [ [ -55.4452, -17.5077 ], [ -55.4453, -17.5054 ], [ -55.4448, -17.5054 ], [ -55.4452, -17.5077 ] ] ] } },
{ "type": "Feature", "properties": { "tipo": "UC", "nome": "RESERVA EXTRATIVISTA CHOCOARÉ-MATO GROSSO" }, "geometry": { "type": "Polygon", "coordinates": [ [ [ -47.3911, -0.8793 ], [ -47.4056, -0.9211 ], [ -47.3851, -0.9558 ], [ -47.4032, -0.9767 ], [ -47.4128, -0.9671 ], [ -47.394, -0.9573 ], [ -47.4184, -0.9487 ], [ -47.4218, -0.9362 ], [ -47.4029, -0.9309 ], [ -47.4232, -0.9002 ], [ -47.3791, -0.8625 ], [ -47.4019, -0.8502 ], [ -47.3953, -0.8234 ], [ -47.3499, -0.8505 ], [ -47.3911, -0.8793 ] ] ] } },
{ "type": "Feature", "properties": { "tipo": "UC", "nome": "PARQUE ESTADUAL CHARAPUCU" }, "geometry": { "type": "Polygon", "coordinates": [ [ [ -50.6153, -0.237 ], [ -50.569, -0.1937 ], [ -50.5485, -0.2474 ], [ -50.4353, -0.3134 ], [ -50.454, -0.341 ], [ -50.3846, -0.3523 ], [ -50.3244, -0.4281 ], [ -50.3389, -0.4522 ], [ -50.5024, -0.4885 ], [ -50.5341, -0.4436 ], [ -50.6292, -0.4631 ], [ -50.6428, -0.4444 ], [ -50.6574, -0.4505 ], [ -50.6475, -0.4215 ], [ -50.6755, -0.384 ], [ -50.6002, -0.2516 ], [ -50.6153, -0.237 ] ] ] } },
{ "type": "Feature", "properties": { "tipo": "UC", "nome": "PARQUE NACIONAL DO CABO ORANGE" }, "geometry": { "type": "Polygon", "coordinates": [ [ [ -51.5337, 4.1399 ], [ -51.5734, 4.3448 ], [ -51.5375, 4.4544 ], [ -51.4138, 4.386 ], [ -51.2928, 4.262 ], [ -51.1991, 4.1252 ], [ -51.1732, 4.0105 ], [ -51.1758, 3.8965 ], [ -51.1087, 3.9136 ], [ -51.0764, 3.898 ], [ -51.0795, 3.4889 ], [ -51.1032, 3.4444 ], [ -51.0306, 3.2069 ], [ -51.0428, 3.135 ], [ -51.0111, 3.0834 ], [ -51.0177, 3.0396 ], [ -50.9975, 3.0104 ], [ -50.9851, 2.9389 ], [ -50.9468, 2.8803 ], [ -50.9454, 2.8132 ], [ -51.0054, 2.8084 ], [ -51.0266, 2.832 ], [ -51.0998, 2.8595 ], [ -51.1428, 2.8379 ], [ -51.222, 2.8478 ], [ -51.2245, 2.8371 ], [ -51.2344, 2.8401 ], [ -51.2385, 2.8277 ], [ -51.2428, 2.8291 ], [ -51.2496, 2.8232 ], [ -51.252, 2.8234 ], [ -51.2522, 3.1214 ], [ -51.224, 3.1571 ], [ -51.2428, 3.1545 ], [ -51.2512, 3.19 ], [ -51.2392, 3.2129 ], [ -51.228, 3.1943 ], [ -51.2225, 3.2157 ], [ -51.1894, 3.2319 ], [ -51.3339, 3.232 ], [ -51.207, 3.4728 ], [ -51.25, 3.6278 ], [ -51.2614, 3.7528 ], [ -51.3228, 3.7973 ], [ -51.4278, 4.0153 ], [ -51.4681, 3.9992 ], [ -51.5337, 4.1399 ] ] ] } },
{ "type": "Feature", "properties": { "tipo": "UC", "nome": "RESERVA PARTICULAR DO PATRIMÔNIO NATURAL CATEDRAL DO JALAPÃO" }, "geometry": { "type": "Polygon", "coordinates": [ [ [ -46.8936, -10.1313 ], [ -46.8673, -10.135 ], [ -46.8947, -10.1467 ], [ -46.8936, -10.1313 ] ] ] } },
{ "type": "Feature", "properties": { "tipo": "UC", "nome": "PARQUE ESTADUAL DO GUIRÁ" }, "geometry": { "type": "Polygon", "coordinates": [ [ [ -57.9249, -17.4742 ], [ -57.9595, -17.4685 ], [ -58.0271, -17.4138 ], [ -58.0418, -17.3767 ], [ -58.0109, -17.2715 ], [ -58.024, -17.1927 ], [ -58.0046, -17.1523 ], [ -58.0179, -17.1418 ], [ -58.0165, -17.0911 ], [ -58.0023, -17.0836 ], [ -58.0089, -17.0001 ], [ -57.8999, -16.9998 ], [ -57.899, -17.0711 ], [ -57.8839, -17.0948 ], [ -57.9048, -17.1155 ], [ -57.8937, -17.1374 ], [ -57.9041, -17.1861 ], [ -57.8355, -17.2657 ], [ -57.8131, -17.2695 ], [ -57.7755, -17.3301 ], [ -57.7894, -17.4074 ], [ -57.7203, -17.4247 ], [ -57.6966, -17.5584 ], [ -57.7123, -17.5589 ], [ -57.727, -17.53 ], [ -57.7534, -17.5432 ], [ -57.8834, -17.4496 ], [ -57.9249, -17.4742 ] ] ] } },
{ "type": "Feature", "properties": { "tipo": "UC", "nome": "ESTAÇÃO ECOLÓGICA DE JUTAÍ-SOLIMÕES" }, "geometry": { "type": "Polygon", "coordinates": [ [ [ -67.3347, -2.8618 ], [ -67.2904, -2.882 ], [ -67.3447, -2.9282 ], [ -67.3369, -3.0176 ], [ -67.2892, -3.0303 ], [ -67.2886, -3.0935 ], [ -67.204, -3.1043 ], [ -67.2168, -3.1282 ], [ -67.2434, -3.1363 ], [ -67.2401, -3.173 ], [ -67.2639, -3.1631 ], [ -67.2942, -3.1841 ], [ -67.3657, -3.1876 ], [ -67.3738, -3.2148 ], [ -67.3951, -3.2067 ], [ -67.4045, -3.2416 ], [ -67.4374, -3.2719 ], [ -67.4306, -3.3057 ], [ -67.4504, -3.3374 ], [ -67.481, -3.3025 ], [ -67.5465, -3.3113 ], [ -67.5791, -3.3337 ], [ -67.5828, -3.3579 ], [ -67.6099, -3.3708 ], [ -67.6264, -3.4064 ], [ -67.6714, -3.4049 ], [ -67.7334, -3.4321 ], [ -67.7607, -3.4231 ], [ -67.803, -3.4431 ], [ -67.8162, -3.4661 ], [ -67.8871, -3.4672 ], [ -67.8544, -3.3723 ], [ -67.942, -3.3335 ], [ -67.9224, -3.2847 ], [ -67.856, -3.2595 ], [ -67.8183, -3.204 ], [ -67.7947, -3.0716 ], [ -67.817, -2.9873 ], [ -67.7669, -2.9675 ], [ -67.7139, -2.9161 ], [ -67.6046, -2.9433 ], [ -67.5786, -2.9203 ], [ -67.5789, -2.9003 ], [ -67.548, -2.8841 ], [ -67.5402, -2.8937 ], [ -67.4618, -2.8679 ], [ -67.4205, -2.8919 ], [ -67.3802, -2.876 ], [ -67.3636, -2.8458 ], [ -67.3514, -2.8687 ], [ -67.3347, -2.8618 ] ] ] } },
{ "type": "Feature", "properties": { "tipo": "UC", "nome": "PARQUE NACIONAL DO PANTANAL MATOGROSSENSE" }, "geometry": { "type": "MultiPolygon", "coordinates": [ [ [ [ -57.6715, -17.674 ], [ -57.6713, -17.6741 ], [ -57.6719, -17.674 ], [ -57.6715, -17.674 ] ] ], [ [ [ -57.6893, -17.6211 ], [ -57.6784, -17.6057 ], [ -57.6321, -17.619 ], [ -57.6209, -17.5889 ], [ -57.6113, -17.5983 ], [ -57.5908, -17.5744 ], [ -57.5577, -17.5765 ], [ -57.5193, -17.5377 ], [ -57.5066, -17.5499 ], [ -57.5163, -17.5326 ], [ -57.4808, -17.5255 ], [ -57.4744, -17.4708 ], [ -57.4355, -17.4471 ], [ -57.4312, -17.4734 ], [ -57.4477, -17.4731 ], [ -57.4511, -17.5055 ], [ -57.4793, -17.5336 ], [ -57.4563, -17.5581 ], [ -57.4546, -17.5854 ], [ -57.4281, -17.5718 ], [ -57.4168, -17.5812 ], [ -57.4206, -17.5356 ], [ -57.3385, -17.505 ], [ -57.3282, -17.4785 ], [ -57.2444, -17.4727 ], [ -57.1627, -17.5599 ], [ -57.1812, -17.5639 ], [ -57.1989, -17.5995 ], [ -57.1886, -17.6018 ], [ -57.2364, -17.6537 ], [ -57.2317, -17.6933 ], [ -57.2885, -17.7026 ], [ -57.2995, -17.7345 ], [ -57.3609, -17.7222 ], [ -57.3983, -17.8399 ], [ -57.4338, -17.8616 ], [ -57.4704, -17.8139 ], [ -57.4875, -17.8363 ], [ -57.4762, -17.8609 ], [ -57.5137, -17.8621 ], [ -57.5775, -17.8007 ], [ -57.6062, -17.8029 ], [ -57.614, -17.7798 ], [ -57.6025, -17.7751 ], [ -57.629, -17.7305 ], [ -57.6845, -17.7113 ], [ -57.6681, -17.6751 ], [ -57.6893, -17.6211 ] ] ] ] } },
{ "type": "Feature", "properties": { "tipo": "UC", "nome": "PARQUE NACIONAL DA CHAPADA DOS GUIMARÃES" }, "geometry": { "type": "Polygon", "coordinates": [ [ [ -55.9234, -15.2164 ], [ -55.9158, -15.245 ], [ -55.8939, -15.2325 ], [ -55.8519, -15.245 ], [ -55.8099, -15.2624 ], [ -55.7902, -15.2933 ], [ -55.7862, -15.3359 ], [ -55.8404, -15.384 ], [ -55.8187, -15.4081 ], [ -55.8256, -15.4495 ], [ -55.8722, -15.4807 ], [ -55.9043, -15.408 ], [ -55.8846, -15.3521 ], [ -55.8526, -15.3465 ], [ -55.8309, -15.3592 ], [ -55.8268, -15.3539 ], [ -55.8724, -15.3371 ], [ -55.9029, -15.336 ], [ -55.9514, -15.3645 ], [ -55.9691, -15.3569 ], [ -55.9795, -15.2331 ], [ -55.9672, -15.2132 ], [ -55.9234, -15.2164 ] ] ] } },
{ "type": "Feature", "properties": { "tipo": "UC", "nome": "FLORESTA NACIONAL DE PAU-ROSA" }, "geometry": { "type": "Polygon", "coordinates": [ [ [ -58.3115, -4.8286 ], [ -58.2979, -4.7514 ], [ -58.2687, -4.7321 ], [ -58.2837, -4.712 ], [ -58.2656, -4.7081 ], [ -58.2699, -4.6574 ], [ -58.2477, -4.6382 ], [ -58.2606, -4.6058 ], [ -58.2241, -4.6028 ], [ -58.2152, -4.5884 ], [ -58.2316, -4.5772 ], [ -58.2296, -4.5516 ], [ -58.1995, -4.5504 ], [ -58.2129, -4.5166 ], [ -58.1718, -4.4889 ], [ -58.1783, -4.455 ], [ -58.1474, -4.4346 ], [ -58.1266, -4.4331 ], [ -58.1147, -4.4249 ], [ -58.116, -4.4171 ], [ -58.1089, -4.4348 ], [ -58.1167, -4.4299 ], [ -58.1334, -4.4366 ], [ -58.1074, -4.4408 ], [ -58.1016, -4.428 ], [ -58.1171, -4.407 ], [ -58.1179, -4.422 ], [ -58.13, -4.4132 ], [ -58.1135, -4.3674 ], [ -58.1546, -4.354 ], [ -58.1777, -4.3702 ], [ -58.193, -4.3472 ], [ -58.2092, -4.3575 ], [ -58.2137, -4.2983 ], [ -58.2389, -4.2696 ], [ -58.2311, -4.2554 ], [ -58.2744, -4.1681 ], [ -58.2644, -4.1441 ], [ -58.2774, -4.1568 ], [ -58.315, -4.1419 ], [ -58.2961, -4.1214 ], [ -58.3764, -4.0226 ], [ -58.3548, -4.0121 ], [ -58.3915, -4.0116 ], [ -58.4004, -3.9885 ], [ -58.4136, -3.9944 ], [ -58.4007, -3.9721 ], [ -58.4284, -3.9844 ], [ -58.4195, -3.9672 ], [ -58.4582, -3.9407 ], [ -58.4611, -3.9265 ], [ -58.4412, -3.9137 ], [ -58.3401, -3.8766 ], [ -58.3176, -3.8946 ], [ -58.27, -3.8923 ], [ -58.2743, -3.8419 ], [ -58.2521, -3.8405 ], [ -58.249, -3.8075 ], [ -58.286, -3.8069 ], [ -58.2838, -3.7894 ], [ -58.2683, -3.7869 ], [ -58.2681, -3.781 ], [ -58.3018, -3.7716 ], [ -58.2856, -3.7411 ], [ -57.7791, -4.4745 ], [ -57.6719, -4.7058 ], [ -57.5939, -4.5457 ], [ -57.4509, -4.325 ], [ -57.173, -4.0115 ], [ -57.0912, -3.9439 ], [ -57.4495, -4.7144 ], [ -58.8263, -5.5906 ], [ -58.8311, -5.5649 ], [ -58.85, -5.5563 ], [ -58.8532, -5.513 ], [ -58.8331, -5.505 ], [ -58.8326, -5.4336 ], [ -58.806, -5.4229 ], [ -58.8211, -5.401 ], [ -58.8024, -5.3753 ], [ -58.8164, -5.3693 ], [ -58.8085, -5.3395 ], [ -58.7363, -5.3387 ], [ -58.7165, -5.3178 ], [ -58.7175, -5.3047 ], [ -58.7408, -5.3033 ], [ -58.7149, -5.2843 ], [ -58.7292, -5.2668 ], [ -58.704, -5.2633 ], [ -58.6873, -5.221 ], [ -58.6523, -5.231 ], [ -58.6548, -5.2046 ], [ -58.6234, -5.2201 ], [ -58.6411, -5.1862 ], [ -58.5816, -5.1773 ], [ -58.5613, -5.1539 ], [ -58.5794, -5.1345 ], [ -58.5131, -5.1381 ], [ -58.5069, -5.1065 ], [ -58.4733, -5.1068 ], [ -58.4932, -5.0889 ], [ -58.4325, -5.0685 ], [ -58.4475, -5.04 ], [ -58.428, -5.0492 ], [ -58.4, -4.9656 ], [ -58.373, -4.9558 ], [ -58.3939, -4.9224 ], [ -58.3621, -4.9167 ], [ -58.3629, -4.8964 ], [ -58.3599, -4.8904 ], [ -58.3414, -4.8945 ], [ -58.3631, -4.8537 ], [ -58.3247, -4.8411 ], [ -58.3215, -4.8104 ], [ -58.3115, -4.8286 ] ] ] } },
{ "type": "Feature", "properties": { "tipo": "UC", "nome": "PARQUE ESTADUAL SERRA RICARDO FRANCO" }, "geometry": { "type": "Polygon", "coordinates": [ [ [ -60.4911, -14.1895 ], [ -60.474, -14.1598 ], [ -60.4768, -14.0926 ], [ -60.4366, -14.0722 ], [ -60.3833, -14.1131 ], [ -60.3653, -14.161 ], [ -60.3715, -14.211 ], [ -60.3883, -14.2263 ], [ -60.3811, -14.2586 ], [ -60.3109, -14.3128 ], [ -60.2223, -14.4614 ], [ -60.2101, -14.5393 ], [ -60.2447, -14.5925 ], [ -60.2262, -14.6272 ], [ -60.1616, -14.6235 ], [ -60.1303, -14.653 ], [ -60.1234, -14.8323 ], [ -60.0148, -14.9412 ], [ -60.0148, -15.0209 ], [ -60.0475, -15.0383 ], [ -60.058, -15.0702 ], [ -60.0889, -15.0917 ], [ -60.1407, -15.0844 ], [ -60.1726, -14.9977 ], [ -60.2168, -14.9798 ], [ -60.2551, -14.9301 ], [ -60.2733, -14.6212 ], [ -60.3278, -14.5766 ], [ -60.3388, -14.5101 ], [ -60.406, -14.4134 ], [ -60.3933, -14.367 ], [ -60.4082, -14.3691 ], [ -60.4035, -14.3581 ], [ -60.4527, -14.3131 ], [ -60.4651, -14.2648 ], [ -60.4488, -14.2407 ], [ -60.4648, -14.2331 ], [ -60.4712, -14.1915 ], [ -60.4911, -14.1895 ] ] ] } },
{ "type": "Feature", "properties": { "tipo": "UC", "nome": "RESERVA PARTICULAR DO PATRIMÔNIO NATURAL SESC TEPEQUÉM" }, "geometry": { "type": "Polygon", "coordinates": [ [ [ -60.6754, 2.8275 ], [ -60.6753, 2.8202 ], [ -60.6791, 2.8238 ], [ -60.6754, 2.8275 ] ] ] } },
{ "type": "Feature", "properties": { "tipo": "UC", "nome": "RESERVA EXTRATIVISTA SUCUPIRA" }, "geometry": { "type": "Polygon", "coordinates": [ [ [ -62.1941, -9.4056 ], [ -62.1768, -9.4008 ], [ -62.175, -9.4454 ], [ -62.2405, -9.4245 ], [ -62.2302, -9.3767 ], [ -62.1941, -9.4056 ] ] ] } },
{ "type": "Feature", "properties": { "tipo": "UC", "nome": "PARQUE ESTADUAL ÁGUAS DO CUIABÁ" }, "geometry": { "type": "Polygon", "coordinates": [ [ [ -55.3196, -14.3552 ], [ -55.3603, -14.3581 ], [ -55.3775, -14.3302 ], [ -55.4062, -14.3355 ], [ -55.4369, -14.2908 ], [ -55.2921, -14.2618 ], [ -55.286, -14.3011 ], [ -55.307, -14.2903 ], [ -55.3196, -14.3552 ] ] ] } },
{ "type": "Feature", "properties": { "tipo": "UC", "nome": "FLORESTA NACIONAL DO AMAZONAS" }, "geometry": { "type": "Polygon", "coordinates": [ [ [ -63.3746, 2.2348 ], [ -63.3326, 2.1854 ], [ -63.2735, 2.1511 ], [ -63.1763, 2.1759 ], [ -63.119, 2.1671 ], [ -63.1055, 2.0988 ], [ -63.0317, 2.0201 ], [ -62.9999, 2.0086 ], [ -62.9184, 2.0267 ], [ -62.816, 2.0095 ], [ -62.6862, 1.9291 ], [ -62.6936, 1.8634 ], [ -62.72, 1.811 ], [ -62.7075, 1.7132 ], [ -62.8002, 1.5972 ], [ -62.7416, 1.5392 ], [ -62.7283, 1.4961 ], [ -62.6363, 1.4337 ], [ -62.5286, 1.0856 ], [ -62.4702, 1.079 ], [ -62.4766, 1.0205 ], [ -62.4432, 0.964 ], [ -62.4839, 0.883 ], [ -62.5308, 0.8395 ], [ -62.5433, 0.7582 ], [ -62.5882, 0.7303 ], [ -62.5886, 0.7084 ], [ -62.616, 0.7051 ], [ -62.619, 0.6868 ], [ -62.6481, 0.7044 ], [ -62.6663, 0.7509 ], [ -62.7849, 0.7497 ], [ -62.7698, 0.8295 ], [ -62.8557, 0.9735 ], [ -62.8935, 0.9938 ], [ -62.8933, 1.0203 ], [ -62.8052, 1.0423 ], [ -62.7775, 1.0334 ], [ -62.8141, 1.0787 ], [ -62.8682, 1.0796 ], [ -62.8872, 1.1222 ], [ -63.0062, 1.1766 ], [ -63.0816, 1.2741 ], [ -63.0354, 1.3832 ], [ -63.0335, 1.4245 ], [ -63.0623, 1.4597 ], [ -63.064, 1.5069 ], [ -63.0982, 1.5624 ], [ -63.0697, 1.6887 ], [ -63.0788, 1.7064 ], [ -63.1326, 1.7216 ], [ -63.1054, 1.7904 ], [ -63.2605, 1.9633 ], [ -63.3493, 1.9877 ], [ -63.3723, 1.9737 ], [ -63.3406, 1.9252 ], [ -63.3606, 1.7617 ], [ -63.3521, 1.7186 ], [ -63.3018, 1.6463 ], [ -63.3205, 1.5813 ], [ -63.3524, 1.5659 ], [ -63.3378, 1.5449 ], [ -63.3744, 1.474 ], [ -63.3959, 1.4518 ], [ -63.4106, 1.4597 ], [ -63.4211, 1.4296 ], [ -63.3577, 1.3751 ], [ -63.3136, 1.3952 ], [ -63.3112, 1.3556 ], [ -63.2466, 1.3364 ], [ -63.2383, 1.2667 ], [ -63.2655, 1.1978 ], [ -63.2328, 1.2002 ], [ -63.2266, 1.1523 ], [ -63.1923, 1.113 ], [ -63.1441, 1.1025 ], [ -63.1514, 1.0825 ], [ -63.2308, 1.086 ], [ -63.3516, 1.0263 ], [ -63.3731, 0.9814 ], [ -63.6987, 1.0031 ], [ -63.7363, 1.0166 ], [ -63.7347, 1.0587 ], [ -63.7706, 1.0995 ], [ -63.7972, 1.0956 ], [ -63.8909, 1.1328 ], [ -63.9003, 1.1643 ], [ -64.0088, 1.2641 ], [ -64.0317, 1.2526 ], [ -64.095, 1.1625 ], [ -64.1011, 1.2152 ], [ -64.1426, 1.2639 ], [ -64.2159, 1.2242 ], [ -64.2392, 1.1737 ], [ -64.2591, 1.2209 ], [ -64.2502, 1.2464 ], [ -64.2975, 1.2361 ], [ -64.3215, 1.2043 ], [ -64.3544, 1.2607 ], [ -64.4154, 1.2115 ], [ -64.4401, 1.0925 ], [ -64.485, 1.0661 ], [ -64.5948, 0.9304 ], [ -64.5769, 0.8635 ], [ -64.6228, 0.8675 ], [ -64.6557, 0.8949 ], [ -64.6964, 0.8914 ], [ -64.7657, 0.9606 ], [ -64.8818, 1.0233 ], [ -64.9117, 1.0233 ], [ -64.915, 0.991 ], [ -64.9423, 0.9584 ], [ -64.9453, 0.9147 ], [ -64.8892, 0.8259 ], [ -64.8933, 0.788 ], [ -64.872, 0.7368 ], [ -64.8902, 0.6705 ], [ -64.8682, 0.6261 ], [ -64.8206, 0.6255 ], [ -64.8514, 0.5918 ], [ -64.8435, 0.5422 ], [ -64.7883, 0.4949 ], [ -64.7808, 0.4264 ], [ -64.7958, 0.3595 ], [ -64.9635, 0.2075 ], [ -65.0281, -0.1265 ], [ -65.0753, -0.1364 ], [ -65.1001, -0.1643 ], [ -65.1266, -0.1283 ], [ -65.1099, -0.1124 ], [ -65.1305, -0.0682 ], [ -65.1201, -0.0535 ], [ -65.112, -0.0662 ], [ -65.1171, -0.0496 ], [ -65.0933, -0.0356 ], [ -65.0973, -0.0091 ], [ -65.0612, 0.004 ], [ -65.0555, 0.0313 ], [ -65.0758, 0.0381 ], [ -65.0434, 0.0569 ], [ -65.0411, 0.081 ], [ -65.0607, 0.1051 ], [ -65.0477, 0.1779 ], [ -65.0619, 0.2202 ], [ -65.036, 0.2726 ], [ -65.0525, 0.2882 ], [ -65.0304, 0.2967 ], [ -65.0985, 0.3616 ], [ -65.0786, 0.3918 ], [ -65.0769, 0.4906 ], [ -65.0566, 0.5156 ], [ -65.0688, 0.5434 ], [ -65.0543, 0.5805 ], [ -65.0565, 0.6791 ], [ -65.0978, 0.7113 ], [ -65.0806, 0.755 ], [ -65.1052, 0.7939 ], [ -65.1809, 0.8092 ], [ -65.2225, 0.7855 ], [ -65.2586, 0.8066 ], [ -65.2333, 0.9238 ], [ -65.2118, 0.9289 ], [ -65.2072, 0.9032 ], [ -65.1965, 0.9092 ], [ -65.1431, 1.0044 ], [ -65.1695, 1.0136 ], [ -65.1506, 1.051 ], [ -65.1579, 1.1227 ], [ -65.1018, 1.1552 ], [ -65.0943, 1.1323 ], [ -65.0681, 1.1504 ], [ -65.0631, 1.1106 ], [ -65.0142, 1.1075 ], [ -64.9613, 1.2006 ], [ -64.9167, 1.2162 ], [ -64.9025, 1.2378 ], [ -64.8783, 1.2174 ], [ -64.8366, 1.2866 ], [ -64.8023, 1.3129 ], [ -64.7876, 1.2961 ], [ -64.7924, 1.2713 ], [ -64.7574, 1.2262 ], [ -64.7278, 1.2322 ], [ -64.6994, 1.2766 ], [ -64.651, 1.2905 ], [ -64.6068, 1.3393 ], [ -64.5766, 1.341 ], [ -64.5697, 1.3897 ], [ -64.5235, 1.4244 ], [ -64.5256, 1.4413 ], [ -64.5102, 1.4371 ], [ -64.4702, 1.47 ], [ -64.4348, 1.4706 ], [ -64.4086, 1.5071 ], [ -64.373, 1.5235 ], [ -64.3508, 1.5176 ], [ -64.3493, 1.5 ], [ -64.4015, 1.4251 ], [ -64.3995, 1.3942 ], [ -64.3441, 1.3551 ], [ -64.3128, 1.4438 ], [ -64.297, 1.443 ], [ -64.2613, 1.4988 ], [ -64.1949, 1.5197 ], [ -64.1672, 1.5781 ], [ -64.1145, 1.587 ], [ -64.0866, 1.643 ], [ -64.0539, 1.6711 ], [ -64.0797, 1.7556 ], [ -64.0524, 1.809 ], [ -64.0712, 1.8522 ], [ -64.0573, 1.9294 ], [ -63.9737, 1.9899 ], [ -63.8925, 1.9888 ], [ -63.8408, 1.9604 ], [ -63.8222, 1.993 ], [ -63.7897, 1.9791 ], [ -63.754, 1.9858 ], [ -63.71, 2.0409 ], [ -63.6933, 2.0389 ], [ -63.6934, 2.0192 ], [ -63.6669, 2.0178 ], [ -63.6606, 2.0672 ], [ -63.631, 2.0725 ], [ -63.6197, 2.1036 ], [ -63.5922, 2.1229 ], [ -63.5329, 2.1324 ], [ -63.4941, 2.1121 ], [ -63.4716, 2.1421 ], [ -63.4378, 2.123 ], [ -63.4002, 2.1427 ], [ -63.3888, 2.1826 ], [ -63.3984, 2.1965 ], [ -63.3716, 2.2115 ], [ -63.3746, 2.2348 ] ], [ [ -62.594, 0.8578 ], [ -62.6049, 0.8933 ], [ -62.6272, 0.8863 ], [ -62.6046, 0.9243 ], [ -62.6406, 0.978 ], [ -62.7068, 0.9948 ], [ -62.7095, 0.965 ], [ -62.7506, 0.97 ], [ -62.7602, 0.9356 ], [ -62.6881, 0.8428 ], [ -62.594, 0.8578 ] ], [ [ -62.985, 1.4695 ], [ -62.8537, 1.5325 ], [ -62.8597, 1.6016 ], [ -62.8294, 1.6495 ], [ -62.8425, 1.698 ], [ -62.9019, 1.7148 ], [ -62.9828, 1.6559 ], [ -62.982, 1.5293 ], [ -62.9987, 1.4766 ], [ -62.985, 1.4695 ] ], [ [ -64.0855, 1.3641 ], [ -64.0694, 1.3662 ], [ -64.0622, 1.396 ], [ -63.9776, 1.3883 ], [ -63.9314, 1.4246 ], [ -63.8856, 1.4172 ], [ -63.8557, 1.4307 ], [ -63.8056, 1.6027 ], [ -63.7256, 1.5903 ], [ -63.6611, 1.6241 ], [ -63.6294, 1.5962 ], [ -63.5699, 1.5933 ], [ -63.5716, 1.6416 ], [ -63.4922, 1.7742 ], [ -63.51, 1.8181 ], [ -63.4935, 1.857 ], [ -63.52, 1.9355 ], [ -63.6007, 1.8927 ], [ -63.6573, 1.9485 ], [ -63.6848, 1.9488 ], [ -63.7996, 1.9247 ], [ -63.8116, 1.8834 ], [ -63.9212, 1.9099 ], [ -63.9375, 1.8916 ], [ -63.9603, 1.8965 ], [ -63.9838, 1.8484 ], [ -63.9364, 1.7881 ], [ -63.9322, 1.7536 ], [ -64.0105, 1.7153 ], [ -64.0019, 1.6646 ], [ -63.9611, 1.625 ], [ -63.998, 1.6093 ], [ -64.003, 1.5657 ], [ -64.0443, 1.5592 ], [ -64.1071, 1.4747 ], [ -64.1485, 1.4591 ], [ -64.1005, 1.4517 ], [ -64.1057, 1.4011 ], [ -64.0855, 1.3641 ] ] ] } },
{ "type": "Feature", "properties": { "tipo": "UC", "nome": "RESERVA DE DESENVOLVIMENTO SUSTENTáVEL VITóRIA DE SOUZEL" }, "geometry": { "type": "Polygon", "coordinates": [ [ [ -51.9457, -2.6692 ], [ -51.9627, -2.7361 ], [ -51.9356, -2.7959 ], [ -51.8997, -2.8149 ], [ -51.8856, -2.8486 ], [ -51.9095, -2.9008 ], [ -51.9667, -2.8583 ], [ -51.9939, -2.8565 ], [ -52.0636, -2.76 ], [ -52.0522, -2.7214 ], [ -52.0402, -2.7309 ], [ -51.9926, -2.711 ], [ -51.9643, -2.6801 ], [ -52.0118, -2.6496 ], [ -51.9457, -2.6692 ] ] ] } },
{ "type": "Feature", "properties": { "tipo": "UC", "nome": "RESERVA EXTRATIVISTA FREIJÓ" }, "geometry": { "type": "Polygon", "coordinates": [ [ [ -62.1291, -9.5876 ], [ -62.0946, -9.5815 ], [ -62.0928, -9.5929 ], [ -62.1291, -9.5876 ] ] ] } },
{ "type": "Feature", "properties": { "tipo": "UC", "nome": "ÁREA DE PROTEÇÃO AMBIENTAL DA ILHA DO COMBU" }, "geometry": { "type": "Polygon", "coordinates": [ [ [ -48.46, -1.4892 ], [ -48.4315, -1.5029 ], [ -48.4599, -1.5202 ], [ -48.4926, -1.5 ], [ -48.46, -1.4892 ] ] ] } },
{ "type": "Feature", "properties": { "tipo": "UC", "nome": "RESERVA EXTRATIVISTA BAIXO RIO BRANCO JAUAPERI" }, "geometry": { "type": "Polygon", "coordinates": [ [ [ -61.8889, -0.9939 ], [ -61.8364, -0.923 ], [ -61.8247, -0.9543 ], [ -61.775, -0.9279 ], [ -61.7363, -0.947 ], [ -61.7112, -0.9122 ], [ -61.7369, -0.8673 ], [ -61.7323, -0.8218 ], [ -61.6921, -0.738 ], [ -61.7242, -0.713 ], [ -61.7247, -0.6492 ], [ -61.7056, -0.6283 ], [ -61.723, -0.5914 ], [ -61.7144, -0.527 ], [ -61.7305, -0.4943 ], [ -61.7025, -0.4641 ], [ -61.7019, -0.419 ], [ -61.6786, -0.3964 ], [ -61.6929, -0.3631 ], [ -61.7183, -0.3507 ], [ -61.6464, -0.2804 ], [ -61.6169, -0.2724 ], [ -61.6036, -0.2048 ], [ -61.5466, -0.1361 ], [ -61.4323, -0.1347 ], [ -61.4077, -0.2383 ], [ -61.4153, -0.2856 ], [ -61.3912, -0.3534 ], [ -61.4335, -0.4402 ], [ -61.441, -0.5632 ], [ -61.4287, -0.5828 ], [ -61.4499, -0.6518 ], [ -61.4318, -0.6527 ], [ -61.4316, -0.6307 ], [ -61.3596, -0.5938 ], [ -61.2844, -0.5697 ], [ -61.2332, -0.7132 ], [ -61.2454, -0.7364 ], [ -61.3003, -0.7546 ], [ -61.5199, -1.1921 ], [ -61.4494, -1.2173 ], [ -61.362, -1.5405 ], [ -61.3775, -1.5495 ], [ -61.4125, -1.5353 ], [ -61.4232, -1.5106 ], [ -61.4489, -1.5019 ], [ -61.4683, -1.5906 ], [ -61.521, -1.5383 ], [ -61.5681, -1.451 ], [ -61.6201, -1.4146 ], [ -61.7225, -1.395 ], [ -61.7797, -1.36 ], [ -61.8206, -1.3924 ], [ -61.8536, -1.388 ], [ -61.8719, -1.33 ], [ -61.8386, -1.258 ], [ -61.8806, -1.1222 ], [ -61.8583, -1.0569 ], [ -61.8889, -0.9939 ] ] ] } },
{ "type": "Feature", "properties": { "tipo": "UC", "nome": "ÁREA DE PROTEÇÃO AMBIENTAL LAGO DE SANTA ISABEL" }, "geometry": { "type": "Polygon", "coordinates": [ [ [ -48.6413, -6.5014 ], [ -48.6089, -6.4499 ], [ -48.5395, -6.3992 ], [ -48.5063, -6.3527 ], [ -48.4477, -6.3502 ], [ -48.383, -6.3796 ], [ -48.3768, -6.3373 ], [ -48.4183, -6.2975 ], [ -48.4361, -6.1868 ], [ -48.415, -6.1557 ], [ -48.3311, -6.134 ], [ -48.3268, -6.1522 ], [ -48.3561, -6.1949 ], [ -48.3939, -6.1707 ], [ -48.4223, -6.2028 ], [ -48.3956, -6.2339 ], [ -48.4083, -6.2492 ], [ -48.396, -6.2584 ], [ -48.4076, -6.2701 ], [ -48.3999, -6.2944 ], [ -48.3621, -6.307 ], [ -48.3612, -6.3302 ], [ -48.3438, -6.3352 ], [ -48.3524, -6.3477 ], [ -48.3302, -6.3502 ], [ -48.3324, -6.3694 ], [ -48.3098, -6.3776 ], [ -48.3163, -6.3856 ], [ -48.3249, -6.3806 ], [ -48.3329, -6.3821 ], [ -48.3356, -6.3847 ], [ -48.3071, -6.4078 ], [ -48.3447, -6.3979 ], [ -48.3506, -6.363 ], [ -48.3593, -6.3854 ], [ -48.3967, -6.3831 ], [ -48.4126, -6.4002 ], [ -48.4319, -6.3628 ], [ -48.4805, -6.3758 ], [ -48.4976, -6.3668 ], [ -48.555, -6.4366 ], [ -48.603, -6.4599 ], [ -48.6244, -6.5085 ], [ -48.6413, -6.5014 ] ] ] } },
{ "type": "Feature", "properties": { "tipo": "UC", "nome": "RESERVA PARTICULAR DO PATRIMÔNIO NATURAL AURORA NATURA" }, "geometry": { "type": "Polygon", "coordinates": [ [ [ -46.3998, -12.7101 ], [ -46.3972, -12.7086 ], [ -46.395, -12.7123 ], [ -46.3998, -12.7101 ] ] ] } },
{ "type": "Feature", "properties": { "tipo": "UC", "nome": "PARQUE ESTADUAL DE GUAJARÁ-MIRIM" }, "geometry": { "type": "Polygon", "coordinates": [ [ [ -64.449, -10.2871 ], [ -64.4393, -10.3956 ], [ -64.4539, -10.4223 ], [ -64.3772, -10.4052 ], [ -64.2719, -10.5552 ], [ -64.2016, -10.5594 ], [ -63.9909, -10.7232 ], [ -63.9839, -10.7494 ], [ -64.0529, -10.7799 ], [ -64.1152, -10.7571 ], [ -64.1259, -10.777 ], [ -64.1581, -10.7847 ], [ -64.2361, -10.7524 ], [ -64.3447, -10.7565 ], [ -64.3664, -10.7755 ], [ -64.4078, -10.7689 ], [ -64.4078, -10.7328 ], [ -64.4298, -10.7328 ], [ -64.4298, -10.7057 ], [ -64.4722, -10.6878 ], [ -64.4721, -10.6192 ], [ -64.5834, -10.6192 ], [ -64.5763, -10.6335 ], [ -64.6746, -10.6348 ], [ -64.7284, -10.6533 ], [ -64.73, -10.6214 ], [ -64.7126, -10.6094 ], [ -64.7222, -10.589 ], [ -64.7755, -10.5891 ], [ -64.7772, -10.5592 ], [ -64.7365, -10.5576 ], [ -64.71, -10.5338 ], [ -64.6918, -10.557 ], [ -64.6747, -10.5282 ], [ -64.679, -10.4778 ], [ -64.6442, -10.4408 ], [ -64.627, -10.3851 ], [ -64.5828, -10.3617 ], [ -64.5641, -10.3207 ], [ -64.5352, -10.3061 ], [ -64.5222, -10.2692 ], [ -64.4806, -10.2286 ], [ -64.449, -10.2871 ] ] ] } },
{ "type": "Feature", "properties": { "tipo": "UC", "nome": "RESERVA EXTRATIVISTA GARROTE" }, "geometry": { "type": "Polygon", "coordinates": [ [ [ -61.9969, -9.509 ], [ -61.9927, -9.5259 ], [ -62.0139, -9.5571 ], [ -62.018, -9.5231 ], [ -61.9969, -9.509 ] ] ] } },
{ "type": "Feature", "properties": { "tipo": "UC", "nome": "RESERVA EXTRATIVISTA MARINHA ARAI-PEROBA" }, "geometry": { "type": "MultiPolygon", "coordinates": [ [ [ [ -46.6349, -0.9684 ], [ -46.6035, -0.9574 ], [ -46.5724, -0.9699 ], [ -46.5571, -0.9192 ], [ -46.5334, -0.899 ], [ -46.5319, -0.9806 ], [ -46.5104, -0.9485 ], [ -46.504, -0.8829 ], [ -46.4899, -0.8745 ], [ -46.4645, -0.8893 ], [ -46.4666, -0.8743 ], [ -46.4397, -0.8824 ], [ -46.4258, -0.8665 ], [ -46.414, -0.8849 ], [ -46.4429, -0.909 ], [ -46.46, -0.9035 ], [ -46.4814, -0.9188 ], [ -46.488, -0.9373 ], [ -46.4688, -0.935 ], [ -46.4667, -0.9522 ], [ -46.4817, -0.9494 ], [ -46.476, -0.9636 ], [ -46.4973, -0.9769 ], [ -46.469, -0.9825 ], [ -46.4699, -1.0257 ], [ -46.4335, -1.026 ], [ -46.3994, -0.9958 ], [ -46.3944, -0.9973 ], [ -46.3926, -1.0276 ], [ -46.3852, -1.0401 ], [ -46.3613, -1.0117 ], [ -46.343, -1.0132 ], [ -46.3331, -1.0466 ], [ -46.3502, -1.0893 ], [ -46.352, -1.1405 ], [ -46.3758, -1.0705 ], [ -46.3869, -1.0913 ], [ -46.4104, -1.0789 ], [ -46.4182, -1.1046 ], [ -46.4406, -1.0945 ], [ -46.4397, -1.11 ], [ -46.4492, -1.1203 ], [ -46.4522, -1.0668 ], [ -46.4708, -1.0852 ], [ -46.4789, -1.1212 ], [ -46.4863, -1.1268 ], [ -46.4827, -1.0821 ], [ -46.4987, -1.089 ], [ -46.5, -1.0665 ], [ -46.5092, -1.0758 ], [ -46.5237, -1.0485 ], [ -46.5492, -1.0741 ], [ -46.553, -1.0453 ], [ -46.596, -1.0464 ], [ -46.6049, -1.0622 ], [ -46.6077, -1.0291 ], [ -46.6147, -1.0469 ], [ -46.6032, -1.0691 ], [ -46.6188, -1.0608 ], [ -46.6274, -1.0734 ], [ -46.6351, -1.0753 ], [ -46.6256, -1.0454 ], [ -46.6387, -1.0118 ], [ -46.6197, -1.0073 ], [ -46.6233, -0.9947 ], [ -46.6476, -0.9968 ], [ -46.6089, -0.9822 ], [ -46.6062, -0.9597 ], [ -46.6351, -0.9706 ], [ -46.6192, -0.9732 ], [ -46.628, -0.9841 ], [ -46.6399, -0.9825 ], [ -46.6349, -0.9684 ] ], [ [ -46.5872, -0.9812 ], [ -46.5956, -0.9746 ], [ -46.5996, -0.9805 ], [ -46.5872, -0.9812 ] ] ], [ [ [ -46.4797, -0.9729 ], [ -46.4852, -0.9734 ], [ -46.4796, -0.972 ], [ -46.4797, -0.9729 ] ] ], [ [ [ -46.4689, -0.9663 ], [ -46.4756, -0.9682 ], [ -46.4693, -0.9645 ], [ -46.4689, -0.9663 ] ] ], [ [ [ -46.6417, -0.9684 ], [ -46.644, -0.9653 ], [ -46.6433, -0.965 ], [ -46.6417, -0.9684 ] ] ], [ [ [ -46.5198, -0.9539 ], [ -46.5306, -0.9477 ], [ -46.5248, -0.9439 ], [ -46.5198, -0.9539 ] ] ], [ [ [ -46.6224, -0.9579 ], [ -46.6213, -0.9472 ], [ -46.6099, -0.9509 ], [ -46.6224, -0.9579 ] ] ], [ [ [ -46.5179, -0.9502 ], [ -46.525, -0.9366 ], [ -46.519, -0.9318 ], [ -46.5122, -0.9355 ], [ -46.5179, -0.9502 ] ] ], [ [ [ -46.5072, -0.8941 ], [ -46.5104, -0.8917 ], [ -46.5066, -0.8912 ], [ -46.5072, -0.8941 ] ] ], [ [ [ -46.3418, -1.1024 ], [ -46.343, -1.1051 ], [ -46.345, -1.0976 ], [ -46.3418, -1.1024 ] ] ], [ [ [ -46.3451, -1.0974 ], [ -46.345, -1.0975 ], [ -46.345, -1.0976 ], [ -46.3451, -1.0974 ] ] ], [ [ [ -46.3897, -1.0248 ], [ -46.3841, -1.0366 ], [ -46.3848, -1.0369 ], [ -46.3897, -1.0248 ] ] ], [ [ [ -46.375, -1.0188 ], [ -46.3841, -1.007 ], [ -46.3782, -1.0032 ], [ -46.375, -1.0188 ] ] ], [ [ [ -46.4489, -1.0162 ], [ -46.4396, -1.0092 ], [ -46.4336, -1.0085 ], [ -46.4352, -1.0161 ], [ -46.4489, -1.0162 ] ] ], [ [ [ -46.4139, -0.9421 ], [ -46.4173, -0.9772 ], [ -46.4362, -0.9901 ], [ -46.4139, -0.9421 ] ] ], [ [ [ -46.4609, -0.9149 ], [ -46.4616, -0.9093 ], [ -46.4575, -0.9068 ], [ -46.4609, -0.9149 ] ] ] ] } },
{ "type": "Feature", "properties": { "tipo": "UC", "nome": "PARQUE NATURAL MUNICIPAL DE REDENçãO" }, "geometry": { "type": "Polygon", "coordinates": [ [ [ -50.0414, -8.0312 ], [ -50.0369, -8.0307 ], [ -50.0402, -8.0352 ], [ -50.0414, -8.0312 ] ] ] } },
{ "type": "Feature", "properties": { "tipo": "UC", "nome": "RESERVA EXTRATIVISTA LAGO DO CEDRO" }, "geometry": { "type": "MultiPolygon", "coordinates": [ [ [ [ -51.0886, -14.8401 ], [ -51.0888, -14.8399 ], [ -51.0885, -14.8394 ], [ -51.0886, -14.8401 ] ] ], [ [ [ -51.0472, -14.7954 ], [ -51.0521, -14.8031 ], [ -51.059, -14.8037 ], [ -51.0472, -14.7954 ] ] ], [ [ [ -51.0465, -14.7748 ], [ -51.0417, -14.7839 ], [ -51.0435, -14.7904 ], [ -51.0424, -14.7846 ], [ -51.0465, -14.7748 ] ] ], [ [ [ -51.0469, -14.7741 ], [ -51.0469, -14.774 ], [ -51.0468, -14.7743 ], [ -51.0469, -14.7741 ] ] ], [ [ [ -51.0305, -14.6866 ], [ -51.026, -14.6939 ], [ -51.0283, -14.6997 ], [ -51.0305, -14.6866 ] ] ] ] } },
{ "type": "Feature", "properties": { "tipo": "UC", "nome": "RESERVA BIOLÓGICA DO UATUMÃ" }, "geometry": { "type": "Polygon", "coordinates": [ [ [ -59.4114, -0.7187 ], [ -59.4212, -0.7535 ], [ -59.3674, -0.7799 ], [ -59.3185, -0.7667 ], [ -59.274, -0.8134 ], [ -59.2571, -0.7995 ], [ -59.2342, -0.8105 ], [ -59.2265, -0.8403 ], [ -59.1192, -0.928 ], [ -59.1271, -0.9499 ], [ -59.1034, -0.9785 ], [ -59.0689, -0.976 ], [ -59.0426, -1.0174 ], [ -58.9928, -1.0249 ], [ -58.937, -1.0859 ], [ -58.8776, -1.1025 ], [ -58.8531, -1.1451 ], [ -58.8063, -1.1432 ], [ -58.7914, -1.1658 ], [ -58.8529, -1.2029 ], [ -58.8596, -1.2191 ], [ -58.8402, -1.228 ], [ -58.8737, -1.2345 ], [ -58.9216, -1.2737 ], [ -58.9479, -1.3839 ], [ -58.9725, -1.3831 ], [ -59.034, -1.4328 ], [ -59.056, -1.4862 ], [ -59.0484, -1.5064 ], [ -59.0685, -1.5499 ], [ -59.0983, -1.5553 ], [ -59.1243, -1.6379 ], [ -59.1067, -1.7297 ], [ -59.1496, -1.8371 ], [ -59.3867, -1.8175 ], [ -59.4336, -1.5697 ], [ -59.8735, -1.3445 ], [ -60.1673, -1.2422 ], [ -60.1962, -1.2013 ], [ -60.1748, -1.1113 ], [ -60.0967, -1.0668 ], [ -60.0704, -1.0834 ], [ -60.0423, -1.0386 ], [ -60.0293, -0.9655 ], [ -60.0566, -0.9225 ], [ -60.0454, -0.906 ], [ -60.0699, -0.8552 ], [ -59.9294, -0.8518 ], [ -59.902, -0.872 ], [ -59.834, -0.8411 ], [ -59.7754, -0.9211 ], [ -59.744, -0.9205 ], [ -59.7183, -0.9596 ], [ -59.656, -0.9851 ], [ -59.582, -0.9508 ], [ -59.5491, -0.9555 ], [ -59.5261, -0.9307 ], [ -59.5664, -0.8631 ], [ -59.5601, -0.838 ], [ -59.5054, -0.7775 ], [ -59.464, -0.7614 ], [ -59.4457, -0.7246 ], [ -59.4114, -0.7187 ] ] ] } },
{ "type": "Feature", "properties": { "tipo": "UC", "nome": "ESTAÇÃO ECOLÓGICA DO GRÃO PARÁ" }, "geometry": { "type": "Polygon", "coordinates": [ [ [ -56.938, 0.8154 ], [ -56.9802, 0.8126 ], [ -57.0316, 0.7742 ], [ -57.088, 0.7784 ], [ -57.1636, 0.7322 ], [ -57.1871, 0.7367 ], [ -57.2132, 0.6855 ], [ -57.2769, 0.6715 ], [ -57.3342, 0.6325 ], [ -57.3911, 0.6784 ], [ -57.4397, 0.6756 ], [ -57.4576, 0.6929 ], [ -57.4909, 0.681 ], [ -57.5492, 0.6925 ], [ -57.564, 0.7118 ], [ -57.6166, 0.6993 ], [ -57.662, 0.7371 ], [ -57.7102, 0.7221 ], [ -57.8155, 0.7555 ], [ -57.8994, 0.7552 ], [ -57.9086, 0.7676 ], [ -57.9605, 0.7453 ], [ -58.0616, 0.7566 ], [ -58.1164, 0.7332 ], [ -58.1464, 0.6902 ], [ -58.2241, 0.6653 ], [ -58.2758, 0.6733 ], [ -58.3093, 0.6193 ], [ -58.3475, 0.6146 ], [ -58.355, 0.6584 ], [ -58.3205, 0.7108 ], [ -58.3095, 0.7682 ], [ -58.364, 0.8108 ], [ -58.3652, 0.8277 ], [ -58.3347, 0.8388 ], [ -58.3807, 0.9238 ], [ -58.4432, 0.9235 ], [ -58.4898, 0.8697 ], [ -58.5646, 0.8594 ], [ -58.6108, 0.8159 ], [ -58.6733, 0.8788 ], [ -58.6945, 0.8789 ], [ -58.7057, 0.9114 ], [ -58.859, 0.9356 ], [ -58.8951, 0.9056 ], [ -58.895, 1.2277 ], [ -58.8725, 1.2179 ], [ -58.8565, 1.1825 ], [ -58.8305, 1.1877 ], [ -58.8235, 1.1693 ], [ -58.7713, 1.1857 ], [ -58.7518, 1.2081 ], [ -58.7396, 1.1999 ], [ -58.7144, 1.2364 ], [ -58.7104, 1.2899 ], [ -58.6954, 1.2971 ], [ -58.6634, 1.2788 ], [ -58.6284, 1.2881 ], [ -58.5889, 1.261 ], [ -58.5646, 1.2946 ], [ -58.5429, 1.2891 ], [ -58.5216, 1.2559 ], [ -58.513, 1.2772 ], [ -58.4978, 1.2663 ], [ -58.4569, 1.3726 ], [ -58.5052, 1.4032 ], [ -58.5087, 1.4621 ], [ -58.4469, 1.4559 ], [ -58.3726, 1.4758 ], [ -58.3951, 1.5229 ], [ -58.3412, 1.5511 ], [ -58.3446, 1.5757 ], [ -58.3224, 1.597 ], [ -58.3199, 1.565 ], [ -58.2604, 1.5695 ], [ -58.2334, 1.5455 ], [ -58.1931, 1.5722 ], [ -58.1607, 1.5601 ], [ -58.1491, 1.5075 ], [ -58.1301, 1.4978 ], [ -58.0975, 1.5136 ], [ -58.0696, 1.5067 ], [ -58.0621, 1.5245 ], [ -58.0043, 1.5031 ], [ -57.9777, 1.5698 ], [ -57.9777, 1.6256 ], [ -58.0026, 1.6457 ], [ -57.9902, 1.6565 ], [ -57.926, 1.6399 ], [ -57.8945, 1.6743 ], [ -57.8013, 1.6817 ], [ -57.7927, 1.7239 ], [ -57.7758, 1.7272 ], [ -57.716, 1.7093 ], [ -57.7044, 1.7216 ], [ -57.6533, 1.6795 ], [ -57.627, 1.6989 ], [ -57.5566, 1.6898 ], [ -57.5376, 1.7005 ], [ -57.5413, 1.7204 ], [ -57.5143, 1.7231 ], [ -57.5015, 1.7864 ], [ -57.446, 1.8095 ], [ -57.4335, 1.906 ], [ -57.3677, 1.9238 ], [ -57.3567, 1.9443 ], [ -57.3691, 1.9564 ], [ -57.3459, 1.9801 ], [ -57.3132, 1.9772 ], [ -57.3071, 1.9967 ], [ -57.2687, 1.9831 ], [ -57.2758, 1.9678 ], [ -57.2293, 1.9376 ], [ -57.1999, 1.9787 ], [ -57.1475, 1.9891 ], [ -57.1166, 2.0279 ], [ -57.0867, 2.0265 ], [ -57.0649, 1.9524 ], [ -57.0307, 1.9457 ], [ -57.006, 1.9081 ], [ -56.9748, 1.9017 ], [ -56.9584, 1.9224 ], [ -56.9197, 1.9304 ], [ -56.9055, 1.8983 ], [ -56.8308, 1.8884 ], [ -56.7996, 1.8725 ], [ -56.7944, 1.8498 ], [ -56.7209, 1.9235 ], [ -56.6662, 1.9115 ], [ -56.6243, 1.9448 ], [ -56.5986, 1.9365 ], [ -56.5824, 1.9047 ], [ -56.497, 1.9336 ], [ -56.4835, 1.9533 ], [ -56.4365, 1.9512 ], [ -56.3933, 1.9214 ], [ -56.3799, 1.9329 ], [ -56.4348, 1.8546 ], [ -56.1582, 1.6654 ], [ -56.3148, 0.9396 ], [ -56.2994, 0.8344 ], [ -56.1212, 0.6878 ], [ -56.0218, 0.5391 ], [ -55.9756, 0.6092 ], [ -55.202, 0.8647 ], [ -55.1888, 0.7707 ], [ -55.2187, 0.7119 ], [ -55.122, 0.686 ], [ -55.0671, 0.6981 ], [ -55.0568, 0.6809 ], [ -55.0878, 0.6241 ], [ -55.0148, 0.453 ], [ -55.0507, 0.3366 ], [ -55.0504, 0.2353 ], [ -55.0257, 0.2488 ], [ -54.9635, 0.3478 ], [ -54.9114, 0.3549 ], [ -54.9032, 0.3732 ], [ -54.8788, 0.3609 ], [ -54.8632, 0.37 ], [ -54.8153, 0.2447 ], [ -54.7707, 0.1776 ], [ -54.7687, 0.1472 ], [ -54.7183, 0.114 ], [ -54.6752, 0.0296 ], [ -54.6085, -0.0231 ], [ -54.609, -0.0731 ], [ -54.6323, -0.0949 ], [ -54.6432, -0.1743 ], [ -54.6018, -0.3886 ], [ -54.8075, -0.236 ], [ -54.9018, -0.1299 ], [ -54.9504, -0.1072 ], [ -55.082, -0.1364 ], [ -55.1402, -0.1684 ], [ -55.1429, -0.2669 ], [ -55.1753, -0.3518 ], [ -55.1836, -0.4351 ], [ -55.2102, -0.4287 ], [ -55.3031, -0.3413 ], [ -55.318, -0.2754 ], [ -55.3657, -0.2451 ], [ -55.4008, -0.2672 ], [ -55.4084, -0.2947 ], [ -55.4687, -0.3205 ], [ -55.4954, -0.3687 ], [ -55.5605, -0.3759 ], [ -55.6065, -0.3996 ], [ -55.6012, -0.3298 ], [ -55.5483, -0.2032 ], [ -55.5067, -0.1675 ], [ -55.4942, -0.1315 ], [ -55.4523, -0.1165 ], [ -55.4225, -0.0374 ], [ -55.4536, -0.004 ], [ -55.4443, 0.0109 ], [ -55.4699, 0.0735 ], [ -55.4223, 0.1663 ], [ -55.4235, 0.2123 ], [ -55.4548, 0.2437 ], [ -55.4517, 0.2805 ], [ -55.4897, 0.2813 ], [ -55.5857, 0.3579 ], [ -55.6167, 0.3219 ], [ -55.6342, 0.3341 ], [ -55.6808, 0.3106 ], [ -55.7251, 0.3131 ], [ -55.8036, 0.2391 ], [ -55.8488, 0.2671 ], [ -55.859, 0.2849 ], [ -55.8486, 0.3111 ], [ -55.9014, 0.3598 ], [ -55.9786, 0.3478 ], [ -56.0139, 0.3581 ], [ -56.0208, 0.3799 ], [ -56.0972, 0.4016 ], [ -56.1205, 0.3823 ], [ -56.136, 0.4163 ], [ -56.113, 0.477 ], [ -56.1099, 0.5525 ], [ -56.1603, 0.5444 ], [ -56.2738, 0.5891 ], [ -56.2798, 0.62 ], [ -56.3035, 0.6375 ], [ -56.3014, 0.6746 ], [ -56.3575, 0.7301 ], [ -56.3955, 0.7106 ], [ -56.4099, 0.6818 ], [ -56.4552, 0.6694 ], [ -56.4651, 0.6484 ], [ -56.4871, 0.6663 ], [ -56.4861, 0.7054 ], [ -56.5137, 0.681 ], [ -56.6057, 0.65 ], [ -56.6736, 0.6827 ], [ -56.771, 0.6852 ], [ -56.8512, 0.5998 ], [ -56.88, 0.662 ], [ -56.8723, 0.7059 ], [ -56.9018, 0.7273 ], [ -56.8977, 0.7624 ], [ -56.938, 0.8154 ] ] ] } },
{ "type": "Feature", "properties": { "tipo": "UC", "nome": "RESERVA EXTRATIVISTA ITUXí" }, "geometry": { "type": "Polygon", "coordinates": [ [ [ -65.213, -7.8703 ], [ -65.1427, -7.8703 ], [ -65.1523, -7.891 ], [ -65.1204, -7.9234 ], [ -65.1139, -7.9579 ], [ -65.075, -8.0125 ], [ -65.026, -8.0415 ], [ -65.0107, -8.088 ], [ -64.9694, -8.0726 ], [ -64.8984, -8.1175 ], [ -64.9024, -8.1479 ], [ -64.8677, -8.183 ], [ -64.8909, -8.2122 ], [ -64.6398, -8.3688 ], [ -64.6217, -8.3568 ], [ -64.603, -8.4161 ], [ -64.5963, -8.4917 ], [ -64.6075, -8.5033 ], [ -64.5522, -8.5119 ], [ -64.5491, -8.5391 ], [ -64.5956, -8.6103 ], [ -64.6173, -8.6073 ], [ -64.6553, -8.6331 ], [ -64.747, -8.5051 ], [ -64.8245, -8.4374 ], [ -64.8801, -8.415 ], [ -64.8608, -8.4724 ], [ -64.8842, -8.5229 ], [ -64.9891, -8.4736 ], [ -65.0034, -8.5407 ], [ -65.0272, -8.5155 ], [ -65.1214, -8.5197 ], [ -65.1959, -8.5654 ], [ -65.2597, -8.6615 ], [ -65.3341, -8.6306 ], [ -65.355, -8.6555 ], [ -65.338, -8.7102 ], [ -65.3508, -8.7333 ], [ -65.3702, -8.7213 ], [ -65.3892, -8.7415 ], [ -65.4095, -8.718 ], [ -65.4089, -8.7317 ], [ -65.4248, -8.7302 ], [ -65.4519, -8.6879 ], [ -65.4663, -8.7209 ], [ -65.4975, -8.7397 ], [ -65.4914, -8.7532 ], [ -65.479, -8.7466 ], [ -65.4717, -8.8638 ], [ -65.4929, -8.924 ], [ -65.5165, -8.9346 ], [ -65.5813, -8.9059 ], [ -65.5995, -8.965 ], [ -65.6318, -8.9657 ], [ -65.6505, -8.9866 ], [ -65.7251, -8.9984 ], [ -65.7827, -8.9713 ], [ -65.8079, -8.9827 ], [ -65.8318, -8.9616 ], [ -65.8261, -8.9161 ], [ -65.7773, -8.8457 ], [ -65.7778, -8.7805 ], [ -65.7526, -8.7289 ], [ -65.718, -8.7286 ], [ -65.7036, -8.7127 ], [ -65.6738, -8.595 ], [ -65.6586, -8.5699 ], [ -65.6316, -8.5848 ], [ -65.6291, -8.5685 ], [ -65.6088, -8.564 ], [ -65.6121, -8.5339 ], [ -65.5707, -8.5053 ], [ -65.5713, -8.482 ], [ -65.552, -8.4714 ], [ -65.5608, -8.4579 ], [ -65.5439, -8.4478 ], [ -65.5939, -8.3565 ], [ -65.618, -8.3648 ], [ -65.6091, -8.3284 ], [ -65.6407, -8.3283 ], [ -65.6492, -8.3515 ], [ -65.6725, -8.326 ], [ -65.7148, -8.3295 ], [ -65.7167, -8.2588 ], [ -65.763, -8.2426 ], [ -65.7666, -8.2189 ], [ -65.6766, -8.1716 ], [ -65.6182, -8.1064 ], [ -65.6336, -8.0752 ], [ -65.5533, -7.9991 ], [ -65.5306, -7.9391 ], [ -65.5201, -7.9613 ], [ -65.4888, -7.9723 ], [ -65.4674, -7.9392 ], [ -65.4055, -7.9158 ], [ -65.3975, -7.9355 ], [ -65.3742, -7.9325 ], [ -65.3442, -7.8827 ], [ -65.2512, -7.8694 ], [ -65.2283, -7.8998 ], [ -65.213, -7.8703 ] ] ] } },
{ "type": "Feature", "properties": { "tipo": "UC", "nome": "RESERVA BIOLÓGICA DO TAPIRAPÉ" }, "geometry": { "type": "Polygon", "coordinates": [ [ [ -50.5173, -5.5608 ], [ -50.479, -5.5636 ], [ -50.4456, -5.6126 ], [ -50.3756, -5.6181 ], [ -50.3493, -5.654 ], [ -50.3099, -5.6701 ], [ -50.2861, -5.6631 ], [ -50.2789, -5.6787 ], [ -50.2934, -5.6766 ], [ -50.331, -5.7362 ], [ -50.3747, -5.7413 ], [ -50.4088, -5.7912 ], [ -50.4283, -5.807 ], [ -50.4433, -5.7925 ], [ -50.4281, -5.8042 ], [ -50.4301, -5.7884 ], [ -50.4108, -5.7879 ], [ -50.4195, -5.7741 ], [ -50.4917, -5.7348 ], [ -50.5242, -5.697 ], [ -50.5112, -5.6872 ], [ -50.5599, -5.6863 ], [ -50.5788, -5.6631 ], [ -50.5999, -5.6715 ], [ -50.6076, -5.6557 ], [ -50.6241, -5.6631 ], [ -50.6646, -5.6397 ], [ -50.6869, -5.6464 ], [ -50.685, -5.6624 ], [ -50.7346, -5.6486 ], [ -50.725, -5.6664 ], [ -50.8041, -5.6549 ], [ -50.8219, -5.6694 ], [ -50.8273, -5.6574 ], [ -50.8437, -5.6841 ], [ -50.8267, -5.6904 ], [ -50.8373, -5.7024 ], [ -50.8554, -5.6882 ], [ -50.8396, -5.6729 ], [ -50.8416, -5.6683 ], [ -50.871, -5.6742 ], [ -50.8685, -5.684 ], [ -50.8593, -5.6847 ], [ -50.8523, -5.6971 ], [ -50.853, -5.7037 ], [ -50.8552, -5.7046 ], [ -50.8772, -5.6734 ], [ -50.9465, -5.6457 ], [ -50.9271, -5.632 ], [ -50.9414, -5.6126 ], [ -50.9274, -5.5807 ], [ -50.7439, -5.5186 ], [ -50.7056, -5.5155 ], [ -50.6397, -5.5405 ], [ -50.5408, -5.5339 ], [ -50.5097, -5.5452 ], [ -50.5173, -5.5608 ] ] ] } },
{ "type": "Feature", "properties": { "tipo": "UC", "nome": "PARQUE MUNICIPAL DA CACIMBA" }, "geometry": { "type": "Polygon", "coordinates": [ [ [ -60.9477, -2.6245 ], [ -60.9471, -2.6274 ], [ -60.9482, -2.6248 ], [ -60.9477, -2.6245 ] ] ] } },
{ "type": "Feature", "properties": { "tipo": "UC", "nome": "ÁREA DE PROTEÇÃO AMBIENTAL DE PRESIDENTE FIGUEIREDO - CAVERNA DO MOROAGA" }, "geometry": { "type": "Polygon", "coordinates": [ [ [ -60.3524, -1.2012 ], [ -60.3112, -1.2126 ], [ -60.317, -1.2251 ], [ -60.3202, -1.2264 ], [ -60.3235, -1.2303 ], [ -60.3232, -1.2317 ], [ -60.3097, -1.2296 ], [ -60.3061, -1.2076 ], [ -60.2892, -1.2078 ], [ -60.2953, -1.2262 ], [ -60.2892, -1.2175 ], [ -60.2835, -1.232 ], [ -60.247, -1.2061 ], [ -60.2607, -1.2401 ], [ -60.2278, -1.2477 ], [ -60.2329, -1.261 ], [ -60.1984, -1.2786 ], [ -60.1685, -1.2738 ], [ -60.155, -1.3054 ], [ -60.1695, -1.3042 ], [ -60.1681, -1.3131 ], [ -60.1323, -1.3217 ], [ -60.1683, -1.3411 ], [ -60.1616, -1.3571 ], [ -60.178, -1.3459 ], [ -60.1747, -1.3589 ], [ -60.2001, -1.359 ], [ -60.1833, -1.3796 ], [ -60.2096, -1.3662 ], [ -60.2113, -1.3979 ], [ -60.2377, -1.4012 ], [ -60.2088, -1.4011 ], [ -60.2325, -1.4135 ], [ -60.2081, -1.429 ], [ -60.231, -1.4601 ], [ -60.2022, -1.445 ], [ -60.1811, -1.4553 ], [ -60.186, -1.4721 ], [ -60.1714, -1.4812 ], [ -60.1895, -1.4971 ], [ -60.1553, -1.5126 ], [ -60.1773, -1.5296 ], [ -60.135, -1.5225 ], [ -60.1387, -1.5557 ], [ -60.1171, -1.5661 ], [ -60.1245, -1.5345 ], [ -60.0901, -1.5438 ], [ -60.0913, -1.5665 ], [ -60.0884, -1.549 ], [ -60.0768, -1.5355 ], [ -60.0807, -1.5579 ], [ -60.0388, -1.5337 ], [ -60.0567, -1.5795 ], [ -60.0669, -1.5719 ], [ -60.0874, -1.5966 ], [ -60.0728, -1.5923 ], [ -60.0719, -1.605 ], [ -60.0511, -1.5796 ], [ -60.0424, -1.6049 ], [ -60.0564, -1.6058 ], [ -60.0636, -1.6328 ], [ -60.0551, -1.6183 ], [ -60.041, -1.6104 ], [ -60.0471, -1.6179 ], [ -60.0366, -1.6249 ], [ -60.0102, -1.5681 ], [ -60.018, -1.6155 ], [ -60.0092, -1.6228 ], [ -60.0081, -1.5755 ], [ -59.9855, -1.5736 ], [ -59.9693, -1.5955 ], [ -59.9795, -1.603 ], [ -59.952, -1.6082 ], [ -59.9669, -1.6222 ], [ -59.9542, -1.6167 ], [ -59.9562, -1.6328 ], [ -59.9778, -1.6377 ], [ -59.9732, -1.6585 ], [ -59.9504, -1.6338 ], [ -59.9508, -1.6636 ], [ -59.9383, -1.6362 ], [ -59.9349, -1.6524 ], [ -59.9262, -1.6405 ], [ -59.8949, -1.6491 ], [ -59.9115, -1.6725 ], [ -59.9027, -1.6693 ], [ -59.8869, -1.6826 ], [ -59.9148, -1.7073 ], [ -59.9126, -1.7262 ], [ -59.9315, -1.7172 ], [ -59.9446, -1.7217 ], [ -59.8929, -1.7296 ], [ -59.9033, -1.7382 ], [ -59.8851, -1.7416 ], [ -59.8875, -1.7596 ], [ -59.8529, -1.7297 ], [ -59.8667, -1.782 ], [ -59.8485, -1.7543 ], [ -59.8332, -1.7658 ], [ -59.8348, -1.7469 ], [ -59.8283, -1.7554 ], [ -59.8168, -1.7312 ], [ -59.7994, -1.7322 ], [ -59.7871, -1.7492 ], [ -59.8104, -1.7571 ], [ -59.8089, -1.7659 ], [ -59.7827, -1.7569 ], [ -59.7906, -1.7842 ], [ -59.7766, -1.7677 ], [ -59.7628, -1.8127 ], [ -59.7411, -1.7987 ], [ -59.7313, -1.8169 ], [ -59.7129, -1.7954 ], [ -59.6948, -1.8119 ], [ -59.6869, -1.8025 ], [ -59.7045, -1.828 ], [ -59.6857, -1.8494 ], [ -59.6697, -1.8353 ], [ -59.6693, -1.8479 ], [ -59.682, -1.8627 ], [ -59.7035, -1.8454 ], [ -59.7076, -1.8487 ], [ -59.6951, -1.8645 ], [ -59.7077, -1.8765 ], [ -59.7119, -1.8927 ], [ -59.704, -1.8765 ], [ -59.6878, -1.8886 ], [ -59.69, -1.8724 ], [ -59.6782, -1.8864 ], [ -59.6824, -1.8737 ], [ -59.675, -1.8683 ], [ -59.6699, -1.8893 ], [ -59.6505, -1.8833 ], [ -59.6646, -1.8733 ], [ -59.6632, -1.8682 ], [ -59.6316, -1.8773 ], [ -59.6434, -1.8595 ], [ -59.6289, -1.8428 ], [ -59.6233, -1.8526 ], [ -59.6238, -1.8369 ], [ -59.6203, -1.8496 ], [ -59.5944, -1.8433 ], [ -59.6011, -1.8559 ], [ -59.5842, -1.8464 ], [ -59.5771, -1.8787 ], [ -59.5456, -1.8949 ], [ -59.5446, -1.8784 ], [ -59.5185, -1.9114 ], [ -59.4865, -1.9226 ], [ -59.4682, -1.9128 ], [ -59.4786, -1.9396 ], [ -59.4527, -1.996 ], [ -59.4659, -2.0141 ], [ -59.3546, -2.0742 ], [ -59.3401, -2.11 ], [ -59.2943, -2.1446 ], [ -59.2983, -2.1712 ], [ -59.3604, -2.2238 ], [ -59.4794, -2.2693 ], [ -59.4991, -2.2644 ], [ -59.5132, -2.2271 ], [ -59.6855, -2.0513 ], [ -59.7124, -2.0962 ], [ -59.7002, -2.1697 ], [ -59.7533, -2.221 ], [ -59.7925, -2.1696 ], [ -59.869, -2.1291 ], [ -59.9276, -2.1337 ], [ -59.9821, -2.1184 ], [ -60.0262, -2.0509 ], [ -60.037, -1.9563 ], [ -60.0876, -1.8514 ], [ -60.1533, -1.7979 ], [ -60.1606, -1.6896 ], [ -60.2508, -1.5123 ], [ -60.4127, -1.2798 ], [ -60.4138, -1.2591 ], [ -60.3845, -1.2387 ], [ -60.392, -1.226 ], [ -60.3723, -1.2331 ], [ -60.3876, -1.216 ], [ -60.3773, -1.1982 ], [ -60.3465, -1.2118 ], [ -60.3524, -1.2012 ] ] ] } },
{ "type": "Feature", "properties": { "tipo": "UC", "nome": "ÁREA DE RELEVANTE INTERESSE ECOLÓGICA PROJETO DINÂMICA BIOLÓGICA DE FRAGMENTOS FLORESTAIS" }, "geometry": { "type": "MultiPolygon", "coordinates": [ [ [ [ -59.9289, -2.4147 ], [ -59.9261, -2.4181 ], [ -59.9292, -2.4178 ], [ -59.9289, -2.4147 ] ] ], [ [ [ -59.8733, -2.4128 ], [ -59.8722, -2.4133 ], [ -59.8731, -2.4136 ], [ -59.8733, -2.4128 ] ] ], [ [ [ -59.8764, -2.4219 ], [ -59.8986, -2.4236 ], [ -59.9142, -2.3906 ], [ -59.8903, -2.3881 ], [ -59.8764, -2.4219 ] ] ], [ [ [ -59.8775, -2.3931 ], [ -59.8783, -2.3922 ], [ -59.8775, -2.3922 ], [ -59.8775, -2.3931 ] ] ], [ [ [ -59.8722, -2.3892 ], [ -59.8753, -2.3861 ], [ -59.8722, -2.3861 ], [ -59.8722, -2.3892 ] ] ], [ [ [ -59.9442, -2.3833 ], [ -59.9431, -2.3842 ], [ -59.9442, -2.3842 ], [ -59.9442, -2.3833 ] ] ], [ [ [ -59.8775, -2.3764 ], [ -59.8806, -2.3794 ], [ -59.8806, -2.3764 ], [ -59.8775, -2.3764 ] ] ], [ [ [ -59.9517, -2.3706 ], [ -59.9422, -2.3814 ], [ -59.9519, -2.3736 ], [ -59.9517, -2.3706 ] ] ], [ [ [ -60.0833, -2.3242 ], [ -60.0794, -2.3364 ], [ -60.0875, -2.3322 ], [ -60.0833, -2.3242 ] ] ], [ [ [ -60.0864, -2.3244 ], [ -60.0875, -2.3247 ], [ -60.0872, -2.3239 ], [ -60.0864, -2.3244 ] ] ], [ [ [ -60.0939, -2.3231 ], [ -60.095, -2.3233 ], [ -60.0947, -2.3225 ], [ -60.0939, -2.3231 ] ] ], [ [ [ -60.0981, -2.32 ], [ -60.0967, -2.3242 ], [ -60.0994, -2.3228 ], [ -60.0981, -2.32 ] ] ], [ [ [ -59.8214, -2.4342 ], [ -59.8236, -2.4381 ], [ -59.8244, -2.435 ], [ -59.8214, -2.4342 ] ] ], [ [ [ -59.8547, -2.435 ], [ -59.855, -2.4342 ], [ -59.8539, -2.4339 ], [ -59.8547, -2.435 ] ] ], [ [ [ -59.82, -2.4319 ], [ -59.8189, -2.4325 ], [ -59.8197, -2.4328 ], [ -59.82, -2.4319 ] ] ], [ [ [ -59.8033, -2.4258 ], [ -59.8097, -2.4369 ], [ -59.8119, -2.4286 ], [ -59.8033, -2.4258 ] ] ], [ [ [ -59.8128, -2.4211 ], [ -59.815, -2.425 ], [ -59.8158, -2.4219 ], [ -59.8128, -2.4211 ] ] ], [ [ [ -59.8608, -2.4281 ], [ -59.8492, -2.4083 ], [ -59.8292, -2.4025 ], [ -59.8344, -2.4289 ], [ -59.8608, -2.4281 ] ] ], [ [ [ -59.8167, -2.4175 ], [ -59.8172, -2.4186 ], [ -59.8175, -2.4178 ], [ -59.8167, -2.4175 ] ] ], [ [ [ -59.7278, -2.4072 ], [ -59.7278, -2.4253 ], [ -59.7639, -2.4254 ], [ -59.7639, -2.4072 ], [ -59.7278, -2.4072 ] ] ], [ [ [ -59.8706, -2.4108 ], [ -59.8667, -2.4131 ], [ -59.8697, -2.4139 ], [ -59.8706, -2.4108 ] ] ], [ [ [ -59.8542, -2.3842 ], [ -59.8606, -2.395 ], [ -59.8628, -2.3864 ], [ -59.8542, -2.3842 ] ] ], [ [ [ -59.8558, -2.3797 ], [ -59.8592, -2.3767 ], [ -59.8558, -2.3767 ], [ -59.8558, -2.3797 ] ] ] ] } },
{ "type": "Feature", "properties": { "tipo": "UC", "nome": "FLORESTA NACIONAL DE JACUNDÁ" }, "geometry": { "type": "Polygon", "coordinates": [ [ [ -63.2504, -8.2825 ], [ -63.2517, -8.3008 ], [ -63.182, -8.2856 ], [ -63.1243, -8.3112 ], [ -63.1175, -8.2961 ], [ -63.1499, -8.237 ], [ -63.1292, -8.2298 ], [ -63.1318, -8.2019 ], [ -63.0767, -8.1894 ], [ -63.0755, -8.245 ], [ -62.9982, -8.2402 ], [ -63.0084, -8.2868 ], [ -62.9931, -8.2918 ], [ -63.0183, -8.3288 ], [ -63.0044, -8.3401 ], [ -63.0025, -8.3193 ], [ -62.9889, -8.3196 ], [ -62.9707, -8.3704 ], [ -62.9555, -8.3739 ], [ -62.9456, -8.352 ], [ -62.9383, -8.3782 ], [ -62.8932, -8.3804 ], [ -62.9068, -8.388 ], [ -62.8167, -8.3829 ], [ -62.6758, -8.6838 ], [ -62.6951, -8.7063 ], [ -62.7318, -8.6594 ], [ -62.7452, -8.6886 ], [ -62.7623, -8.6889 ], [ -62.7522, -8.7024 ], [ -62.7577, -8.724 ], [ -62.7725, -8.7175 ], [ -62.7631, -8.7075 ], [ -62.7811, -8.7146 ], [ -62.7514, -8.7499 ], [ -62.767, -8.7593 ], [ -62.7554, -8.7822 ], [ -62.7642, -8.7982 ], [ -62.7723, -8.7842 ], [ -62.7916, -8.7919 ], [ -62.7818, -8.8015 ], [ -62.8038, -8.8403 ], [ -62.8068, -8.6369 ], [ -63.0009, -8.6372 ], [ -63.0166, -8.5434 ], [ -63.3288, -8.5476 ], [ -63.3307, -8.5221 ], [ -63.4192, -8.4673 ], [ -63.3373, -8.3889 ], [ -63.3282, -8.3478 ], [ -63.3743, -8.3379 ], [ -63.3363, -8.2814 ], [ -63.3254, -8.2328 ], [ -63.3029, -8.2463 ], [ -63.2895, -8.2234 ], [ -63.2604, -8.2497 ], [ -63.2032, -8.249 ], [ -63.2124, -8.2696 ], [ -63.2504, -8.2825 ] ], [ [ -63.1308, -8.2034 ], [ -63.1309, -8.203 ], [ -63.1309, -8.2033 ], [ -63.1308, -8.2034 ] ] ] } },
{ "type": "Feature", "properties": { "tipo": "UC", "nome": "PARQUE NATURAL MUNICIPAL JARDIM BOTâNICO" }, "geometry": { "type": "MultiPolygon", "coordinates": [ [ [ [ -55.5186, -11.8769 ], [ -55.5243, -11.8765 ], [ -55.5203, -11.8742 ], [ -55.5186, -11.8769 ] ] ], [ [ [ -55.5201, -11.8741 ], [ -55.5152, -11.8748 ], [ -55.5184, -11.8769 ], [ -55.5201, -11.8741 ] ] ], [ [ [ -55.5149, -11.8744 ], [ -55.5067, -11.8715 ], [ -55.5067, -11.8749 ], [ -55.5149, -11.8744 ] ] ] ] } },
{ "type": "Feature", "properties": { "tipo": "UC", "nome": "RESERVA EXTRATIVISTA DA BAíA DO TUBARãO" }, "geometry": { "type": "Polygon", "coordinates": [ [ [ -44.0012, -2.6406 ], [ -44.0223, -2.6611 ], [ -44.0109, -2.6755 ], [ -44.0388, -2.6908 ], [ -44.0368, -2.7095 ], [ -44.0183, -2.7085 ], [ -44.036, -2.7371 ], [ -44.0899, -2.6796 ], [ -44.0012, -2.5798 ], [ -44.0012, -2.6406 ] ] ] } },
{ "type": "Feature", "properties": { "tipo": "UC", "nome": "RESERVA DE DESENVOLVIMENTO SUSTENTÁVEL RIO AMAPÁ" }, "geometry": { "type": "Polygon", "coordinates": [ [ [ -61.8061, -5.2606 ], [ -61.7802, -5.2542 ], [ -61.4735, -5.6057 ], [ -61.5628, -5.6056 ], [ -61.6546, -5.6945 ], [ -61.6842, -5.7001 ], [ -61.8086, -5.8542 ], [ -61.8203, -5.8376 ], [ -61.7683, -5.6693 ], [ -61.7892, -5.6562 ], [ -61.8446, -5.6983 ], [ -61.8735, -5.6746 ], [ -61.8962, -5.6854 ], [ -61.9494, -5.6725 ], [ -62.0138, -5.6152 ], [ -62.0342, -5.5565 ], [ -62.0281, -5.5283 ], [ -62.0509, -5.5046 ], [ -62.062, -5.455 ], [ -62.1007, -5.4568 ], [ -62.0067, -5.3288 ], [ -61.9124, -5.2777 ], [ -61.8519, -5.2987 ], [ -61.8286, -5.246 ], [ -61.8061, -5.2606 ] ] ] } },
{ "type": "Feature", "properties": { "tipo": "UC", "nome": "PARQUE NACIONAL DOS CAMPOS FERRUGINOSOS" }, "geometry": { "type": "MultiPolygon", "coordinates": [ [ [ [ -49.9708, -6.2592 ], [ -49.9315, -6.2642 ], [ -49.8809, -6.3056 ], [ -49.8697, -6.2957 ], [ -49.8628, -6.308 ], [ -49.8106, -6.3099 ], [ -49.7994, -6.343 ], [ -49.8422, -6.3547 ], [ -49.8681, -6.3277 ], [ -49.9166, -6.3481 ], [ -49.9314, -6.3802 ], [ -49.9458, -6.3753 ], [ -49.9599, -6.3942 ], [ -50.0283, -6.3808 ], [ -50.0174, -6.35 ], [ -50.0233, -6.317 ], [ -49.9875, -6.3019 ], [ -49.9708, -6.2592 ] ] ], [ [ [ -50.2121, -6.174 ], [ -50.0839, -6.2431 ], [ -50.0265, -6.249 ], [ -50.0018, -6.2768 ], [ -49.9849, -6.28 ], [ -49.9734, -6.2584 ], [ -49.982, -6.2863 ], [ -50.0265, -6.3135 ], [ -50.027, -6.3716 ], [ -50.1529, -6.3618 ], [ -50.1793, -6.3397 ], [ -50.1856, -6.3605 ], [ -50.2251, -6.3465 ], [ -50.2522, -6.3762 ], [ -50.3093, -6.3428 ], [ -50.35, -6.3601 ], [ -50.35, -6.2772 ], [ -50.319, -6.2454 ], [ -50.3549, -6.2264 ], [ -50.3583, -6.1838 ], [ -50.3761, -6.1749 ], [ -50.3546, -6.1688 ], [ -50.3603, -6.1587 ], [ -50.3437, -6.1558 ], [ -50.3553, -6.1759 ], [ -50.3349, -6.2174 ], [ -50.2121, -6.174 ] ] ], [ [ [ -50.1603, -6.1998 ], [ -50.1602, -6.1999 ], [ -50.1604, -6.1998 ], [ -50.1603, -6.1998 ] ] ] ] } },
{ "type": "Feature", "properties": { "tipo": "UC", "nome": "RESERVA EXTRATIVISTA JATOBÁ" }, "geometry": { "type": "Polygon", "coordinates": [ [ [ -62.2107, -9.7418 ], [ -62.2488, -9.7567 ], [ -62.2531, -9.7126 ], [ -62.2425, -9.7063 ], [ -62.2422, -9.7265 ], [ -62.2107, -9.7418 ] ] ] } },
{ "type": "Feature", "properties": { "tipo": "UC", "nome": "PARQUE ESTADUAL DO SíTIO DO RANGEDOR" }, "geometry": { "type": "Polygon", "coordinates": [ [ [ -44.2621, -2.5026 ], [ -44.2776, -2.4937 ], [ -44.2611, -2.494 ], [ -44.2621, -2.5026 ] ] ] } },
{ "type": "Feature", "properties": { "tipo": "UC", "nome": "RESERVA EXTRATIVISTA RIO PACAÁS NOVOS" }, "geometry": { "type": "Polygon", "coordinates": [ [ [ -64.9331, -10.8619 ], [ -64.7719, -10.9423 ], [ -64.7838, -10.9866 ], [ -64.8495, -11.0015 ], [ -64.8546, -11.1845 ], [ -64.6926, -11.1993 ], [ -64.6767, -11.1823 ], [ -64.6257, -11.1883 ], [ -64.6069, -11.1651 ], [ -64.5653, -11.1682 ], [ -64.5483, -11.1889 ], [ -64.5194, -11.1752 ], [ -64.4593, -11.1842 ], [ -64.3901, -11.1429 ], [ -64.3706, -11.1069 ], [ -64.3853, -11.0764 ], [ -64.3538, -11.0474 ], [ -64.3344, -11.0681 ], [ -64.3223, -11.1318 ], [ -64.3079, -11.1253 ], [ -64.2677, -11.1531 ], [ -64.287, -11.1828 ], [ -64.2665, -11.2058 ], [ -64.2177, -11.2118 ], [ -64.1511, -11.1893 ], [ -64.096, -11.2342 ], [ -64.0371, -11.2449 ], [ -64.0065, -11.2761 ], [ -63.9741, -11.2769 ], [ -63.9163, -11.2479 ], [ -63.8981, -11.2752 ], [ -63.8743, -11.2668 ], [ -63.8532, -11.2803 ], [ -63.8594, -11.3021 ], [ -63.842, -11.3138 ], [ -63.8644, -11.3592 ], [ -63.9476, -11.3933 ], [ -64.034, -11.4087 ], [ -64.0994, -11.3774 ], [ -64.1264, -11.3921 ], [ -64.1439, -11.3809 ], [ -64.2356, -11.4202 ], [ -64.3209, -11.4102 ], [ -64.3709, -11.4481 ], [ -64.471, -11.4339 ], [ -64.4808, -11.4524 ], [ -64.6255, -11.5077 ], [ -64.6508, -11.4809 ], [ -64.6728, -11.4101 ], [ -64.7789, -11.3445 ], [ -64.8284, -11.3386 ], [ -64.8502, -11.3181 ], [ -64.8464, -11.2989 ], [ -64.9003, -11.2699 ], [ -64.9031, -11.2344 ], [ -64.9572, -11.2213 ], [ -64.9753, -11.1908 ], [ -64.9882, -11.1988 ], [ -64.991, -11.1666 ], [ -65.0145, -11.1648 ], [ -65.0169, -11.1352 ], [ -65.0605, -11.1202 ], [ -65.0552, -11.0975 ], [ -65.1042, -11.0986 ], [ -65.1163, -11.0742 ], [ -65.152, -11.0819 ], [ -65.1401, -11.0735 ], [ -65.1503, -11.0665 ], [ -65.0352, -10.9879 ], [ -64.982, -10.8984 ], [ -64.9331, -10.8619 ] ] ] } },
{ "type": "Feature", "properties": { "tipo": "UC", "nome": "FLORESTA ESTADUAL DO PARU" }, "geometry": { "type": "MultiPolygon", "coordinates": [ [ [ [ -54.2258, -1.0896 ], [ -54.2257, -1.0895 ], [ -54.2257, -1.0896 ], [ -54.2258, -1.0896 ] ] ], [ [ [ -55.2194, -1.0194 ], [ -55.2385, -1.0 ], [ -55.3517, -1.0 ], [ -55.3857, -0.9714 ], [ -55.3798, -0.9503 ], [ -55.4095, -0.9226 ], [ -55.5369, -0.8837 ], [ -55.5807, -0.8051 ], [ -55.5734, -0.7722 ], [ -55.6642, -0.6976 ], [ -55.6555, -0.653 ], [ -55.606, -0.6225 ], [ -55.6045, -0.5682 ], [ -55.6211, -0.5435 ], [ -55.588, -0.4129 ], [ -55.612, -0.4013 ], [ -55.5605, -0.3759 ], [ -55.4954, -0.3687 ], [ -55.4687, -0.3205 ], [ -55.4084, -0.2947 ], [ -55.4008, -0.2672 ], [ -55.3657, -0.2451 ], [ -55.318, -0.2754 ], [ -55.3031, -0.3413 ], [ -55.2102, -0.4287 ], [ -55.1836, -0.4351 ], [ -55.1753, -0.3518 ], [ -55.1429, -0.2669 ], [ -55.1461, -0.178 ], [ -55.0835, -0.137 ], [ -55.0184, -0.1171 ], [ -54.9485, -0.1073 ], [ -54.9018, -0.1299 ], [ -54.8075, -0.236 ], [ -54.6043, -0.3898 ], [ -54.6143, -0.3197 ], [ -54.5407, -0.3012 ], [ -54.514, -0.261 ], [ -54.4915, -0.2205 ], [ -54.5117, -0.1044 ], [ -54.4776, -0.0497 ], [ -54.4467, -0.0337 ], [ -54.3869, -0.0544 ], [ -54.3198, -0.1082 ], [ -54.298, -0.1462 ], [ -54.2547, -0.1595 ], [ -54.2159, -0.1585 ], [ -54.1865, -0.135 ], [ -54.1259, -0.1668 ], [ -54.0717, -0.136 ], [ -54.0513, -0.1485 ], [ -54.0215, -0.1321 ], [ -53.9928, -0.1395 ], [ -53.9551, -0.1071 ], [ -53.867, -0.0749 ], [ -53.838, -0.0838 ], [ -53.8671, 0.0565 ], [ -53.8383, 0.0718 ], [ -53.8371, 0.0892 ], [ -53.811, 0.0802 ], [ -53.8121, 0.1183 ], [ -53.8447, 0.1439 ], [ -53.8483, 0.1931 ], [ -53.7446, 0.2389 ], [ -53.7413, 0.2867 ], [ -53.6872, 0.4367 ], [ -53.6563, 0.4702 ], [ -53.6261, 0.4716 ], [ -53.597, 0.51 ], [ -53.6336, 0.533 ], [ -53.6419, 0.5691 ], [ -53.6694, 0.564 ], [ -53.687, 0.5923 ], [ -53.7412, 0.6252 ], [ -53.7828, 0.6941 ], [ -53.8248, 0.6933 ], [ -53.8397, 0.7301 ], [ -53.879, 0.7639 ], [ -53.8321, 0.8035 ], [ -53.8325, 0.8935 ], [ -53.8115, 0.9446 ], [ -53.7874, 0.9634 ], [ -53.802, 1.0417 ], [ -53.7644, 1.1309 ], [ -53.7236, 1.1327 ], [ -53.5851, 1.244 ], [ -53.5411, 1.2431 ], [ -53.5541, 1.2243 ], [ -53.5368, 1.2098 ], [ -53.4821, 1.2422 ], [ -53.4456, 1.2366 ], [ -53.4358, 1.2481 ], [ -53.408, 1.1657 ], [ -53.4196, 1.1543 ], [ -53.4466, 1.1613 ], [ -53.4672, 1.1354 ], [ -53.4627, 1.0837 ], [ -53.4282, 1.0399 ], [ -53.4383, 1.0268 ], [ -53.4215, 0.9919 ], [ -53.422, 0.9339 ], [ -53.3027, 0.8518 ], [ -53.2636, 0.7938 ], [ -53.2045, 0.7699 ], [ -53.1522, 0.6935 ], [ -53.123, 0.6867 ], [ -53.1225, 0.6426 ], [ -53.1665, 0.5828 ], [ -53.1551, 0.532 ], [ -53.1801, 0.4969 ], [ -53.1615, 0.4751 ], [ -53.185, 0.4494 ], [ -53.1665, 0.3933 ], [ -53.1858, 0.3673 ], [ -53.1401, 0.3246 ], [ -53.1404, 0.2933 ], [ -53.0951, 0.2589 ], [ -53.1135, 0.2377 ], [ -53.098, 0.1936 ], [ -53.0544, 0.1543 ], [ -53.0425, 0.1065 ], [ -53.0192, 0.0892 ], [ -53.0361, 0.0545 ], [ -53.0217, 0.0254 ], [ -52.986, 0.0154 ], [ -52.9837, -0.0623 ], [ -52.9635, -0.0712 ], [ -52.9373, -0.1445 ], [ -52.8874, -0.1674 ], [ -52.8559, -0.1515 ], [ -52.8442, -0.19 ], [ -52.7586, -0.2412 ], [ -52.7458, -0.2825 ], [ -52.6866, -0.3108 ], [ -52.6851, -0.3395 ], [ -52.7098, -0.3785 ], [ -52.6803, -0.4153 ], [ -52.689, -0.4395 ], [ -52.7003, -0.4483 ], [ -52.7208, -0.4017 ], [ -52.8001, -0.3963 ], [ -52.8279, -0.4322 ], [ -53.1002, -0.4334 ], [ -53.1302, -0.3486 ], [ -53.1882, -0.2852 ], [ -53.1947, -0.2586 ], [ -53.2362, -0.2691 ], [ -53.3721, -0.3784 ], [ -53.4104, -0.3789 ], [ -53.2099, -0.5855 ], [ -53.2117, -0.6143 ], [ -53.2908, -0.6554 ], [ -53.312, -0.6984 ], [ -53.284, -0.7181 ], [ -53.2923, -0.7424 ], [ -53.2705, -0.8043 ], [ -53.233, -0.8277 ], [ -53.2066, -0.9254 ], [ -53.2405, -0.9525 ], [ -53.242, -1.0134 ], [ -53.2772, -1.0313 ], [ -53.2909, -1.0307 ], [ -53.2924, -1.0068 ], [ -53.3126, -1.0126 ], [ -53.3358, -0.9923 ], [ -53.4016, -1.0068 ], [ -53.4386, -0.9864 ], [ -53.4696, -0.9971 ], [ -53.4893, -1.0288 ], [ -53.5138, -1.0215 ], [ -53.52, -1.0383 ], [ -53.5692, -0.988 ], [ -53.6005, -0.994 ], [ -53.618, -1.018 ], [ -53.6388, -0.9903 ], [ -53.6919, -0.9949 ], [ -53.6734, -1.0887 ], [ -53.6237, -1.1466 ], [ -53.6326, -1.1815 ], [ -53.55, -1.23 ], [ -53.94, -1.23 ], [ -53.97, -1.06 ], [ -54.2257, -1.0891 ], [ -54.4706, -1.1233 ], [ -54.4731, -1.1204 ], [ -54.48, -1.1535 ], [ -54.4947, -1.1553 ], [ -54.7479, -1.0452 ], [ -55.2194, -1.0194 ] ] ] ] } },
{ "type": "Feature", "properties": { "tipo": "UC", "nome": "ÁREA DE PROTEÇÃO AMBIENTAL DO LAGO DE TUCURUI" }, "geometry": { "type": "Polygon", "coordinates": [ [ [ -49.6824, -3.8432 ], [ -49.6001, -3.8052 ], [ -49.5401, -3.7447 ], [ -49.4926, -3.7747 ], [ -49.4916, -3.8052 ], [ -49.5416, -3.8656 ], [ -49.5401, -3.9232 ], [ -49.4833, -4.0017 ], [ -49.3439, -4.2801 ], [ -49.3649, -4.358 ], [ -49.2821, -4.467 ], [ -49.1976, -4.4475 ], [ -49.2254, -4.6535 ], [ -49.3116, -4.6775 ], [ -49.2873, -4.747 ], [ -49.3673, -4.7846 ], [ -49.304, -4.9659 ], [ -49.334, -5.0002 ], [ -49.3754, -4.9554 ], [ -49.4391, -4.945 ], [ -49.4734, -4.8602 ], [ -49.4686, -4.7532 ], [ -49.5674, -4.6865 ], [ -49.5055, -4.6589 ], [ -49.5117, -4.6318 ], [ -49.5441, -4.6252 ], [ -49.644, -4.6504 ], [ -49.7485, -4.6451 ], [ -49.679, -4.6052 ], [ -49.7342, -4.5376 ], [ -49.629, -4.4933 ], [ -49.6792, -4.4115 ], [ -49.7535, -4.4752 ], [ -49.8329, -4.4158 ], [ -49.9203, -4.4491 ], [ -49.9283, -4.4329 ], [ -49.9293, -4.3858 ], [ -49.8603, -4.3439 ], [ -49.9331, -4.3015 ], [ -49.9236, -4.2896 ], [ -49.8355, -4.2868 ], [ -49.8358, -4.2126 ], [ -49.8662, -4.1507 ], [ -49.7818, -4.0579 ], [ -49.7908, -4.0403 ], [ -49.8512, -4.0755 ], [ -49.8936, -4.0684 ], [ -49.9379, -4.1136 ], [ -49.9762, -3.9484 ], [ -49.9048, -3.9208 ], [ -49.949, -3.8999 ], [ -49.9476, -3.8652 ], [ -49.8679, -3.8494 ], [ -49.8398, -3.8295 ], [ -49.9193, -3.7914 ], [ -49.916, -3.7666 ], [ -49.954, -3.7424 ], [ -49.9319, -3.7167 ], [ -49.7734, -3.7262 ], [ -49.7413, -3.7843 ], [ -49.6824, -3.8432 ] ] ] } },
{ "type": "Feature", "properties": { "tipo": "UC", "nome": "AREA DE PROTECAO AMBIENTAL XERIUINI" }, "geometry": { "type": "Polygon", "coordinates": [ [ [ -61.7728, 0.0817 ], [ -61.8583, -1.3983 ], [ -61.9722, -1.2517 ], [ -62.5022, -0.7822 ], [ -62.4864, -0.6817 ], [ -62.4661, -0.6903 ], [ -62.1925, -0.3256 ], [ -62.4253, 0.0814 ], [ -62.5161, 0.6408 ], [ -61.7425, 1.065 ], [ -61.6386, 0.7883 ], [ -61.3408, 1.1542 ], [ -61.7728, 0.0817 ] ] ] } },
{ "type": "Feature", "properties": { "tipo": "UC", "nome": "PARQUE ESTADUAL DE CORUMBIARA" }, "geometry": { "type": "Polygon", "coordinates": [ [ [ -61.9996, -13.3508 ], [ -62.0031, -13.2875 ], [ -62.0719, -13.2947 ], [ -62.0612, -13.2831 ], [ -62.1134, -13.2585 ], [ -62.1074, -13.2356 ], [ -62.1034, -13.2495 ], [ -62.0965, -13.2534 ], [ -62.0966, -13.2492 ], [ -62.1209, -13.149 ], [ -62.1494, -13.1596 ], [ -62.1731, -13.111 ], [ -62.1958, -13.1515 ], [ -62.1893, -13.1277 ], [ -62.2079, -13.1116 ], [ -62.2487, -13.1209 ], [ -62.2576, -13.0951 ], [ -62.2822, -13.0927 ], [ -62.2485, -13.0774 ], [ -62.2381, -13.0447 ], [ -62.1668, -13.0209 ], [ -62.1617, -12.9808 ], [ -62.1076, -12.9534 ], [ -62.0902, -12.9137 ], [ -62.038, -12.9073 ], [ -62.0223, -12.89 ], [ -61.9562, -12.8911 ], [ -61.877, -12.7996 ], [ -61.8144, -12.8278 ], [ -61.8808, -12.8871 ], [ -61.8867, -12.9112 ], [ -61.8725, -12.9239 ], [ -61.8161, -12.9161 ], [ -61.8131, -12.9504 ], [ -61.6828, -13.0309 ], [ -61.625, -13.0078 ], [ -61.5888, -13.0136 ], [ -61.5496, -12.9889 ], [ -61.5411, -13.0033 ], [ -61.4552, -13.0015 ], [ -61.487, -13.1093 ], [ -61.1709, -13.2192 ], [ -61.2685, -13.2654 ], [ -61.2578, -13.2806 ], [ -61.3098, -13.3279 ], [ -61.3991, -13.3255 ], [ -61.4217, -13.2448 ], [ -61.5, -13.2454 ], [ -61.5486, -13.2973 ], [ -61.6195, -13.3148 ], [ -61.6251, -13.3835 ], [ -61.6645, -13.3952 ], [ -61.7209, -13.3584 ], [ -61.7519, -13.3671 ], [ -61.7764, -13.3371 ], [ -61.7764, -13.4231 ], [ -61.81, -13.4437 ], [ -61.8098, -13.4936 ], [ -61.786, -13.5365 ], [ -61.8172, -13.5145 ], [ -61.86, -13.5337 ], [ -61.8698, -13.5132 ], [ -61.8617, -13.5181 ], [ -61.8564, -13.5141 ], [ -61.8814, -13.4944 ], [ -61.8815, -13.4399 ], [ -61.8988, -13.4246 ], [ -61.924, -13.4279 ], [ -61.9425, -13.4002 ], [ -61.9395, -13.3896 ], [ -61.9318, -13.3908 ], [ -61.9271, -13.389 ], [ -61.9259, -13.3867 ], [ -61.9686, -13.3801 ], [ -61.9714, -13.3692 ], [ -61.9577, -13.3737 ], [ -61.9996, -13.3508 ] ] ] } },
{ "type": "Feature", "properties": { "tipo": "UC", "nome": "FLORESTA NACIONAL DE BALATA-TUFARI" }, "geometry": { "type": "MultiPolygon", "coordinates": [ [ [ [ -63.2966, -7.2727 ], [ -63.2956, -7.2733 ], [ -63.2987, -7.2724 ], [ -63.2966, -7.2727 ] ] ], [ [ [ -64.2859, -6.8719 ], [ -64.2806, -6.8857 ], [ -64.2658, -6.8877 ], [ -64.2604, -6.884 ], [ -64.2479, -6.9225 ], [ -64.2006, -6.9435 ], [ -64.2047, -6.9467 ], [ -64.2033, -6.9546 ], [ -64.2152, -6.9484 ], [ -64.2216, -6.9576 ], [ -64.2221, -6.9826 ], [ -64.2065, -7.0 ], [ -64.2178, -7.0039 ], [ -64.2169, -7.0191 ], [ -64.2095, -7.031 ], [ -64.222, -7.0315 ], [ -64.2248, -7.0373 ], [ -64.2123, -7.0446 ], [ -64.2223, -7.0558 ], [ -64.2083, -7.075 ], [ -64.213, -7.1047 ], [ -64.1975, -7.1094 ], [ -64.2238, -7.1378 ], [ -64.2245, -7.1461 ], [ -64.2157, -7.1637 ], [ -64.2319, -7.1701 ], [ -64.2312, -7.1804 ], [ -64.2199, -7.1845 ], [ -64.2109, -7.196 ], [ -64.1971, -7.2017 ], [ -64.1922, -7.2001 ], [ -64.1909, -7.1931 ], [ -64.1855, -7.2161 ], [ -64.1823, -7.2171 ], [ -64.1777, -7.2107 ], [ -64.1745, -7.2125 ], [ -64.1736, -7.228 ], [ -64.1654, -7.2267 ], [ -64.1584, -7.215 ], [ -64.1523, -7.2152 ], [ -64.085, -7.2769 ], [ -64.09, -7.3156 ], [ -64.076, -7.3392 ], [ -64.0876, -7.3746 ], [ -64.0739, -7.3978 ], [ -63.9892, -7.4328 ], [ -63.9925, -7.5478 ], [ -64.2319, -7.5478 ], [ -64.2182, -7.4944 ], [ -64.2315, -7.4602 ], [ -64.2434, -7.4655 ], [ -64.2466, -7.4181 ], [ -64.2736, -7.4137 ], [ -64.283, -7.384 ], [ -64.2661, -7.372 ], [ -64.2722, -7.349 ], [ -64.2558, -7.3461 ], [ -64.2635, -7.3262 ], [ -64.3843, -7.3351 ], [ -64.4082, -7.383 ], [ -64.5361, -7.3845 ], [ -64.5356, -7.349 ], [ -64.5611, -7.3202 ], [ -64.5493, -7.2976 ], [ -64.5594, -7.2068 ], [ -64.583, -7.1726 ], [ -64.5802, -7.0891 ], [ -64.5034, -6.9851 ], [ -64.5045, -6.8763 ], [ -64.4841, -6.8805 ], [ -64.4863, -6.8471 ], [ -64.4594, -6.8583 ], [ -64.4515, -6.8411 ], [ -64.4878, -6.7857 ], [ -64.4847, -6.7617 ], [ -64.4488, -6.7656 ], [ -64.3438, -6.8719 ], [ -64.2859, -6.8719 ] ] ], [ [ [ -64.1687, -6.8654 ], [ -64.279, -6.8843 ], [ -64.2993, -6.8358 ], [ -64.3296, -6.8207 ], [ -64.3217, -6.7672 ], [ -64.3366, -6.7597 ], [ -64.3144, -6.7549 ], [ -64.3522, -6.7429 ], [ -64.3549, -6.7355 ], [ -64.3376, -6.6992 ], [ -64.3354, -6.6832 ], [ -64.3475, -6.7091 ], [ -64.3589, -6.6712 ], [ -64.3488, -6.6669 ], [ -64.3646, -6.667 ], [ -64.3426, -6.6458 ], [ -64.3562, -6.632 ], [ -64.329, -6.6181 ], [ -64.3418, -6.6094 ], [ -64.3293, -6.6046 ], [ -64.3339, -6.5789 ], [ -63.8944, -6.587 ], [ -63.8501, -6.4899 ], [ -63.3239, -6.9648 ], [ -63.2579, -6.9156 ], [ -63.2404, -6.8624 ], [ -63.2018, -6.841 ], [ -63.1773, -6.8479 ], [ -63.1518, -6.8747 ], [ -63.1487, -6.9253 ], [ -63.1604, -6.9335 ], [ -63.1346, -6.9613 ], [ -63.138, -6.9859 ], [ -63.1762, -7.0159 ], [ -63.216, -7.0204 ], [ -63.2203, -7.0401 ], [ -63.2045, -7.0533 ], [ -63.2376, -7.0858 ], [ -63.244, -7.0442 ], [ -63.2865, -7.0442 ], [ -63.2865, -7.062 ], [ -63.3176, -7.062 ], [ -63.3234, -7.1028 ], [ -63.3576, -7.1028 ], [ -63.3562, -7.142 ], [ -63.3053, -7.1539 ], [ -63.3274, -7.1989 ], [ -63.3005, -7.2053 ], [ -63.3013, -7.2337 ], [ -63.2869, -7.2407 ], [ -63.3642, -7.2411 ], [ -63.3644, -7.2784 ], [ -63.2987, -7.2724 ], [ -63.2887, -7.3317 ], [ -63.3131, -7.3475 ], [ -63.3444, -7.3414 ], [ -63.3437, -7.3748 ], [ -63.2992, -7.375 ], [ -63.265, -7.4008 ], [ -63.2677, -7.4183 ], [ -63.3004, -7.3978 ], [ -63.3435, -7.4107 ], [ -63.3215, -7.4475 ], [ -63.3024, -7.4498 ], [ -63.3176, -7.4777 ], [ -63.2997, -7.4925 ], [ -63.37, -7.4909 ], [ -63.3758, -7.4432 ], [ -63.4806, -7.4139 ], [ -63.8414, -7.3633 ], [ -63.838, -7.3222 ], [ -63.8503, -7.3099 ], [ -63.9036, -7.3355 ], [ -63.9689, -7.2873 ], [ -63.978, -7.2641 ], [ -63.9934, -7.2797 ], [ -64.03, -7.2774 ], [ -64.0335, -7.2578 ], [ -64.01, -7.2272 ], [ -64.0574, -7.2465 ], [ -64.0742, -7.2707 ], [ -64.1519, -7.2129 ], [ -64.1595, -7.2131 ], [ -64.1722, -7.2257 ], [ -64.1734, -7.2105 ], [ -64.1776, -7.2086 ], [ -64.1849, -7.2134 ], [ -64.1883, -7.1922 ], [ -64.2294, -7.1794 ], [ -64.2136, -7.1637 ], [ -64.2225, -7.1393 ], [ -64.1957, -7.1098 ], [ -64.2119, -7.1018 ], [ -64.2063, -7.0746 ], [ -64.2203, -7.056 ], [ -64.21, -7.0436 ], [ -64.223, -7.0368 ], [ -64.2097, -7.0341 ], [ -64.2076, -7.024 ], [ -64.2045, -7.0386 ], [ -64.1986, -7.0335 ], [ -64.2052, -7.0228 ], [ -64.2144, -7.0185 ], [ -64.2048, -7.0181 ], [ -64.2058, -6.991 ], [ -64.2212, -6.9796 ], [ -64.217, -6.9516 ], [ -64.2044, -6.9574 ], [ -64.1989, -6.9444 ], [ -64.2315, -6.9219 ], [ -64.2465, -6.9213 ], [ -64.162, -6.9065 ], [ -64.1687, -6.8654 ] ], [ [ -64.1998, -6.9409 ], [ -64.1999, -6.9409 ], [ -64.1999, -6.941 ], [ -64.1998, -6.9409 ] ], [ [ -63.7263, -7.1402 ], [ -63.7275, -7.141 ], [ -63.7268, -7.1427 ], [ -63.7263, -7.1402 ] ], [ [ -63.721, -7.0898 ], [ -63.7312, -7.1299 ], [ -63.7015, -7.1275 ], [ -63.721, -7.0898 ] ], [ [ -63.657, -7.0086 ], [ -63.688, -7.0133 ], [ -63.7016, -7.0518 ], [ -63.6624, -7.0527 ], [ -63.657, -7.0086 ] ], [ [ -63.6799, -7.0083 ], [ -63.6814, -7.0077 ], [ -63.6813, -7.0082 ], [ -63.6799, -7.0083 ] ], [ [ -63.654, -6.977 ], [ -63.6936, -6.9714 ], [ -63.6875, -7.0039 ], [ -63.6472, -6.9933 ], [ -63.654, -6.977 ] ], [ [ -63.3054, -7.2867 ], [ -63.3036, -7.2832 ], [ -63.3025, -7.2808 ], [ -63.3054, -7.2867 ] ], [ [ -63.6086, -6.9762 ], [ -63.5775, -6.8799 ], [ -63.5983, -6.873 ], [ -63.6175, -6.9103 ], [ -63.6473, -6.9094 ], [ -63.641, -6.9201 ], [ -63.6655, -6.9296 ], [ -63.6531, -6.9629 ], [ -63.6086, -6.9762 ] ], [ [ -63.5903, -6.8278 ], [ -63.5295, -6.8332 ], [ -63.5295, -6.7881 ], [ -63.5736, -6.7851 ], [ -63.5903, -6.8278 ] ] ] ] } },
{ "type": "Feature", "properties": { "tipo": "UC", "nome": "RESERVA EXTRATIVISTA DO CAZUMBÁ-IRACEMA" }, "geometry": { "type": "Polygon", "coordinates": [ [ [ -68.8771, -9.0886 ], [ -68.8732, -9.0733 ], [ -68.8424, -9.0854 ], [ -68.8415, -9.0963 ], [ -68.8574, -9.083 ], [ -68.8584, -9.1039 ], [ -68.8912, -9.1074 ], [ -68.9041, -9.189 ], [ -68.9049, -9.2336 ], [ -68.8697, -9.2724 ], [ -68.8677, -9.3004 ], [ -68.8928, -9.3237 ], [ -68.9432, -9.3266 ], [ -68.9908, -9.37 ], [ -69.02, -9.4941 ], [ -69.0551, -9.5142 ], [ -69.0705, -9.5575 ], [ -69.0613, -9.6776 ], [ -69.1268, -9.7049 ], [ -69.1232, -9.7198 ], [ -69.1912, -9.8048 ], [ -69.3559, -9.6964 ], [ -69.5, -9.8019 ], [ -69.5, -9.7667 ], [ -69.7667, -9.8167 ], [ -69.95, -10.0 ], [ -69.9504, -10.2025 ], [ -70.0022, -10.2006 ], [ -70.0601, -10.2506 ], [ -70.1222, -10.2475 ], [ -70.1543, -10.2793 ], [ -70.1433, -10.2992 ], [ -70.1531, -10.321 ], [ -70.1938, -10.3308 ], [ -69.8214, -9.3726 ], [ -69.7588, -9.3561 ], [ -69.6915, -9.2516 ], [ -69.1958, -9.0213 ], [ -69.1003, -9.0247 ], [ -68.9953, -9.0675 ], [ -68.8771, -9.0886 ] ], [ [ -69.1705, -9.1745 ], [ -69.2036, -9.1959 ], [ -69.2209, -9.1816 ], [ -69.2522, -9.2341 ], [ -69.2931, -9.2453 ], [ -69.3029, -9.2651 ], [ -69.2866, -9.3193 ], [ -69.2249, -9.2857 ], [ -69.1901, -9.213 ], [ -69.1618, -9.1922 ], [ -69.1705, -9.1745 ] ] ] } },
{ "type": "Feature", "properties": { "tipo": "UC", "nome": "FLORESTA NACIONAL DE MAPIÁ-INAUINÍ" }, "geometry": { "type": "Polygon", "coordinates": [ [ [ -68.0689, -8.1403 ], [ -68.0649, -8.1563 ], [ -68.0365, -8.1561 ], [ -68.0275, -8.1838 ], [ -68.0068, -8.172 ], [ -67.9982, -8.1947 ], [ -67.9794, -8.1985 ], [ -67.9773, -8.232 ], [ -67.9629, -8.2296 ], [ -67.9433, -8.2473 ], [ -67.9475, -8.2617 ], [ -67.9289, -8.2663 ], [ -67.9347, -8.2849 ], [ -67.8986, -8.3359 ], [ -67.9153, -8.3497 ], [ -67.79, -8.3825 ], [ -67.7967, -8.4089 ], [ -67.7827, -8.3969 ], [ -67.7799, -8.4164 ], [ -67.7668, -8.4095 ], [ -67.7511, -8.4307 ], [ -67.7421, -8.4189 ], [ -67.7229, -8.4401 ], [ -67.6952, -8.4387 ], [ -67.6736, -8.4672 ], [ -67.6598, -8.4603 ], [ -67.6555, -8.4782 ], [ -67.668, -8.4824 ], [ -67.6461, -8.483 ], [ -67.6379, -8.5203 ], [ -67.6632, -8.5393 ], [ -67.6825, -8.531 ], [ -67.6849, -8.5474 ], [ -67.7339, -8.5424 ], [ -67.73, -8.6103 ], [ -67.7065, -8.6606 ], [ -67.7734, -8.6496 ], [ -67.8142, -8.6825 ], [ -67.8591, -8.6496 ], [ -67.8719, -8.6845 ], [ -67.9266, -8.6924 ], [ -67.941, -8.6621 ], [ -67.9606, -8.6885 ], [ -67.9808, -8.6834 ], [ -67.9958, -8.6985 ], [ -68.0396, -8.6208 ], [ -68.0052, -8.5785 ], [ -68.082, -8.5525 ], [ -68.0957, -8.5309 ], [ -68.1008, -8.3872 ], [ -68.2274, -8.346 ], [ -68.2421, -8.3645 ], [ -68.3373, -8.3965 ], [ -68.3905, -8.4561 ], [ -68.4236, -8.4547 ], [ -68.4919, -8.4051 ], [ -68.4954, -8.3602 ], [ -68.5222, -8.3241 ], [ -68.567, -8.3628 ], [ -68.5988, -8.368 ], [ -68.6409, -8.3214 ], [ -68.5907, -8.2675 ], [ -68.6293, -8.2455 ], [ -68.6083, -8.1377 ], [ -68.6325, -8.1446 ], [ -68.6475, -8.1273 ], [ -68.605, -8.0823 ], [ -68.6323, -8.0395 ], [ -68.5942, -8.0188 ], [ -68.5825, -8.0346 ], [ -68.5341, -8.0402 ], [ -68.5709, -8.0 ], [ -68.538, -7.9601 ], [ -68.4763, -7.9602 ], [ -68.4277, -7.9877 ], [ -68.3956, -7.9825 ], [ -68.3808, -8.0481 ], [ -68.3612, -8.0501 ], [ -68.3473, -8.0828 ], [ -68.2958, -8.0929 ], [ -68.3146, -8.177 ], [ -68.2927, -8.1808 ], [ -68.2511, -8.2574 ], [ -68.225, -8.2217 ], [ -68.1398, -8.1631 ], [ -68.07, -8.0789 ], [ -68.0063, -8.0548 ], [ -67.9792, -8.066 ], [ -68.0689, -8.1403 ] ] ] } },
{ "type": "Feature", "properties": { "tipo": "UC", "nome": "RESERVA EXTRATIVISTA MAE GRANDE DE CURUÇA" }, "geometry": { "type": "MultiPolygon", "coordinates": [ [ [ [ -47.7608, -0.6396 ], [ -47.7702, -0.6661 ], [ -47.754, -0.6766 ], [ -47.7726, -0.6803 ], [ -47.7795, -0.6578 ], [ -47.7933, -0.6694 ], [ -47.7837, -0.6824 ], [ -47.7997, -0.6799 ], [ -47.7586, -0.7035 ], [ -47.7689, -0.7153 ], [ -47.7795, -0.7004 ], [ -47.7877, -0.6995 ], [ -47.787, -0.7109 ], [ -47.7939, -0.7111 ], [ -47.8036, -0.691 ], [ -47.823, -0.6988 ], [ -47.8106, -0.7035 ], [ -47.8232, -0.7081 ], [ -47.8169, -0.7391 ], [ -47.8052, -0.7361 ], [ -47.8138, -0.754 ], [ -47.8015, -0.7548 ], [ -47.7946, -0.7644 ], [ -47.8184, -0.7551 ], [ -47.818, -0.7772 ], [ -47.8271, -0.7627 ], [ -47.8302, -0.7789 ], [ -47.8467, -0.7839 ], [ -47.8208, -0.7441 ], [ -47.8278, -0.7235 ], [ -47.8426, -0.7414 ], [ -47.854, -0.7385 ], [ -47.8317, -0.7156 ], [ -47.8564, -0.6828 ], [ -47.8715, -0.6965 ], [ -47.8624, -0.7175 ], [ -47.8704, -0.7255 ], [ -47.8788, -0.6999 ], [ -47.9002, -0.7195 ], [ -47.8869, -0.7327 ], [ -47.9091, -0.7218 ], [ -47.9067, -0.7388 ], [ -47.9457, -0.7437 ], [ -47.9217, -0.7586 ], [ -47.9454, -0.7521 ], [ -47.9334, -0.7704 ], [ -47.9481, -0.7719 ], [ -47.9315, -0.7832 ], [ -47.9491, -0.7841 ], [ -47.9293, -0.8189 ], [ -47.9261, -0.8061 ], [ -47.9179, -0.8033 ], [ -47.927, -0.8256 ], [ -47.9067, -0.8341 ], [ -47.9133, -0.8422 ], [ -47.8941, -0.8481 ], [ -47.8696, -0.8299 ], [ -47.8905, -0.8546 ], [ -47.8879, -0.8621 ], [ -47.8829, -0.8652 ], [ -47.8788, -0.872 ], [ -47.9056, -0.8534 ], [ -47.9277, -0.8927 ], [ -47.932, -0.8721 ], [ -47.9163, -0.8714 ], [ -47.9074, -0.8485 ], [ -47.9581, -0.7965 ], [ -47.9607, -0.7043 ], [ -47.9797, -0.6885 ], [ -47.9651, -0.6738 ], [ -47.9592, -0.6505 ], [ -47.9615, -0.6407 ], [ -47.956, -0.6355 ], [ -47.9451, -0.6352 ], [ -47.9402, -0.6376 ], [ -47.9208, -0.6006 ], [ -47.906, -0.6028 ], [ -47.9221, -0.5654 ], [ -47.8604, -0.5681 ], [ -47.8677, -0.588 ], [ -47.8464, -0.6255 ], [ -47.8851, -0.6447 ], [ -47.8558, -0.65 ], [ -47.8598, -0.6754 ], [ -47.8339, -0.6738 ], [ -47.8261, -0.6664 ], [ -47.8133, -0.5558 ], [ -47.797, -0.5637 ], [ -47.807, -0.5908 ], [ -47.7975, -0.599 ], [ -47.7859, -0.5875 ], [ -47.7815, -0.5977 ], [ -47.7776, -0.5962 ], [ -47.7608, -0.6396 ] ], [ [ -47.9618, -0.6884 ], [ -47.9545, -0.6869 ], [ -47.9606, -0.6822 ], [ -47.9618, -0.6884 ] ], [ [ -47.9047, -0.6837 ], [ -47.9242, -0.6672 ], [ -47.9117, -0.6459 ], [ -47.9239, -0.6497 ], [ -47.925, -0.6391 ], [ -47.9321, -0.6368 ], [ -47.9374, -0.6405 ], [ -47.9274, -0.6591 ], [ -47.9415, -0.6741 ], [ -47.9284, -0.6845 ], [ -47.9496, -0.6817 ], [ -47.9505, -0.726 ], [ -47.9288, -0.7336 ], [ -47.9131, -0.708 ], [ -47.9078, -0.7187 ], [ -47.8867, -0.7039 ], [ -47.8913, -0.6689 ], [ -47.9081, -0.6574 ], [ -47.9047, -0.6837 ] ], [ [ -47.8774, -0.6888 ], [ -47.8755, -0.6775 ], [ -47.8784, -0.6762 ], [ -47.8852, -0.6802 ], [ -47.8774, -0.6888 ] ], [ [ -47.9562, -0.6774 ], [ -47.9514, -0.6789 ], [ -47.9509, -0.6758 ], [ -47.9562, -0.6774 ] ], [ [ -47.958, -0.6737 ], [ -47.9547, -0.6761 ], [ -47.953, -0.6734 ], [ -47.958, -0.6737 ] ], [ [ -47.9533, -0.6691 ], [ -47.9522, -0.6658 ], [ -47.9558, -0.667 ], [ -47.9533, -0.6691 ] ], [ [ -47.9442, -0.6624 ], [ -47.9406, -0.6582 ], [ -47.9445, -0.6614 ], [ -47.9442, -0.6624 ] ], [ [ -47.8919, -0.6622 ], [ -47.8888, -0.6568 ], [ -47.8937, -0.6519 ], [ -47.8919, -0.6622 ] ], [ [ -47.9372, -0.6576 ], [ -47.9332, -0.6564 ], [ -47.9351, -0.6555 ], [ -47.9372, -0.6576 ] ], [ [ -47.9032, -0.6475 ], [ -47.9061, -0.6423 ], [ -47.9071, -0.6427 ], [ -47.9032, -0.6475 ] ], [ [ -47.9544, -0.6375 ], [ -47.9483, -0.6448 ], [ -47.949, -0.6357 ], [ -47.9544, -0.6375 ] ], [ [ -47.8398, -0.692 ], [ -47.841, -0.6881 ], [ -47.8427, -0.6892 ], [ -47.8398, -0.692 ] ], [ [ -47.815, -0.687 ], [ -47.8131, -0.6842 ], [ -47.816, -0.6839 ], [ -47.815, -0.687 ] ], [ [ -47.8096, -0.6828 ], [ -47.8105, -0.681 ], [ -47.8102, -0.6837 ], [ -47.8096, -0.6828 ] ], [ [ -47.8113, -0.6702 ], [ -47.8065, -0.6691 ], [ -47.8105, -0.6665 ], [ -47.8113, -0.6702 ] ], [ [ -47.8846, -0.6691 ], [ -47.8709, -0.6676 ], [ -47.8851, -0.6609 ], [ -47.8846, -0.6691 ] ], [ [ -47.819, -0.6666 ], [ -47.8155, -0.6622 ], [ -47.8193, -0.6605 ], [ -47.819, -0.6666 ] ], [ [ -47.7766, -0.6521 ], [ -47.7678, -0.6524 ], [ -47.7715, -0.6493 ], [ -47.7766, -0.6521 ] ], [ [ -47.7943, -0.6434 ], [ -47.8101, -0.6382 ], [ -47.8179, -0.6454 ], [ -47.7975, -0.6616 ], [ -47.7824, -0.6291 ], [ -47.7986, -0.6277 ], [ -47.7943, -0.6434 ] ], [ [ -47.7781, -0.64 ], [ -47.7753, -0.6366 ], [ -47.777, -0.6361 ], [ -47.7781, -0.64 ] ], [ [ -47.7747, -0.6303 ], [ -47.7712, -0.6295 ], [ -47.7725, -0.6281 ], [ -47.7747, -0.6303 ] ], [ [ -47.8053, -0.625 ], [ -47.8031, -0.6229 ], [ -47.8069, -0.6241 ], [ -47.8053, -0.625 ] ] ], [ [ [ -47.8411, -0.6704 ], [ -47.8464, -0.6616 ], [ -47.8419, -0.6562 ], [ -47.8411, -0.6704 ] ] ], [ [ [ -47.9839, -0.6698 ], [ -47.9713, -0.6549 ], [ -47.9815, -0.6735 ], [ -47.9839, -0.6698 ] ] ], [ [ [ -47.9643, -0.653 ], [ -47.9618, -0.644 ], [ -47.9621, -0.6539 ], [ -47.9643, -0.653 ] ] ], [ [ [ -47.9193, -0.5971 ], [ -47.9188, -0.5915 ], [ -47.9132, -0.6011 ], [ -47.9193, -0.5971 ] ] ], [ [ [ -47.8516, -0.5967 ], [ -47.8515, -0.5897 ], [ -47.8484, -0.5881 ], [ -47.8516, -0.5967 ] ] ], [ [ [ -47.8353, -0.6568 ], [ -47.837, -0.6645 ], [ -47.8375, -0.6559 ], [ -47.8353, -0.6568 ] ] ], [ [ [ -47.8302, -0.6345 ], [ -47.8237, -0.6358 ], [ -47.8279, -0.6486 ], [ -47.8302, -0.6345 ] ] ], [ [ [ -47.7972, -0.5861 ], [ -47.7955, -0.5967 ], [ -47.797, -0.5962 ], [ -47.7972, -0.5861 ] ] ], [ [ [ -47.8034, -0.5893 ], [ -47.8002, -0.5906 ], [ -47.8006, -0.5921 ], [ -47.8034, -0.5893 ] ] ], [ [ [ -47.7833, -0.5835 ], [ -47.7786, -0.5928 ], [ -47.7814, -0.594 ], [ -47.7833, -0.5835 ] ] ] ] } },
{ "type": "Feature", "properties": { "tipo": "UC", "nome": "PARQUE NACIONAL DE ANAVILHANAS" }, "geometry": { "type": "Polygon", "coordinates": [ [ [ -60.8077, -2.0056 ], [ -60.7062, -2.0707 ], [ -60.6986, -2.1152 ], [ -60.6682, -2.1362 ], [ -60.6948, -2.1718 ], [ -60.7414, -2.1856 ], [ -60.6925, -2.2391 ], [ -60.7182, -2.2703 ], [ -60.6948, -2.3495 ], [ -60.7108, -2.3375 ], [ -60.7091, -2.3689 ], [ -60.731, -2.3613 ], [ -60.7363, -2.3813 ], [ -60.7562, -2.359 ], [ -60.7594, -2.3855 ], [ -60.7761, -2.3902 ], [ -60.7786, -2.4073 ], [ -60.7543, -2.4126 ], [ -60.7465, -2.4337 ], [ -60.789, -2.4368 ], [ -60.8035, -2.5326 ], [ -60.759, -2.5574 ], [ -60.6689, -2.6628 ], [ -60.6541, -2.6467 ], [ -60.6256, -2.6673 ], [ -60.621, -2.691 ], [ -60.5755, -2.7365 ], [ -60.5684, -2.775 ], [ -60.4964, -2.843 ], [ -60.4935, -2.8714 ], [ -60.4673, -2.8986 ], [ -60.4657, -2.9363 ], [ -60.4276, -2.9675 ], [ -60.4023, -3.0158 ], [ -60.3573, -3.0332 ], [ -60.574, -3.0296 ], [ -60.5964, -2.9856 ], [ -60.7607, -2.8161 ], [ -60.7915, -2.7527 ], [ -60.8696, -2.6958 ], [ -60.9929, -2.5572 ], [ -61.0544, -2.5117 ], [ -61.087, -2.3668 ], [ -61.0692, -2.3258 ], [ -61.0802, -2.2809 ], [ -61.1732, -2.1181 ], [ -61.1984, -2.1181 ], [ -61.1399, -2.0539 ], [ -61.093, -2.1117 ], [ -61.0441, -2.1339 ], [ -61.0277, -2.1229 ], [ -61.0275, -2.1339 ], [ -60.9606, -2.1038 ], [ -60.9358, -2.0444 ], [ -60.9149, -2.0297 ], [ -60.8673, -2.022 ], [ -60.8161, -2.0456 ], [ -60.8077, -2.0056 ] ] ] } },
{ "type": "Feature", "properties": { "tipo": "UC", "nome": "RESERVA BIOLÓGICA DO GUAPORÉ" }, "geometry": { "type": "Polygon", "coordinates": [ [ [ -63.5, -12.5669 ], [ -63.5503, -12.5064 ], [ -63.4823, -12.4965 ], [ -63.4568, -12.4127 ], [ -63.4653, -12.3682 ], [ -63.4012, -12.3392 ], [ -63.3904, -12.2895 ], [ -63.338, -12.3028 ], [ -63.3189, -12.2892 ], [ -63.2976, -12.3077 ], [ -63.2759, -12.2823 ], [ -63.2414, -12.2996 ], [ -63.2337, -12.2519 ], [ -63.2076, -12.2339 ], [ -63.1577, -12.2363 ], [ -63.1345, -12.2036 ], [ -63.0794, -12.1911 ], [ -62.9556, -12.2056 ], [ -62.9636, -12.2167 ], [ -62.7008, -12.4711 ], [ -62.5144, -12.2847 ], [ -62.4035, -12.3346 ], [ -62.3753, -12.3879 ], [ -62.3525, -12.3823 ], [ -62.3311, -12.3479 ], [ -62.2903, -12.363 ], [ -62.2809, -12.3338 ], [ -62.2056, -12.334 ], [ -62.2153, -12.3831 ], [ -62.1769, -12.4586 ], [ -62.1726, -12.5179 ], [ -62.1886, -12.6534 ], [ -62.2518, -12.7051 ], [ -62.2549, -12.7368 ], [ -62.2929, -12.7684 ], [ -62.3049, -12.8292 ], [ -62.354, -12.8555 ], [ -62.3794, -12.8537 ], [ -62.3984, -12.8312 ], [ -62.4183, -12.8594 ], [ -62.4796, -12.8631 ], [ -62.5007, -12.8806 ], [ -62.5567, -12.857 ], [ -62.6164, -12.8644 ], [ -62.7108, -12.6747 ], [ -62.7722, -12.7233 ], [ -62.8095, -12.7138 ], [ -62.8479, -12.7254 ], [ -62.9678, -12.6372 ], [ -63.0933, -12.5717 ], [ -63.2447, -12.5717 ], [ -63.2447, -12.6602 ], [ -63.26, -12.663 ], [ -63.2331, -12.6851 ], [ -63.284, -12.6845 ], [ -63.3819, -12.6539 ], [ -63.4133, -12.6093 ], [ -63.4414, -12.6068 ], [ -63.4274, -12.5955 ], [ -63.4374, -12.5643 ], [ -63.5, -12.5669 ] ] ] } },
{ "type": "Feature", "properties": { "tipo": "UC", "nome": "RESERVA BIOLÓGICA DO JARU" }, "geometry": { "type": "Polygon", "coordinates": [ [ [ -61.9091, -10.1148 ], [ -61.9685, -10.0747 ], [ -61.9933, -10.0145 ], [ -61.9634, -9.9882 ], [ -61.931, -9.861 ], [ -61.9442, -9.813 ], [ -61.9231, -9.7875 ], [ -61.9456, -9.7886 ], [ -61.8783, -9.7574 ], [ -61.8772, -9.7085 ], [ -61.8124, -9.6339 ], [ -61.8249, -9.5812 ], [ -61.8003, -9.5361 ], [ -61.6979, -9.4758 ], [ -61.7086, -9.429 ], [ -61.6798, -9.4505 ], [ -61.6778, -9.2762 ], [ -61.6422, -9.3009 ], [ -61.6117, -9.2932 ], [ -61.6163, -9.3271 ], [ -61.6337, -9.3316 ], [ -61.6264, -9.3597 ], [ -61.5516, -9.3867 ], [ -61.5608, -9.4014 ], [ -61.5498, -9.418 ], [ -61.5777, -9.4725 ], [ -61.5259, -9.5023 ], [ -61.5495, -9.5155 ], [ -61.5125, -9.5286 ], [ -61.4942, -9.5818 ], [ -61.5028, -9.6145 ], [ -61.4762, -9.6291 ], [ -61.5058, -9.6615 ], [ -61.5062, -9.6937 ], [ -61.5741, -9.72 ], [ -61.5297, -9.7404 ], [ -61.5474, -9.7887 ], [ -61.5243, -9.7976 ], [ -61.532, -9.8195 ], [ -61.5168, -9.8251 ], [ -61.5066, -9.8645 ], [ -61.523, -9.9484 ], [ -61.5386, -9.9641 ], [ -61.5297, -9.9864 ], [ -61.5551, -10.0386 ], [ -61.584, -10.0602 ], [ -61.5798, -10.0682 ], [ -61.5774, -10.0762 ], [ -61.5774, -10.0778 ], [ -61.6015, -10.1533 ], [ -61.5603, -10.1724 ], [ -61.551, -10.1987 ], [ -61.5728, -10.2083 ], [ -61.5753, -10.2506 ], [ -61.6156, -10.2671 ], [ -61.7546, -10.2102 ], [ -61.8051, -10.2193 ], [ -61.864, -10.2057 ], [ -61.9139, -10.1687 ], [ -61.9091, -10.1148 ] ], [ [ -61.5814, -10.0693 ], [ -61.5825, -10.0694 ], [ -61.5789, -10.0714 ], [ -61.5814, -10.0693 ] ] ] } },
{ "type": "Feature", "properties": { "tipo": "UC", "nome": "RESERVA EXTRATIVISTA DO LAGO DO CAPANÃ GRANDE" }, "geometry": { "type": "Polygon", "coordinates": [ [ [ -62.101, -5.4573 ], [ -62.066, -5.4525 ], [ -62.0511, -5.5052 ], [ -62.0282, -5.5272 ], [ -62.0321, -5.582 ], [ -62.0167, -5.6152 ], [ -61.9504, -5.672 ], [ -61.8978, -5.6859 ], [ -61.8751, -5.6755 ], [ -61.8422, -5.7001 ], [ -61.7893, -5.6584 ], [ -61.7692, -5.6702 ], [ -61.8164, -5.8101 ], [ -61.8218, -5.8464 ], [ -61.8094, -5.855 ], [ -61.8438, -5.8429 ], [ -61.838, -5.8955 ], [ -61.8192, -5.9187 ], [ -61.8462, -5.9364 ], [ -61.8554, -5.97 ], [ -61.8351, -5.9874 ], [ -61.8007, -5.9764 ], [ -61.8048, -5.9907 ], [ -61.7695, -6.0035 ], [ -61.7472, -5.9915 ], [ -61.7563, -5.976 ], [ -61.7309, -5.9441 ], [ -61.7239, -6.0146 ], [ -61.8851, -6.1124 ], [ -61.9771, -6.1314 ], [ -61.9694, -6.0648 ], [ -61.9899, -6.0562 ], [ -61.9839, -6.0372 ], [ -62.0064, -6.0373 ], [ -62.0063, -6.0802 ], [ -62.0492, -6.1063 ], [ -62.0595, -6.0918 ], [ -62.0495, -6.055 ], [ -62.0899, -6.0168 ], [ -62.2633, -5.986 ], [ -62.295, -5.9935 ], [ -62.2923, -6.0575 ], [ -62.3045, -6.0721 ], [ -62.3216, -6.06 ], [ -62.3397, -6.0915 ], [ -62.379, -6.0747 ], [ -62.4132, -6.1049 ], [ -62.4236, -6.0309 ], [ -62.4392, -6.0286 ], [ -62.4823, -5.9624 ], [ -62.3292, -5.8148 ], [ -62.101, -5.4573 ] ] ] } },
{ "type": "Feature", "properties": { "tipo": "UC", "nome": "FLORESTA NACIONAL DE TAPAJÓS" }, "geometry": { "type": "Polygon", "coordinates": [ [ [ -54.8971, -2.8506 ], [ -54.9309, -2.9655 ], [ -54.9203, -3.0796 ], [ -55.0122, -3.1011 ], [ -55.0321, -3.1785 ], [ -55.0091, -3.182 ], [ -54.9958, -3.2274 ], [ -54.9495, -3.2127 ], [ -54.8659, -3.5583 ], [ -54.8304, -3.5901 ], [ -54.8487, -3.6494 ], [ -54.8191, -3.6872 ], [ -54.8262, -3.851 ], [ -54.7969, -3.9056 ], [ -54.8727, -3.9438 ], [ -54.8869, -3.9704 ], [ -54.8815, -4.0261 ], [ -54.9402, -4.0636 ], [ -55.0381, -4.0723 ], [ -55.1005, -4.1037 ], [ -55.1591, -4.0875 ], [ -55.1658, -4.1053 ], [ -55.2295, -4.1092 ], [ -55.2341, -4.0875 ], [ -55.2482, -4.0991 ], [ -55.2511, -4.0801 ], [ -55.2976, -4.0804 ], [ -55.2833, -4.0629 ], [ -55.3267, -4.0511 ], [ -55.2983, -4.0032 ], [ -55.3186, -3.9938 ], [ -55.3057, -3.9837 ], [ -55.3234, -3.9424 ], [ -55.3144, -3.9167 ], [ -55.3357, -3.8969 ], [ -55.3171, -3.8821 ], [ -55.3374, -3.844 ], [ -55.3568, -3.8416 ], [ -55.341, -3.8263 ], [ -55.3542, -3.8328 ], [ -55.3561, -3.8005 ], [ -55.3698, -3.8061 ], [ -55.3738, -3.7779 ], [ -55.4099, -3.7584 ], [ -55.3833, -3.7515 ], [ -55.4035, -3.7235 ], [ -55.3471, -3.6824 ], [ -55.3372, -3.654 ], [ -55.2599, -3.651 ], [ -55.26, -3.6059 ], [ -55.2927, -3.5707 ], [ -55.2276, -3.426 ], [ -55.1932, -3.2805 ], [ -55.1614, -3.244 ], [ -55.1578, -3.1514 ], [ -55.1405, -3.1227 ], [ -55.1271, -3.1318 ], [ -55.1235, -3.1265 ], [ -55.1465, -3.1073 ], [ -55.1334, -3.0986 ], [ -55.1339, -3.0853 ], [ -55.1034, -3.0953 ], [ -55.1344, -3.0817 ], [ -55.1446, -3.0984 ], [ -55.1213, -3.0514 ], [ -55.1046, -3.0397 ], [ -55.1062, -3.0542 ], [ -55.0969, -3.0516 ], [ -55.0978, -3.0217 ], [ -55.109, -3.0269 ], [ -55.1104, -3.0169 ], [ -55.0979, -3.017 ], [ -55.061, -2.9119 ], [ -55.0772, -2.8954 ], [ -55.0325, -2.8196 ], [ -55.0245, -2.7637 ], [ -55.0144, -2.7513 ], [ -54.8962, -2.7513 ], [ -54.8971, -2.8506 ] ] ] } },
{ "type": "Feature", "properties": { "tipo": "UC", "nome": "RESERVA DE DESENVOLVIMENTO SUSTENTÁVEL IGAPÓ-AÇU" }, "geometry": { "type": "Polygon", "coordinates": [ [ [ -61.9767, -4.9281 ], [ -61.9066, -4.8901 ], [ -61.854, -4.9029 ], [ -61.837, -4.9301 ], [ -61.7939, -4.9315 ], [ -61.7284, -4.9019 ], [ -61.7019, -4.914 ], [ -61.6549, -4.8882 ], [ -61.6597, -4.8572 ], [ -61.5989, -4.8446 ], [ -61.5995, -4.8279 ], [ -61.5618, -4.8149 ], [ -61.569, -4.807 ], [ -61.5253, -4.8177 ], [ -61.5084, -4.8395 ], [ -61.4675, -4.8318 ], [ -61.4462, -4.7988 ], [ -61.427, -4.8083 ], [ -61.4384, -4.7864 ], [ -61.4184, -4.7611 ], [ -61.4252, -4.7431 ], [ -61.4055, -4.7456 ], [ -61.4023, -4.7296 ], [ -61.4181, -4.7152 ], [ -61.3823, -4.672 ], [ -61.3171, -4.7229 ], [ -61.3085, -4.7002 ], [ -61.2084, -4.7237 ], [ -61.2012, -4.7083 ], [ -61.2199, -4.6852 ], [ -61.1781, -4.6838 ], [ -61.1632, -4.6477 ], [ -61.1401, -4.6597 ], [ -61.1309, -4.6323 ], [ -61.1098, -4.616 ], [ -61.1006, -4.627 ], [ -61.0824, -4.5905 ], [ -61.0718, -4.6184 ], [ -61.0057, -4.6224 ], [ -60.998, -4.6465 ], [ -60.9772, -4.6184 ], [ -60.9561, -4.6375 ], [ -60.9376, -4.5953 ], [ -60.9164, -4.6025 ], [ -60.9189, -4.5701 ], [ -60.885, -4.541 ], [ -60.8496, -4.5339 ], [ -60.8611, -4.5584 ], [ -60.835, -4.5606 ], [ -60.8477, -4.5992 ], [ -60.8294, -4.6392 ], [ -60.8848, -4.7576 ], [ -60.9023, -4.7454 ], [ -60.9624, -4.7802 ], [ -61.0787, -4.8154 ], [ -61.169, -4.8683 ], [ -61.2042, -4.8467 ], [ -61.2341, -4.8816 ], [ -61.2752, -4.883 ], [ -61.3328, -4.9229 ], [ -61.3375, -4.9489 ], [ -61.3769, -4.9837 ], [ -61.3665, -5.0159 ], [ -61.427, -5.0625 ], [ -61.5082, -5.0569 ], [ -61.5745, -5.0725 ], [ -61.7156, -5.131 ], [ -61.7512, -5.1688 ], [ -61.7439, -5.2298 ], [ -61.7843, -5.2391 ], [ -61.7793, -5.2507 ], [ -61.8356, -5.197 ], [ -61.9436, -5.2941 ], [ -62.0197, -5.3233 ], [ -62.2481, -5.1747 ], [ -62.1934, -5.1719 ], [ -62.1709, -5.155 ], [ -62.1633, -5.0977 ], [ -62.1127, -5.0478 ], [ -62.057, -5.033 ], [ -62.0144, -4.983 ], [ -61.9761, -4.986 ], [ -61.9647, -4.9675 ], [ -61.9767, -4.9281 ] ] ] } },
{ "type": "Feature", "properties": { "tipo": "UC", "nome": "PARQUE ESTADUAL DE MONTE ALEGRE" }, "geometry": { "type": "Polygon", "coordinates": [ [ [ -54.1569, -2.0054 ], [ -54.1343, -2.0331 ], [ -54.163, -2.0668 ], [ -54.1903, -2.0683 ], [ -54.2178, -2.0332 ], [ -54.1569, -2.0054 ] ] ] } },
{ "type": "Feature", "properties": { "tipo": "UC", "nome": "ÁREA DE PROTEÇÃO AMBIENTAL DA REGIÃO METROLPOLITANA DE BELÉM" }, "geometry": { "type": "Polygon", "coordinates": [ [ [ -48.4025, -1.3853 ], [ -48.3908, -1.4088 ], [ -48.3678, -1.3999 ], [ -48.3392, -1.4187 ], [ -48.3439, -1.4518 ], [ -48.4583, -1.4784 ], [ -48.4443, -1.4596 ], [ -48.4531, -1.4283 ], [ -48.4408, -1.41 ], [ -48.4025, -1.3853 ] ], [ [ -48.411, -1.3952 ], [ -48.4463, -1.4237 ], [ -48.4264, -1.4393 ], [ -48.3992, -1.4275 ], [ -48.3984, -1.4013 ], [ -48.4155, -1.4108 ], [ -48.411, -1.3952 ] ] ] } },
{ "type": "Feature", "properties": { "tipo": "UC", "nome": "RESERVA EXTRATIVISTA ALTO TARAUACÁ" }, "geometry": { "type": "Polygon", "coordinates": [ [ [ -71.9899, -9.2189 ], [ -72.0067, -9.2515 ], [ -72.0482, -9.2201 ], [ -72.034, -9.2066 ], [ -72.0608, -9.1569 ], [ -72.0423, -9.1485 ], [ -72.0475, -9.1276 ], [ -72.0289, -9.1192 ], [ -72.0192, -9.0761 ], [ -72.0265, -9.0371 ], [ -72.0105, -9.0014 ], [ -72.0263, -8.9881 ], [ -72.0309, -8.9418 ], [ -72.0583, -8.9169 ], [ -72.1112, -8.918 ], [ -72.1154, -8.9307 ], [ -72.1689, -8.9115 ], [ -72.1194, -8.8915 ], [ -72.0678, -8.8385 ], [ -72.0822, -8.799 ], [ -72.1167, -8.7789 ], [ -72.0741, -8.784 ], [ -72.0518, -8.7679 ], [ -72.015, -8.7144 ], [ -72.0371, -8.7001 ], [ -72.0333, -8.6838 ], [ -72.0262, -8.6954 ], [ -72.0233, -8.6838 ], [ -71.9983, -8.6865 ], [ -71.9991, -8.6643 ], [ -71.9573, -8.6689 ], [ -71.9185, -8.6225 ], [ -71.8399, -8.6142 ], [ -71.7717, -8.6706 ], [ -71.8004, -8.6933 ], [ -71.7809, -8.7178 ], [ -71.7209, -8.6777 ], [ -71.6825, -8.692 ], [ -71.6744, -8.7165 ], [ -71.7163, -8.722 ], [ -71.7122, -8.7407 ], [ -71.7508, -8.7629 ], [ -71.7647, -8.7979 ], [ -71.8136, -8.8208 ], [ -71.8345, -8.8723 ], [ -71.8247, -8.9028 ], [ -71.8404, -8.8988 ], [ -71.8571, -8.9263 ], [ -71.8561, -8.9559 ], [ -71.8876, -8.9614 ], [ -71.8841, -9.0072 ], [ -71.8517, -9.0708 ], [ -71.8533, -9.1136 ], [ -71.9097, -9.1982 ], [ -71.9639, -9.1742 ], [ -71.9702, -9.2182 ], [ -71.9899, -9.2189 ] ] ] } },
{ "type": "Feature", "properties": { "tipo": "UC", "nome": "RESERVA EXTRATIVISTA MARINHA MESTRE LUCINDO" }, "geometry": { "type": "MultiPolygon", "coordinates": [ [ [ [ -47.6397, -0.6738 ], [ -47.6342, -0.7089 ], [ -47.6479, -0.7169 ], [ -47.6949, -0.7265 ], [ -47.7278, -0.7506 ], [ -47.7295, -0.8205 ], [ -47.7067, -0.8346 ], [ -47.7121, -0.8619 ], [ -47.6996, -0.8603 ], [ -47.6925, -0.8695 ], [ -47.6899, -0.8424 ], [ -47.6825, -0.8663 ], [ -47.6477, -0.8796 ], [ -47.6753, -0.8862 ], [ -47.7039, -0.863 ], [ -47.7252, -0.8885 ], [ -47.7186, -0.8544 ], [ -47.7783, -0.8652 ], [ -47.7264, -0.8294 ], [ -47.7313, -0.8204 ], [ -47.7318, -0.7884 ], [ -47.7352, -0.7886 ], [ -47.7305, -0.7689 ], [ -47.7573, -0.7752 ], [ -47.7301, -0.748 ], [ -47.7489, -0.7508 ], [ -47.7356, -0.7372 ], [ -47.7507, -0.7247 ], [ -47.7591, -0.7446 ], [ -47.7626, -0.7431 ], [ -47.7595, -0.7135 ], [ -47.7368, -0.7059 ], [ -47.7325, -0.7271 ], [ -47.7205, -0.7116 ], [ -47.7185, -0.7391 ], [ -47.6744, -0.6951 ], [ -47.6624, -0.7011 ], [ -47.6636, -0.675 ], [ -47.6397, -0.6738 ] ] ], [ [ [ -47.7045, -0.7235 ], [ -47.7046, -0.7236 ], [ -47.7044, -0.7233 ], [ -47.7045, -0.7235 ] ] ], [ [ [ -47.6384, -0.6578 ], [ -47.6613, -0.6656 ], [ -47.6817, -0.6542 ], [ -47.6683, -0.6431 ], [ -47.6512, -0.6561 ], [ -47.647, -0.6397 ], [ -47.6384, -0.6578 ] ] ], [ [ [ -47.635, -0.6178 ], [ -47.66, -0.6286 ], [ -47.6729, -0.6068 ], [ -47.6751, -0.6307 ], [ -47.6935, -0.621 ], [ -47.7196, -0.646 ], [ -47.6863, -0.6638 ], [ -47.685, -0.675 ], [ -47.7085, -0.6721 ], [ -47.6978, -0.6825 ], [ -47.7046, -0.7061 ], [ -47.7163, -0.6761 ], [ -47.7328, -0.6752 ], [ -47.7132, -0.6565 ], [ -47.7403, -0.6481 ], [ -47.769, -0.6672 ], [ -47.7569, -0.6055 ], [ -47.7733, -0.5613 ], [ -47.7481, -0.5708 ], [ -47.7453, -0.5431 ], [ -47.709, -0.5377 ], [ -47.72, -0.5503 ], [ -47.6545, -0.5828 ], [ -47.635, -0.6178 ] ], [ [ -47.6792, -0.5904 ], [ -47.6886, -0.5952 ], [ -47.6786, -0.594 ], [ -47.6792, -0.5904 ] ] ] ] } },
{ "type": "Feature", "properties": { "tipo": "UC", "nome": "RESERVA PARTICULAR DO PATRIMÔNIO NATURAL SONHADA" }, "geometry": { "type": "Polygon", "coordinates": [ [ [ -50.0225, -9.7771 ], [ -50.0138, -9.8048 ], [ -50.0457, -9.8081 ], [ -50.0495, -9.7979 ], [ -50.0225, -9.7771 ] ] ] } },
{ "type": "Feature", "properties": { "tipo": "UC", "nome": "RESERVA DE DESENVOLVIMENTO SUSTENTÁVEL PUCURUÍ - ARARÃO" }, "geometry": { "type": "Polygon", "coordinates": [ [ [ -49.7388, -3.9845 ], [ -49.6884, -3.9902 ], [ -49.6868, -4.0382 ], [ -49.6508, -4.0885 ], [ -49.6711, -4.1184 ], [ -49.6653, -4.1926 ], [ -49.6156, -4.2636 ], [ -49.7478, -4.3339 ], [ -49.7175, -4.2876 ], [ -49.7363, -4.2976 ], [ -49.749, -4.2627 ], [ -49.7711, -4.2926 ], [ -49.7786, -4.2802 ], [ -49.7803, -4.3017 ], [ -49.8043, -4.2817 ], [ -49.7572, -4.2596 ], [ -49.7771, -4.2408 ], [ -49.7334, -4.2253 ], [ -49.7344, -4.2142 ], [ -49.7742, -4.2247 ], [ -49.7926, -4.2132 ], [ -49.7493, -4.2164 ], [ -49.738, -4.2048 ], [ -49.7671, -4.2041 ], [ -49.7614, -4.1916 ], [ -49.7733, -4.1983 ], [ -49.7669, -4.1877 ], [ -49.7801, -4.1928 ], [ -49.7852, -4.1753 ], [ -49.8095, -4.2103 ], [ -49.8069, -4.1928 ], [ -49.8309, -4.1921 ], [ -49.8018, -4.1865 ], [ -49.7943, -4.1759 ], [ -49.8117, -4.1853 ], [ -49.8044, -4.1712 ], [ -49.8455, -4.1672 ], [ -49.7932, -4.1701 ], [ -49.8146, -4.1415 ], [ -49.8009, -4.1295 ], [ -49.8051, -4.1499 ], [ -49.7888, -4.1422 ], [ -49.7995, -4.154 ], [ -49.7839, -4.1518 ], [ -49.7805, -4.1656 ], [ -49.7762, -4.1506 ], [ -49.7688, -4.1528 ], [ -49.7743, -4.168 ], [ -49.7665, -4.177 ], [ -49.7627, -4.1617 ], [ -49.7582, -4.1846 ], [ -49.7447, -4.1694 ], [ -49.7483, -4.1919 ], [ -49.7315, -4.1847 ], [ -49.7237, -4.1981 ], [ -49.711, -4.1764 ], [ -49.736, -4.1686 ], [ -49.7213, -4.1667 ], [ -49.7301, -4.1466 ], [ -49.7202, -4.162 ], [ -49.7048, -4.1516 ], [ -49.7053, -4.18 ], [ -49.6853, -4.1784 ], [ -49.6815, -4.1644 ], [ -49.7014, -4.1537 ], [ -49.6752, -4.1504 ], [ -49.6982, -4.1439 ], [ -49.6776, -4.1264 ], [ -49.7157, -4.1351 ], [ -49.6943, -4.1083 ], [ -49.7249, -4.1365 ], [ -49.7167, -4.1146 ], [ -49.735, -4.1258 ], [ -49.7512, -4.1176 ], [ -49.7186, -4.1045 ], [ -49.7197, -4.0911 ], [ -49.7363, -4.107 ], [ -49.7706, -4.0972 ], [ -49.77, -4.085 ], [ -49.7399, -4.0938 ], [ -49.7244, -4.0854 ], [ -49.7528, -4.0808 ], [ -49.7544, -4.0756 ], [ -49.7597, -4.0769 ], [ -49.7623, -4.0708 ], [ -49.7265, -4.0684 ], [ -49.7222, -4.0819 ], [ -49.6984, -4.0693 ], [ -49.7108, -4.0413 ], [ -49.7238, -4.0501 ], [ -49.7203, -4.0324 ], [ -49.7412, -4.0378 ], [ -49.7209, -4.0138 ], [ -49.7178, -4.0221 ], [ -49.6963, -4.0163 ], [ -49.7156, -3.9996 ], [ -49.731, -4.0112 ], [ -49.7177, -3.9931 ], [ -49.751, -4.009 ], [ -49.7388, -3.9845 ] ] ] } },
{ "type": "Feature", "properties": { "tipo": "UC", "nome": "ESTAçãO ECOLóGICA RIO FLOR DO PRADO" }, "geometry": { "type": "Polygon", "coordinates": [ [ [ -60.286, -10.64 ], [ -60.2821, -10.6651 ], [ -60.3227, -10.6777 ], [ -60.3579, -10.7293 ], [ -60.3911, -10.7035 ], [ -60.433, -10.7008 ], [ -60.4348, -10.6627 ], [ -60.286, -10.64 ] ] ] } },
{ "type": "Feature", "properties": { "tipo": "UC", "nome": "RESERVA PARTICULAR DO PATRIMÔNIO NATURAL IRMÃOS SATELIS" }, "geometry": { "type": "Polygon", "coordinates": [ [ [ -61.7627, -11.1081 ], [ -61.767, -11.0991 ], [ -61.7628, -11.0991 ], [ -61.7627, -11.1081 ] ] ] } },
{ "type": "Feature", "properties": { "tipo": "UC", "nome": "FLORESTA NACIONAL DO CREPORI" }, "geometry": { "type": "Polygon", "coordinates": [ [ [ -57.1197, -5.8852 ], [ -57.1074, -5.889 ], [ -57.0994, -5.8996 ], [ -57.1172, -5.9146 ], [ -57.1197, -5.9229 ], [ -57.1181, -5.9305 ], [ -57.105, -5.9323 ], [ -57.1186, -5.9229 ], [ -57.1021, -5.9031 ], [ -57.097, -5.9133 ], [ -57.0862, -5.9113 ], [ -57.1041, -5.8827 ], [ -57.0698, -5.9111 ], [ -57.0786, -5.9218 ], [ -57.0628, -5.9186 ], [ -57.0694, -5.9349 ], [ -57.0669, -5.9372 ], [ -57.0597, -5.9273 ], [ -57.0513, -5.9378 ], [ -57.0488, -5.9403 ], [ -57.0482, -5.9394 ], [ -57.0647, -5.9127 ], [ -57.0302, -5.9025 ], [ -56.9871, -5.9479 ], [ -56.9609, -5.9444 ], [ -56.972, -5.9967 ], [ -56.9119, -6.0156 ], [ -56.7278, -5.9674 ], [ -56.6004, -5.9997 ], [ -56.5989, -6.0123 ], [ -56.6287, -6.0206 ], [ -56.6505, -6.0495 ], [ -56.6632, -6.0412 ], [ -56.6778, -6.0643 ], [ -56.7246, -6.0721 ], [ -56.7271, -6.1118 ], [ -56.7516, -6.1319 ], [ -56.7547, -6.1583 ], [ -56.7261, -6.1908 ], [ -56.7436, -6.2077 ], [ -56.744, -6.2376 ], [ -56.7175, -6.2847 ], [ -56.7848, -6.3714 ], [ -56.808, -6.4575 ], [ -56.8248, -6.4564 ], [ -56.8235, -6.4789 ], [ -56.8423, -6.4956 ], [ -56.8333, -6.5065 ], [ -56.8524, -6.5273 ], [ -56.8589, -6.586 ], [ -56.8358, -6.6158 ], [ -56.8661, -6.6655 ], [ -56.8856, -6.6658 ], [ -56.8774, -6.6913 ], [ -56.8946, -6.6998 ], [ -56.8601, -6.7497 ], [ -56.8503, -6.8714 ], [ -56.8716, -6.894 ], [ -57.0191, -6.887 ], [ -57.0571, -6.9248 ], [ -57.0837, -6.9183 ], [ -57.121, -6.9855 ], [ -57.0968, -7.014 ], [ -57.1137, -7.0948 ], [ -57.0955, -7.1207 ], [ -57.1312, -7.135 ], [ -57.1755, -7.1278 ], [ -57.2138, -7.225 ], [ -57.2507, -7.219 ], [ -57.2723, -7.1838 ], [ -57.2627, -7.1618 ], [ -57.3132, -7.0858 ], [ -57.3221, -6.9838 ], [ -57.3855, -6.8978 ], [ -57.4039, -6.8924 ], [ -57.3992, -6.8396 ], [ -57.4419, -6.8122 ], [ -57.4259, -6.782 ], [ -57.4326, -6.6999 ], [ -57.414, -6.6162 ], [ -57.4359, -6.5793 ], [ -57.4303, -6.5443 ], [ -57.4504, -6.5197 ], [ -57.441, -6.4794 ], [ -57.4584, -6.4682 ], [ -57.4569, -6.4657 ], [ -57.4505, -6.4677 ], [ -57.4467, -6.4652 ], [ -57.46, -6.4489 ], [ -57.4497, -6.4351 ], [ -57.4659, -6.405 ], [ -57.4551, -6.3903 ], [ -57.4749, -6.2993 ], [ -57.4938, -6.2629 ], [ -57.5231, -6.245 ], [ -57.4965, -6.2437 ], [ -57.4466, -6.2813 ], [ -57.3891, -6.2798 ], [ -57.3283, -6.3407 ], [ -57.3004, -6.3217 ], [ -57.304, -6.2882 ], [ -57.25, -6.192 ], [ -57.2547, -6.16 ], [ -57.2821, -6.1433 ], [ -57.2457, -6.108 ], [ -57.2391, -6.0222 ], [ -57.1619, -5.9545 ], [ -57.1688, -5.9315 ], [ -57.1306, -5.9165 ], [ -57.1197, -5.8852 ] ] ] } },
{ "type": "Feature", "properties": { "tipo": "UC", "nome": "RESERVA EXTRATIVISTA AQUARIQUARA" }, "geometry": { "type": "Polygon", "coordinates": [ [ [ -61.9874, -9.7552 ], [ -62.0106, -9.7449 ], [ -62.0006, -9.7875 ], [ -62.1382, -9.7874 ], [ -62.1443, -9.7503 ], [ -62.1614, -9.7442 ], [ -62.1542, -9.735 ], [ -62.1299, -9.7486 ], [ -62.1443, -9.7121 ], [ -62.1087, -9.6973 ], [ -62.1091, -9.6751 ], [ -62.0919, -9.6946 ], [ -62.0791, -9.6879 ], [ -62.0809, -9.7335 ], [ -62.0625, -9.7343 ], [ -62.0521, -9.6695 ], [ -62.032, -9.6725 ], [ -62.0125, -9.6449 ], [ -62.0012, -9.6199 ], [ -62.0062, -9.5997 ], [ -62.0017, -9.5907 ], [ -61.974, -9.6528 ], [ -61.9976, -9.6563 ], [ -62.0199, -9.6946 ], [ -61.9844, -9.7194 ], [ -61.9981, -9.7339 ], [ -61.9874, -9.7552 ] ] ] } },
{ "type": "Feature", "properties": { "tipo": "UC", "nome": "PARQUE ESTADUAL DO BACANGA" }, "geometry": { "type": "Polygon", "coordinates": [ [ [ -44.2786, -2.5712 ], [ -44.2478, -2.5579 ], [ -44.2409, -2.5743 ], [ -44.2772, -2.6308 ], [ -44.3025, -2.5992 ], [ -44.2786, -2.5712 ] ], [ [ -44.2785, -2.5712 ], [ -44.2786, -2.5713 ], [ -44.2785, -2.5713 ], [ -44.2785, -2.5712 ] ] ] } },
{ "type": "Feature", "properties": { "tipo": "UC", "nome": "PARQUE NATURAL MUNICIPAL UIRAPURU" }, "geometry": { "type": "Polygon", "coordinates": [ [ [ -59.4497, -14.4019 ], [ -59.4224, -14.4067 ], [ -59.4603, -14.4203 ], [ -59.4585, -14.3737 ], [ -59.4497, -14.4019 ] ] ] } },
{ "type": "Feature", "properties": { "tipo": "UC", "nome": "RESERVA BIOLÓGICA DO LAGO PIRATUBA" }, "geometry": { "type": "Polygon", "coordinates": [ [ [ -49.8824, 1.4669 ], [ -49.9091, 1.3128 ], [ -50.0015, 1.2346 ], [ -50.1297, 1.2227 ], [ -50.1166, 1.2938 ], [ -50.1284, 1.3411 ], [ -50.2191, 1.3494 ], [ -50.2959, 1.3084 ], [ -50.3124, 1.2598 ], [ -50.2805, 1.2192 ], [ -50.3065, 1.1833 ], [ -50.3458, 1.1726 ], [ -50.3921, 1.1965 ], [ -50.45, 1.1703 ], [ -50.5336, 1.3059 ], [ -50.5329, 1.3604 ], [ -50.5681, 1.4386 ], [ -50.5336, 1.5223 ], [ -50.5456, 1.6 ], [ -50.4492, 1.6 ], [ -50.4475, 1.8183 ], [ -50.3977, 1.806 ], [ -50.3226, 1.825 ], [ -50.2958, 1.8119 ], [ -50.1608, 1.8143 ], [ -50.0, 1.7447 ], [ -50.0, 1.6317 ], [ -49.9027, 1.6317 ], [ -49.8824, 1.4669 ] ] ] } },
{ "type": "Feature", "properties": { "tipo": "UC", "nome": "ÁREA DE PROTEÇÃO AMBIENTAL NASCENTES DO RIO PARAGUAI" }, "geometry": { "type": "Polygon", "coordinates": [ [ [ -56.4844, -14.5033 ], [ -56.4725, -14.4594 ], [ -56.4091, -14.4561 ], [ -56.3784, -14.5 ], [ -56.3331, -14.475 ], [ -56.3199, -14.516 ], [ -56.2941, -14.5125 ], [ -56.2575, -14.544 ], [ -56.25, -14.5855 ], [ -56.2757, -14.626 ], [ -56.3456, -14.6088 ], [ -56.4084, -14.6442 ], [ -56.4434, -14.6299 ], [ -56.4936, -14.6887 ], [ -56.5464, -14.6973 ], [ -56.6203, -14.7502 ], [ -56.6273, -14.7154 ], [ -56.6682, -14.7152 ], [ -56.6627, -14.6784 ], [ -56.6753, -14.6699 ], [ -56.5838, -14.6176 ], [ -56.5917, -14.5293 ], [ -56.5647, -14.5286 ], [ -56.5173, -14.4864 ], [ -56.4844, -14.5033 ] ] ] } },
{ "type": "Feature", "properties": { "tipo": "UC", "nome": "ÁREA DE PROTEÇÃO AMBIENTAL MEANDROS DO ARAGUAIA" }, "geometry": { "type": "MultiPolygon", "coordinates": [ [ [ [ -50.8983, -13.7366 ], [ -50.8758, -13.7112 ], [ -50.9031, -13.6813 ], [ -50.8722, -13.6417 ], [ -50.8962, -13.5099 ], [ -50.8769, -13.4182 ], [ -50.9114, -13.383 ], [ -50.9017, -13.3648 ], [ -50.9146, -13.3434 ], [ -50.8859, -13.3205 ], [ -50.8752, -13.267 ], [ -50.8479, -13.2505 ], [ -50.8714, -13.2353 ], [ -50.8505, -13.1962 ], [ -50.8426, -13.1275 ], [ -50.8665, -13.0947 ], [ -50.8487, -13.0554 ], [ -50.8399, -12.9517 ], [ -50.8211, -12.9425 ], [ -50.8329, -12.9309 ], [ -50.8243, -12.9181 ], [ -50.8459, -12.903 ], [ -50.7726, -12.8051 ], [ -50.7207, -12.6203 ], [ -50.6986, -12.6056 ], [ -50.6817, -12.6437 ], [ -50.6433, -12.65 ], [ -50.6516, -12.6763 ], [ -50.62, -12.7334 ], [ -50.6329, -12.7713 ], [ -50.6024, -12.7775 ], [ -50.6213, -12.8163 ], [ -50.5775, -12.7974 ], [ -50.5856, -12.8292 ], [ -50.5568, -12.8328 ], [ -50.5166, -12.7677 ], [ -50.4954, -12.7685 ], [ -50.4867, -12.7486 ], [ -50.4682, -12.755 ], [ -50.493, -12.7838 ], [ -50.4841, -12.8102 ], [ -50.5084, -12.8529 ], [ -50.5005, -12.878 ], [ -50.5272, -12.9355 ], [ -50.5247, -12.9744 ], [ -50.5905, -13.0004 ], [ -50.5722, -13.0453 ], [ -50.6131, -13.0638 ], [ -50.594, -13.1039 ], [ -50.6053, -13.191 ], [ -50.5869, -13.2148 ], [ -50.6106, -13.3103 ], [ -50.6652, -13.3755 ], [ -50.668, -13.4369 ], [ -50.7587, -13.5184 ], [ -50.7685, -13.5942 ], [ -50.8065, -13.6921 ], [ -50.8983, -13.7366 ] ] ], [ [ [ -50.4837, -12.7376 ], [ -50.4663, -12.7284 ], [ -50.4705, -12.7372 ], [ -50.4837, -12.7376 ] ] ], [ [ [ -50.4762, -12.7179 ], [ -50.4792, -12.7164 ], [ -50.4796, -12.7109 ], [ -50.473, -12.7031 ], [ -50.4638, -12.7006 ], [ -50.4762, -12.7179 ] ] ], [ [ [ -50.4491, -12.6964 ], [ -50.4549, -12.6928 ], [ -50.4381, -12.6949 ], [ -50.4491, -12.6964 ] ] ], [ [ [ -50.4332, -12.6915 ], [ -50.435, -12.6922 ], [ -50.4344, -12.6862 ], [ -50.4332, -12.6915 ] ] ], [ [ [ -50.437, -12.6774 ], [ -50.4338, -12.6662 ], [ -50.4347, -12.6855 ], [ -50.437, -12.6774 ] ] ], [ [ [ -50.4344, -12.6641 ], [ -50.4344, -12.6647 ], [ -50.4345, -12.6642 ], [ -50.4344, -12.6641 ] ] ], [ [ [ -50.433, -12.6501 ], [ -50.427, -12.6526 ], [ -50.435, -12.6629 ], [ -50.433, -12.6501 ] ] ], [ [ [ -50.4259, -12.6395 ], [ -50.4128, -12.6461 ], [ -50.4262, -12.6414 ], [ -50.4398, -12.6502 ], [ -50.4259, -12.6395 ] ] ], [ [ [ -50.4176, -12.6329 ], [ -50.4178, -12.634 ], [ -50.4182, -12.6297 ], [ -50.4176, -12.6329 ] ] ], [ [ [ -50.405, -12.611 ], [ -50.3924, -12.6101 ], [ -50.3918, -12.6057 ], [ -50.3924, -12.6129 ], [ -50.4185, -12.6249 ], [ -50.405, -12.611 ] ] ], [ [ [ -50.3983, -12.5991 ], [ -50.3981, -12.6029 ], [ -50.3995, -12.602 ], [ -50.3983, -12.5991 ] ] ], [ [ [ -50.3908, -12.5919 ], [ -50.3869, -12.5869 ], [ -50.3881, -12.5911 ], [ -50.3979, -12.5987 ], [ -50.3908, -12.5919 ] ] ], [ [ [ -50.3855, -12.5804 ], [ -50.3854, -12.5802 ], [ -50.3855, -12.5807 ], [ -50.3855, -12.5804 ] ] ], [ [ [ -50.365, -12.5515 ], [ -50.3597, -12.5528 ], [ -50.3696, -12.5567 ], [ -50.365, -12.5515 ] ] ], [ [ [ -50.3571, -12.5399 ], [ -50.3662, -12.5446 ], [ -50.3576, -12.5384 ], [ -50.3571, -12.5399 ] ] ], [ [ [ -50.3318, -12.5333 ], [ -50.3327, -12.5356 ], [ -50.3474, -12.5345 ], [ -50.3318, -12.5333 ] ] ], [ [ [ -50.3332, -12.5228 ], [ -50.3332, -12.523 ], [ -50.3335, -12.5225 ], [ -50.3332, -12.5228 ] ] ], [ [ [ -50.3262, -12.5121 ], [ -50.3138, -12.5196 ], [ -50.3337, -12.522 ], [ -50.3262, -12.5121 ] ] ], [ [ [ -50.3252, -12.5083 ], [ -50.3246, -12.5071 ], [ -50.3185, -12.5089 ], [ -50.3252, -12.5083 ] ] ], [ [ [ -50.3063, -12.4905 ], [ -50.2859, -12.4823 ], [ -50.3229, -12.5043 ], [ -50.3063, -12.4905 ] ] ], [ [ [ -50.2824, -12.4779 ], [ -50.2821, -12.4773 ], [ -50.2743, -12.4788 ], [ -50.2824, -12.4779 ] ] ], [ [ [ -50.2684, -12.4774 ], [ -50.2613, -12.4747 ], [ -50.2636, -12.477 ], [ -50.2684, -12.4774 ] ] ], [ [ [ -50.2525, -12.4591 ], [ -50.2295, -12.4527 ], [ -50.2269, -12.4462 ], [ -50.2244, -12.4438 ], [ -50.2093, -12.4467 ], [ -50.2558, -12.4649 ], [ -50.2525, -12.4591 ] ] ], [ [ [ -50.1586, -12.4305 ], [ -50.1431, -12.3956 ], [ -50.1308, -12.4208 ], [ -50.1461, -12.4417 ], [ -50.1304, -12.4621 ], [ -50.1734, -12.4822 ], [ -50.1938, -12.4693 ], [ -50.2187, -12.501 ], [ -50.2162, -12.4839 ], [ -50.1586, -12.4305 ] ] ], [ [ [ -50.2148, -12.4424 ], [ -50.2156, -12.4419 ], [ -50.2083, -12.442 ], [ -50.2064, -12.4443 ], [ -50.2071, -12.4456 ], [ -50.2148, -12.4424 ] ] ], [ [ [ -50.2115, -12.4338 ], [ -50.1966, -12.4288 ], [ -50.1847, -12.4316 ], [ -50.2115, -12.4338 ] ] ], [ [ [ -50.1844, -12.4272 ], [ -50.1844, -12.4294 ], [ -50.1894, -12.4228 ], [ -50.1844, -12.4272 ] ] ], [ [ [ -50.1741, -12.4225 ], [ -50.1875, -12.4225 ], [ -50.1933, -12.412 ], [ -50.1895, -12.4227 ], [ -50.2012, -12.4177 ], [ -50.1929, -12.4101 ], [ -50.1781, -12.4218 ], [ -50.1742, -12.3965 ], [ -50.1485, -12.3959 ], [ -50.1741, -12.4225 ] ] ] ] } },
{ "type": "Feature", "properties": { "tipo": "UC", "nome": "RESERVA EXTRATIVISTA ARIÓCA PRUANÃ" }, "geometry": { "type": "Polygon", "coordinates": [ [ [ -49.9484, -2.1216 ], [ -49.9607, -2.1381 ], [ -49.9474, -2.1562 ], [ -49.9556, -2.1829 ], [ -49.9901, -2.2337 ], [ -49.9461, -2.3062 ], [ -49.9384, -2.3652 ], [ -49.8889, -2.3744 ], [ -49.8888, -2.4013 ], [ -49.8751, -2.4071 ], [ -49.8826, -2.4905 ], [ -49.8663, -2.5589 ], [ -49.887, -2.5629 ], [ -49.9675, -2.5561 ], [ -50.0004, -2.508 ], [ -50.0537, -2.5159 ], [ -50.1091, -2.4103 ], [ -50.1048, -2.3198 ], [ -50.0788, -2.2483 ], [ -50.1091, -2.2012 ], [ -50.1015, -2.1689 ], [ -50.1149, -2.1393 ], [ -50.0852, -2.1216 ], [ -49.9484, -2.1216 ] ] ] } },
{ "type": "Feature", "properties": { "tipo": "UC", "nome": "RESERVA EXTRATIVISTA RIO IRIRI" }, "geometry": { "type": "MultiPolygon", "coordinates": [ [ [ [ -54.8367, -5.2804 ], [ -54.8368, -5.2805 ], [ -54.8366, -5.2802 ], [ -54.8367, -5.2804 ] ] ], [ [ [ -54.8362, -5.2796 ], [ -54.8364, -5.28 ], [ -54.8366, -5.2802 ], [ -54.8362, -5.2796 ] ] ], [ [ [ -54.6153, -4.94 ], [ -54.6044, -4.898 ], [ -54.6772, -4.8008 ], [ -54.6555, -4.7406 ], [ -54.5524, -4.6762 ], [ -54.4943, -4.6914 ], [ -54.3837, -4.5725 ], [ -54.3534, -4.5689 ], [ -54.3157, -4.5943 ], [ -54.276, -4.5357 ], [ -54.2281, -4.55 ], [ -54.2086, -4.5735 ], [ -54.169, -4.5699 ], [ -54.16, -4.5878 ], [ -54.1329, -4.5896 ], [ -54.0917, -4.5502 ], [ -54.0554, -4.5593 ], [ -54.0411, -4.521 ], [ -54.0001, -4.537 ], [ -53.9776, -4.4825 ], [ -53.8904, -4.4537 ], [ -53.7982, -4.3938 ], [ -53.7111, -4.4384 ], [ -53.679, -4.4369 ], [ -53.6747, -4.488 ], [ -53.6424, -4.517 ], [ -53.6735, -4.5504 ], [ -53.6315, -4.5603 ], [ -53.6198, -4.5798 ], [ -53.63, -4.5925 ], [ -53.8747, -4.6283 ], [ -54.044, -4.7565 ], [ -54.197, -4.753 ], [ -54.3823, -4.7866 ], [ -54.4031, -4.8835 ], [ -54.433, -4.9266 ], [ -54.3883, -5.0158 ], [ -54.3861, -5.0873 ], [ -54.3434, -5.1897 ], [ -54.3137, -5.3791 ], [ -54.353, -5.3778 ], [ -54.3624, -5.3987 ], [ -54.4064, -5.4128 ], [ -54.3745, -5.4226 ], [ -54.3517, -5.4734 ], [ -54.4301, -5.479 ], [ -54.4282, -5.406 ], [ -54.4652, -5.3593 ], [ -54.4801, -5.2381 ], [ -54.5268, -5.1441 ], [ -54.5397, -5.178 ], [ -54.6193, -5.2514 ], [ -54.7247, -5.3041 ], [ -54.8003, -5.2953 ], [ -54.8097, -5.2752 ], [ -54.8333, -5.2751 ], [ -54.7449, -5.1387 ], [ -54.7102, -5.1402 ], [ -54.6934, -5.1218 ], [ -54.6632, -5.1362 ], [ -54.6282, -5.1264 ], [ -54.6293, -5.0935 ], [ -54.5534, -5.0062 ], [ -54.6153, -4.94 ] ] ] ] } },
{ "type": "Feature", "properties": { "tipo": "UC", "nome": "AREA DE RELEVANTE INTERESSE ECOLOGICO PARQUE AMBIENTAL ANTONIO DANUBIO LOURENÇO DA SILVA" }, "geometry": { "type": "Polygon", "coordinates": [ [ [ -48.4049, -1.384 ], [ -48.4065, -1.3832 ], [ -48.4049, -1.3824 ], [ -48.4049, -1.384 ] ] ] } },
{ "type": "Feature", "properties": { "tipo": "UC", "nome": "RESERVA BIOLÓGICA RIO OURO PRETO" }, "geometry": { "type": "Polygon", "coordinates": [ [ [ -64.367, -10.9059 ], [ -64.3801, -10.9232 ], [ -64.4068, -10.9216 ], [ -64.4409, -10.9917 ], [ -64.4758, -10.9811 ], [ -64.5155, -10.9997 ], [ -64.5638, -10.9877 ], [ -64.5944, -10.9531 ], [ -64.6451, -10.964 ], [ -64.6672, -10.9898 ], [ -64.7838, -10.9866 ], [ -64.7719, -10.9423 ], [ -64.8878, -10.8846 ], [ -64.8645, -10.8514 ], [ -64.8665, -10.871 ], [ -64.8579, -10.8505 ], [ -64.8415, -10.851 ], [ -64.8379, -10.8788 ], [ -64.8235, -10.8809 ], [ -64.8187, -10.8501 ], [ -64.7046, -10.859 ], [ -64.6816, -10.8409 ], [ -64.6359, -10.8409 ], [ -64.6125, -10.8502 ], [ -64.6122, -10.8682 ], [ -64.5665, -10.8773 ], [ -64.5662, -10.9044 ], [ -64.4974, -10.9043 ], [ -64.4974, -10.8592 ], [ -64.4294, -10.8454 ], [ -64.4292, -10.9042 ], [ -64.367, -10.9059 ] ] ] } },
{ "type": "Feature", "properties": { "tipo": "UC", "nome": "FLORESTA ESTADUAL DE IRIRI" }, "geometry": { "type": "Polygon", "coordinates": [ [ [ -54.4704, -5.8341 ], [ -54.46, -5.8208 ], [ -54.4191, -5.8731 ], [ -54.3799, -5.8837 ], [ -54.3806, -5.983 ], [ -54.2743, -6.3883 ], [ -54.3487, -6.4581 ], [ -54.2883, -6.5268 ], [ -54.2629, -6.5363 ], [ -54.216, -6.5177 ], [ -54.1478, -6.5191 ], [ -54.1485, -6.5579 ], [ -54.1836, -6.5715 ], [ -54.1893, -6.5929 ], [ -54.1593, -6.6352 ], [ -54.1745, -6.6654 ], [ -54.1563, -6.6713 ], [ -54.1861, -6.7129 ], [ -54.1654, -6.7265 ], [ -54.158, -6.773 ], [ -54.2095, -6.8212 ], [ -54.2648, -6.8429 ], [ -54.317, -6.8288 ], [ -54.3371, -6.8426 ], [ -54.3645, -6.8221 ], [ -54.4138, -6.841 ], [ -54.4654, -6.81 ], [ -54.4604, -6.7903 ], [ -54.5024, -6.7843 ], [ -54.5724, -6.7201 ], [ -54.6056, -6.7107 ], [ -54.6166, -6.674 ], [ -54.5957, -6.6372 ], [ -54.5971, -6.5667 ], [ -54.6341, -6.592 ], [ -54.7075, -6.565 ], [ -54.7284, -6.5181 ], [ -54.7267, -6.477 ], [ -54.7617, -6.4522 ], [ -54.7321, -6.427 ], [ -54.7216, -6.3683 ], [ -54.6694, -6.3396 ], [ -54.7359, -6.0876 ], [ -54.7048, -6.06 ], [ -54.7034, -6.037 ], [ -54.6378, -6.007 ], [ -54.6294, -6.016 ], [ -54.6228, -5.9657 ], [ -54.5466, -5.9042 ], [ -54.509, -5.8323 ], [ -54.4704, -5.8341 ] ] ] } },
{ "type": "Feature", "properties": { "tipo": "UC", "nome": "RESERVA EXTRATIVISTA MARINHA CUINARANA" }, "geometry": { "type": "Polygon", "coordinates": [ [ [ -47.5922, -0.7034 ], [ -47.5822, -0.7493 ], [ -47.5993, -0.7607 ], [ -47.5837, -0.7646 ], [ -47.5674, -0.7903 ], [ -47.5873, -0.7695 ], [ -47.5683, -0.8104 ], [ -47.5731, -0.825 ], [ -47.5908, -0.7764 ], [ -47.5952, -0.7979 ], [ -47.6035, -0.7711 ], [ -47.6193, -0.7821 ], [ -47.5935, -0.7365 ], [ -47.6066, -0.7429 ], [ -47.5977, -0.7227 ], [ -47.6157, -0.6989 ], [ -47.6087, -0.7213 ], [ -47.6156, -0.7459 ], [ -47.6134, -0.7195 ], [ -47.6291, -0.711 ], [ -47.6506, -0.7286 ], [ -47.6256, -0.7285 ], [ -47.6311, -0.7463 ], [ -47.6463, -0.7386 ], [ -47.6426, -0.7549 ], [ -47.6551, -0.7362 ], [ -47.6614, -0.7509 ], [ -47.6638, -0.7354 ], [ -47.6864, -0.7495 ], [ -47.69, -0.7619 ], [ -47.6406, -0.779 ], [ -47.635, -0.7681 ], [ -47.6302, -0.7818 ], [ -47.6421, -0.8115 ], [ -47.6572, -0.7786 ], [ -47.6707, -0.7906 ], [ -47.6608, -0.7967 ], [ -47.6908, -0.8054 ], [ -47.6916, -0.8203 ], [ -47.6811, -0.8151 ], [ -47.6767, -0.8209 ], [ -47.6852, -0.843 ], [ -47.6685, -0.8293 ], [ -47.6704, -0.8636 ], [ -47.6821, -0.8665 ], [ -47.6931, -0.8422 ], [ -47.6914, -0.8684 ], [ -47.7112, -0.8631 ], [ -47.7067, -0.8346 ], [ -47.7298, -0.8179 ], [ -47.7255, -0.7461 ], [ -47.6198, -0.6932 ], [ -47.5922, -0.7034 ] ] ] } },
{ "type": "Feature", "properties": { "tipo": "UC", "nome": "ÁREA DE PROTEÇÃO AMBIENTAL DOS CAMPOS DE MANICORÉ" }, "geometry": { "type": "Polygon", "coordinates": [ [ [ -61.2595, -6.8141 ], [ -61.2634, -6.9201 ], [ -61.2364, -6.9985 ], [ -61.2575, -7.0526 ], [ -61.2014, -7.1304 ], [ -61.2297, -7.1169 ], [ -61.2244, -7.1326 ], [ -61.2441, -7.1555 ], [ -61.2053, -7.1907 ], [ -61.2013, -7.2121 ], [ -61.2163, -7.227 ], [ -61.1879, -7.2523 ], [ -61.2412, -7.271 ], [ -61.23, -7.3053 ], [ -61.2765, -7.2992 ], [ -61.2768, -7.3168 ], [ -61.3275, -7.3528 ], [ -61.3194, -7.3712 ], [ -61.3417, -7.3879 ], [ -61.3125, -7.3998 ], [ -61.3292, -7.4138 ], [ -61.3115, -7.4203 ], [ -61.312, -7.4506 ], [ -61.3514, -7.468 ], [ -61.3721, -7.4379 ], [ -61.4023, -7.4434 ], [ -61.4325, -7.4269 ], [ -61.4387, -7.3056 ], [ -61.4145, -7.2579 ], [ -61.5503, -6.9397 ], [ -61.2595, -6.8141 ] ] ] } },
{ "type": "Feature", "properties": { "tipo": "UC", "nome": "ÁREA DE PROTEÇÃO AMBIENTAL LAGO DE SÃO SALVADOR DO TOCANTINS, PARANÃ E PALMEIRÓPOLIS" }, "geometry": { "type": "Polygon", "coordinates": [ [ [ -48.1848, -13.1515 ], [ -48.1759, -13.1404 ], [ -48.1538, -13.1466 ], [ -48.1375, -13.1021 ], [ -48.1615, -13.0489 ], [ -48.1776, -13.0481 ], [ -48.1578, -13.0356 ], [ -48.1501, -12.9862 ], [ -48.1693, -12.9792 ], [ -48.204, -12.9174 ], [ -48.2141, -12.853 ], [ -48.2395, -12.8541 ], [ -48.2682, -12.8275 ], [ -48.2456, -12.8211 ], [ -48.2448, -12.7955 ], [ -48.2198, -12.8248 ], [ -48.1926, -12.827 ], [ -48.1936, -12.852 ], [ -48.1726, -12.8743 ], [ -48.1814, -12.9003 ], [ -48.1309, -12.9749 ], [ -48.1454, -13.0556 ], [ -48.119, -13.1115 ], [ -48.16, -13.1888 ], [ -48.1477, -13.2157 ], [ -48.1634, -13.2369 ], [ -48.1533, -13.2417 ], [ -48.1472, -13.2768 ], [ -48.1572, -13.3068 ], [ -48.1675, -13.3005 ], [ -48.1524, -13.2813 ], [ -48.1553, -13.2499 ], [ -48.1671, -13.2393 ], [ -48.1518, -13.2171 ], [ -48.1637, -13.1859 ], [ -48.1424, -13.1545 ], [ -48.1848, -13.1515 ] ] ] } },
{ "type": "Feature", "properties": { "tipo": "UC", "nome": "PARQUE NATURAL MUNICIPAL DO MORRO DOS VENTOS" }, "geometry": { "type": "Polygon", "coordinates": [ [ [ -49.8936, -6.0646 ], [ -49.8891, -6.0714 ], [ -49.8966, -6.0688 ], [ -49.8936, -6.0646 ] ] ] } },
{ "type": "Feature", "properties": { "tipo": "UC", "nome": "RESERVA EXTRATIVISTA SÃO JOÃO DA PONTA" }, "geometry": { "type": "Polygon", "coordinates": [ [ [ -47.974, -0.7658 ], [ -47.9524, -0.7788 ], [ -47.9396, -0.8255 ], [ -47.9066, -0.8485 ], [ -47.9157, -0.8723 ], [ -47.9224, -0.8763 ], [ -47.9313, -0.8729 ], [ -47.9256, -0.8806 ], [ -47.9281, -0.8931 ], [ -47.9412, -0.8719 ], [ -47.9286, -0.8717 ], [ -47.9249, -0.8738 ], [ -47.9177, -0.8486 ], [ -47.9512, -0.841 ], [ -47.945, -0.8226 ], [ -47.9642, -0.8303 ], [ -47.9495, -0.8174 ], [ -47.959, -0.8076 ], [ -47.979, -0.8215 ], [ -47.9667, -0.7884 ], [ -47.9805, -0.7818 ], [ -47.9843, -0.7953 ], [ -47.9861, -0.7736 ], [ -48.0067, -0.7813 ], [ -48.0034, -0.7965 ], [ -48.015, -0.792 ], [ -47.9979, -0.8293 ], [ -48.0102, -0.8566 ], [ -48.0125, -0.8577 ], [ -48.0166, -0.8551 ], [ -48.0207, -0.8571 ], [ -48.017, -0.8538 ], [ -48.012, -0.857 ], [ -48.0103, -0.8539 ], [ -48.0207, -0.8283 ], [ -48.0045, -0.8219 ], [ -48.0267, -0.8148 ], [ -48.0309, -0.7915 ], [ -47.974, -0.7658 ] ] ] } },
{ "type": "Feature", "properties": { "tipo": "UC", "nome": "RESERVA EXTRATIVISTA SERINGUEIRA" }, "geometry": { "type": "Polygon", "coordinates": [ [ [ -62.0441, -9.5722 ], [ -62.0465, -9.542 ], [ -62.0233, -9.5331 ], [ -62.0441, -9.5722 ] ] ] } },
{ "type": "Feature", "properties": { "tipo": "UC", "nome": "RESERVA EXTRATIVISTA ROXINHO" }, "geometry": { "type": "Polygon", "coordinates": [ [ [ -62.0527, -9.5559 ], [ -62.0647, -9.597 ], [ -62.0866, -9.5894 ], [ -62.0694, -9.5773 ], [ -62.0707, -9.556 ], [ -62.0527, -9.5559 ] ] ] } },
{ "type": "Feature", "properties": { "tipo": "UC", "nome": "ÁREA DE PROTEçãO AMBIENTAL DAS REENTRâNCIAS MARANHENSES" }, "geometry": { "type": "MultiPolygon", "coordinates": [ [ [ [ -45.6585, -1.3705 ], [ -45.6559, -1.3734 ], [ -45.6607, -1.3725 ], [ -45.6585, -1.3705 ] ] ], [ [ [ -45.6524, -1.3692 ], [ -45.6539, -1.3639 ], [ -45.6453, -1.364 ], [ -45.6524, -1.3692 ] ] ], [ [ [ -45.6303, -1.3355 ], [ -45.6265, -1.333 ], [ -45.6306, -1.338 ], [ -45.6303, -1.3355 ] ] ], [ [ [ -45.6416, -1.3227 ], [ -45.6316, -1.3256 ], [ -45.6354, -1.3455 ], [ -45.6391, -1.3393 ], [ -45.6416, -1.3227 ] ] ], [ [ [ -45.6831, -1.3175 ], [ -45.7031, -1.3045 ], [ -45.7014, -1.2968 ], [ -45.6831, -1.3175 ] ] ], [ [ [ -45.6587, -1.2724 ], [ -45.6566, -1.2772 ], [ -45.6605, -1.275 ], [ -45.6587, -1.2724 ] ] ], [ [ [ -45.6575, -1.2449 ], [ -45.6471, -1.2511 ], [ -45.6571, -1.258 ], [ -45.6575, -1.2449 ] ] ], [ [ [ -45.6372, -1.2059 ], [ -45.6457, -1.2996 ], [ -45.6375, -1.3498 ], [ -45.7029, -1.3658 ], [ -45.6807, -1.3476 ], [ -45.695, -1.3346 ], [ -45.6802, -1.3162 ], [ -45.6905, -1.2739 ], [ -45.6625, -1.2538 ], [ -45.6627, -1.2747 ], [ -45.6593, -1.2778 ], [ -45.6484, -1.2785 ], [ -45.6573, -1.2927 ], [ -45.6468, -1.2811 ], [ -45.6473, -1.2771 ], [ -45.6571, -1.2671 ], [ -45.6467, -1.2533 ], [ -45.6436, -1.2444 ], [ -45.6468, -1.2045 ], [ -45.6269, -1.1277 ], [ -45.6126, -1.1624 ], [ -45.6372, -1.2059 ] ] ], [ [ [ -45.8039, -1.239 ], [ -45.7979, -1.2526 ], [ -45.8091, -1.2481 ], [ -45.8039, -1.239 ] ] ], [ [ [ -45.6482, -1.2311 ], [ -45.6518, -1.2343 ], [ -45.6506, -1.2305 ], [ -45.6482, -1.2311 ] ] ], [ [ [ -45.6929, -1.1918 ], [ -45.6681, -1.2459 ], [ -45.6912, -1.2655 ], [ -45.7097, -1.2258 ], [ -45.7002, -1.2032 ], [ -45.6915, -1.2186 ], [ -45.6929, -1.1918 ] ] ], [ [ [ -45.7846, -1.1901 ], [ -45.7999, -1.2284 ], [ -45.8064, -1.191 ], [ -45.7846, -1.1901 ] ] ], [ [ [ -45.6793, -1.1972 ], [ -45.6821, -1.203 ], [ -45.6831, -1.1958 ], [ -45.6793, -1.1972 ] ] ], [ [ [ -45.8667, -1.1922 ], [ -45.8646, -1.1976 ], [ -45.8698, -1.2024 ], [ -45.8667, -1.1922 ] ] ], [ [ [ -45.772, -1.1952 ], [ -45.7682, -1.1906 ], [ -45.7685, -1.1964 ], [ -45.772, -1.1952 ] ] ], [ [ [ -45.9557, -1.1877 ], [ -45.953, -1.1828 ], [ -45.9552, -1.1925 ], [ -45.9557, -1.1877 ] ] ], [ [ [ -45.6859, -1.1893 ], [ -45.6891, -1.1849 ], [ -45.686, -1.1844 ], [ -45.6859, -1.1893 ] ] ], [ [ [ -45.8693, -1.1869 ], [ -45.866, -1.1816 ], [ -45.8676, -1.1896 ], [ -45.8693, -1.1869 ] ] ], [ [ [ -45.8614, -1.1861 ], [ -45.8647, -1.1849 ], [ -45.8623, -1.1811 ], [ -45.8614, -1.1861 ] ] ], [ [ [ -45.7552, -1.1661 ], [ -45.751, -1.172 ], [ -45.7596, -1.1823 ], [ -45.7552, -1.1661 ] ] ], [ [ [ -45.6088, -1.1591 ], [ -45.6048, -1.1509 ], [ -45.6053, -1.1609 ], [ -45.6088, -1.1591 ] ] ], [ [ [ -45.8036, -1.1397 ], [ -45.8255, -1.1503 ], [ -45.8191, -1.1243 ], [ -45.8036, -1.1397 ] ] ], [ [ [ -44.6688, -1.7671 ], [ -44.6534, -1.7189 ], [ -44.6243, -1.7265 ], [ -44.6003, -1.7424 ], [ -44.6034, -1.7653 ], [ -44.5779, -1.773 ], [ -44.607, -1.7929 ], [ -44.6074, -1.8279 ], [ -44.59, -1.7937 ], [ -44.5632, -1.8024 ], [ -44.5614, -1.8476 ], [ -44.5452, -1.818 ], [ -44.5339, -1.8243 ], [ -44.5464, -1.8685 ], [ -44.5559, -1.8703 ], [ -44.5744, -1.8816 ], [ -44.5773, -1.889 ], [ -44.5623, -1.8969 ], [ -44.5271, -1.8778 ], [ -44.5129, -1.8865 ], [ -44.4812, -1.9865 ], [ -44.5085, -2.0075 ], [ -44.4842, -2.0407 ], [ -44.5003, -2.0538 ], [ -44.4638, -2.1442 ], [ -44.3993, -2.2129 ], [ -44.3579, -2.3377 ], [ -44.38, -2.3564 ], [ -44.3726, -2.38 ], [ -44.3884, -2.4086 ], [ -44.4127, -2.4131 ], [ -44.3703, -2.4583 ], [ -44.5, -2.5833 ], [ -45.0, -2.4167 ], [ -44.8, -1.9833 ], [ -45.5, -1.9833 ], [ -45.5, -1.55 ], [ -45.7667, -1.55 ], [ -46.1168, -1.3666 ], [ -46.1057, -1.3321 ], [ -46.1289, -1.3337 ], [ -46.1308, -1.3099 ], [ -46.1489, -1.3077 ], [ -46.1625, -1.2779 ], [ -46.1403, -1.2492 ], [ -46.1507, -1.2244 ], [ -46.1124, -1.1965 ], [ -46.0767, -1.1959 ], [ -46.0593, -1.1047 ], [ -46.0357, -1.1102 ], [ -45.9865, -1.0497 ], [ -45.9643, -1.0582 ], [ -45.9815, -1.114 ], [ -45.9613, -1.1086 ], [ -45.9567, -1.1936 ], [ -45.9454, -1.1986 ], [ -45.8784, -1.0577 ], [ -45.8585, -1.0507 ], [ -45.8443, -1.0723 ], [ -45.8493, -1.1005 ], [ -45.8931, -1.1466 ], [ -45.8702, -1.1539 ], [ -45.8836, -1.1743 ], [ -45.8671, -1.1717 ], [ -45.8724, -1.2026 ], [ -45.8614, -1.2157 ], [ -45.8251, -1.2019 ], [ -45.8286, -1.1772 ], [ -45.7999, -1.1618 ], [ -45.8135, -1.203 ], [ -45.8118, -1.2531 ], [ -45.8001, -1.2558 ], [ -45.7947, -1.252 ], [ -45.7495, -1.1723 ], [ -45.7421, -1.1411 ], [ -45.7191, -1.1303 ], [ -45.7316, -1.1111 ], [ -45.6927, -1.1384 ], [ -45.7349, -1.2058 ], [ -45.7039, -1.2758 ], [ -45.7025, -1.3354 ], [ -45.6865, -1.3476 ], [ -45.7123, -1.3587 ], [ -45.7094, -1.3948 ], [ -45.6982, -1.3711 ], [ -45.6538, -1.3765 ], [ -45.6392, -1.373 ], [ -45.6223, -1.338 ], [ -45.6223, -1.2815 ], [ -45.5932, -1.2664 ], [ -45.5842, -1.2779 ], [ -45.6018, -1.3045 ], [ -45.6002, -1.3381 ], [ -45.5726, -1.2866 ], [ -45.5627, -1.3314 ], [ -45.5423, -1.3381 ], [ -45.5175, -1.3011 ], [ -45.5139, -1.3076 ], [ -45.5269, -1.3403 ], [ -45.5283, -1.3636 ], [ -45.5073, -1.3948 ], [ -45.4886, -1.3771 ], [ -45.4713, -1.3511 ], [ -45.4766, -1.3242 ], [ -45.4503, -1.314 ], [ -45.4627, -1.3023 ], [ -45.418, -1.2943 ], [ -45.418, -1.3463 ], [ -45.4748, -1.3747 ], [ -45.4951, -1.4818 ], [ -45.4677, -1.4805 ], [ -45.4374, -1.4284 ], [ -45.4244, -1.4179 ], [ -45.416, -1.4357 ], [ -45.3706, -1.3949 ], [ -45.3695, -1.3907 ], [ -45.3781, -1.3683 ], [ -45.3545, -1.3368 ], [ -45.3675, -1.3244 ], [ -45.3404, -1.3137 ], [ -45.3055, -1.3353 ], [ -45.3136, -1.3799 ], [ -45.3008, -1.437 ], [ -45.3777, -1.4625 ], [ -45.3947, -1.4883 ], [ -45.3574, -1.4707 ], [ -45.316, -1.4862 ], [ -45.3092, -1.51 ], [ -45.331, -1.5634 ], [ -45.2541, -1.5914 ], [ -45.1955, -1.4867 ], [ -45.17, -1.4914 ], [ -45.1527, -1.4693 ], [ -45.1032, -1.4728 ], [ -45.0941, -1.4547 ], [ -45.0683, -1.4839 ], [ -45.0081, -1.4843 ], [ -45.0012, -1.4998 ], [ -44.9608, -1.5131 ], [ -44.9536, -1.5056 ], [ -44.962, -1.4872 ], [ -44.9367, -1.4861 ], [ -44.8876, -1.4414 ], [ -44.8857, -1.419 ], [ -44.8534, -1.4112 ], [ -44.8289, -1.4312 ], [ -44.8423, -1.4845 ], [ -44.8699, -1.4839 ], [ -44.8496, -1.4935 ], [ -44.8558, -1.5034 ], [ -44.8896, -1.5105 ], [ -44.8954, -1.531 ], [ -44.9176, -1.5373 ], [ -44.9093, -1.6018 ], [ -44.8716, -1.6009 ], [ -44.8552, -1.6155 ], [ -44.8343, -1.5718 ], [ -44.8027, -1.5835 ], [ -44.7805, -1.5786 ], [ -44.7676, -1.5704 ], [ -44.7597, -1.5922 ], [ -44.7066, -1.5502 ], [ -44.6394, -1.6193 ], [ -44.6609, -1.6601 ], [ -44.6869, -1.6398 ], [ -44.7447, -1.6537 ], [ -44.7625, -1.6737 ], [ -44.7615, -1.7082 ], [ -44.7086, -1.716 ], [ -44.6938, -1.7701 ], [ -44.6688, -1.7671 ] ], [ [ -46.0516, -1.1071 ], [ -46.0595, -1.1211 ], [ -46.0546, -1.1125 ], [ -46.0516, -1.1071 ] ] ], [ [ [ -45.134, -1.4609 ], [ -45.1232, -1.4368 ], [ -45.1103, -1.4201 ], [ -45.1041, -1.4657 ], [ -45.134, -1.4609 ] ] ], [ [ [ -45.0746, -1.4593 ], [ -45.0846, -1.442 ], [ -45.0797, -1.428 ], [ -45.0703, -1.4401 ], [ -45.0746, -1.4593 ] ] ], [ [ [ -45.0958, -1.4395 ], [ -45.0865, -1.4228 ], [ -45.0895, -1.4434 ], [ -45.0958, -1.4395 ] ] ], [ [ [ -45.0856, -1.3965 ], [ -45.0948, -1.4105 ], [ -45.1004, -1.4326 ], [ -45.1031, -1.4214 ], [ -45.0856, -1.3965 ] ] ], [ [ [ -45.4156, -1.4184 ], [ -45.4215, -1.4076 ], [ -45.4079, -1.3993 ], [ -45.4056, -1.4092 ], [ -45.4156, -1.4184 ] ] ], [ [ [ -45.3718, -1.3899 ], [ -45.377, -1.3949 ], [ -45.3788, -1.3851 ], [ -45.3718, -1.3899 ] ] ], [ [ [ -45.112, -1.404 ], [ -45.1258, -1.382 ], [ -45.1129, -1.3637 ], [ -45.0914, -1.382 ], [ -45.112, -1.404 ] ] ], [ [ [ -45.0447, -1.3984 ], [ -45.0494, -1.372 ], [ -45.0483, -1.3654 ], [ -45.0447, -1.3984 ] ] ], [ [ [ -45.0755, -1.3872 ], [ -45.0873, -1.3917 ], [ -45.0708, -1.3722 ], [ -45.0755, -1.3872 ] ] ], [ [ [ -45.4745, -1.3498 ], [ -45.5043, -1.3902 ], [ -45.4796, -1.3397 ], [ -45.4745, -1.3498 ] ] ], [ [ [ -45.4971, -1.3568 ], [ -45.4987, -1.3554 ], [ -45.4967, -1.3533 ], [ -45.4971, -1.3568 ] ] ], [ [ [ -45.4991, -1.3519 ], [ -45.4951, -1.3502 ], [ -45.4995, -1.3546 ], [ -45.4991, -1.3519 ] ] ], [ [ [ -45.4913, -1.3443 ], [ -45.4867, -1.3419 ], [ -45.4914, -1.3482 ], [ -45.4913, -1.3443 ] ] ], [ [ [ -45.5249, -1.341 ], [ -45.5254, -1.3395 ], [ -45.5233, -1.3395 ], [ -45.5249, -1.341 ] ] ], [ [ [ -45.0276, -1.3432 ], [ -45.0273, -1.3138 ], [ -44.9906, -1.3232 ], [ -44.9955, -1.3464 ], [ -45.0276, -1.3432 ] ] ], [ [ [ -45.5382, -1.3305 ], [ -45.5587, -1.3145 ], [ -45.5335, -1.3076 ], [ -45.5382, -1.3305 ] ] ], [ [ [ -45.5382, -1.3072 ], [ -45.5406, -1.3038 ], [ -45.5361, -1.3064 ], [ -45.5382, -1.3072 ] ] ], [ [ [ -45.56, -1.2928 ], [ -45.5471, -1.3022 ], [ -45.5582, -1.3081 ], [ -45.56, -1.2928 ] ] ], [ [ [ -45.5683, -1.288 ], [ -45.5484, -1.2748 ], [ -45.545, -1.2891 ], [ -45.5683, -1.288 ] ] ], [ [ [ -45.5759, -1.2716 ], [ -45.5697, -1.2616 ], [ -45.5731, -1.2737 ], [ -45.5759, -1.2716 ] ] ], [ [ [ -45.5346, -1.2131 ], [ -45.5784, -1.2297 ], [ -45.5935, -1.2389 ], [ -45.5652, -1.2143 ], [ -45.5771, -1.2097 ], [ -45.5693, -1.1923 ], [ -45.5346, -1.2131 ] ] ], [ [ [ -44.4664, -2.0653 ], [ -44.4857, -2.081 ], [ -44.4866, -2.0796 ], [ -44.4664, -2.0653 ] ] ], [ [ [ -44.553, -1.8849 ], [ -44.5709, -1.8895 ], [ -44.5749, -1.885 ], [ -44.553, -1.8849 ] ] ], [ [ [ -44.5502, -1.8779 ], [ -44.554, -1.8801 ], [ -44.5585, -1.8798 ], [ -44.5502, -1.8779 ] ] ], [ [ [ -44.5533, -1.8711 ], [ -44.5524, -1.8758 ], [ -44.5559, -1.876 ], [ -44.5533, -1.8711 ] ] ], [ [ [ -44.7416, -1.6792 ], [ -44.7422, -1.6975 ], [ -44.7574, -1.6889 ], [ -44.7416, -1.6792 ] ] ], [ [ [ -44.7496, -1.679 ], [ -44.7445, -1.678 ], [ -44.7495, -1.6793 ], [ -44.7496, -1.679 ] ] ], [ [ [ -44.7299, -1.6575 ], [ -44.7258, -1.671 ], [ -44.7413, -1.6678 ], [ -44.7411, -1.6646 ], [ -44.7299, -1.6575 ] ] ], [ [ [ -44.785, -1.5752 ], [ -44.7808, -1.5724 ], [ -44.7796, -1.5733 ], [ -44.785, -1.5752 ] ] ], [ [ [ -44.7697, -1.5606 ], [ -44.7676, -1.5689 ], [ -44.7752, -1.5736 ], [ -44.7697, -1.5606 ] ] ], [ [ [ -44.8278, -1.5568 ], [ -44.829, -1.567 ], [ -44.8386, -1.5569 ], [ -44.8278, -1.5568 ] ] ], [ [ [ -44.7739, -1.5518 ], [ -44.7871, -1.5644 ], [ -44.7905, -1.5658 ], [ -44.7739, -1.5518 ] ] ], [ [ [ -44.7626, -1.5696 ], [ -44.7529, -1.5364 ], [ -44.735, -1.538 ], [ -44.7326, -1.5528 ], [ -44.7626, -1.5696 ] ] ], [ [ [ -44.8043, -1.5281 ], [ -44.7997, -1.552 ], [ -44.828, -1.5551 ], [ -44.8339, -1.5338 ], [ -44.7801, -1.4777 ], [ -44.777, -1.4932 ], [ -44.7945, -1.5121 ], [ -44.7991, -1.5227 ], [ -44.8176, -1.5271 ], [ -44.8188, -1.5292 ], [ -44.8179, -1.5337 ], [ -44.8043, -1.5281 ] ] ], [ [ [ -44.9635, -1.5115 ], [ -44.9678, -1.4767 ], [ -44.9502, -1.4806 ], [ -44.9655, -1.4887 ], [ -44.9635, -1.5115 ] ] ], [ [ [ -44.7449, -1.5089 ], [ -44.7947, -1.5205 ], [ -44.7712, -1.4852 ], [ -44.7748, -1.4779 ], [ -44.7906, -1.469 ], [ -44.7649, -1.4572 ], [ -44.7449, -1.5089 ] ] ], [ [ [ -45.0212, -1.3794 ], [ -45.0061, -1.3461 ], [ -44.9887, -1.3794 ], [ -44.9858, -1.381 ], [ -44.9742, -1.3771 ], [ -44.9778, -1.3803 ], [ -44.9776, -1.3853 ], [ -44.9833, -1.3876 ], [ -44.9819, -1.3942 ], [ -44.9914, -1.4009 ], [ -45.0212, -1.3794 ] ] ], [ [ [ -44.9689, -1.3483 ], [ -44.9667, -1.3595 ], [ -44.9658, -1.3606 ], [ -44.9595, -1.3624 ], [ -44.9624, -1.3695 ], [ -44.9617, -1.3728 ], [ -44.9537, -1.3756 ], [ -44.9795, -1.3937 ], [ -44.9732, -1.3768 ], [ -44.9881, -1.3782 ], [ -44.9964, -1.3534 ], [ -44.9878, -1.322 ], [ -44.9605, -1.3329 ], [ -44.9689, -1.3483 ] ] ], [ [ [ -44.9189, -1.304 ], [ -44.9309, -1.3141 ], [ -44.9301, -1.32 ], [ -44.9073, -1.3304 ], [ -44.9441, -1.3409 ], [ -44.9044, -1.3379 ], [ -44.9485, -1.3787 ], [ -44.9613, -1.3702 ], [ -44.9592, -1.362 ], [ -44.9659, -1.3593 ], [ -44.9579, -1.3357 ], [ -44.9778, -1.3014 ], [ -44.9682, -1.3058 ], [ -44.962, -1.3022 ], [ -44.9595, -1.3085 ], [ -44.9561, -1.3094 ], [ -44.9277, -1.295 ], [ -44.9279, -1.3053 ], [ -44.9189, -1.304 ] ] ], [ [ [ -44.8938, -1.3474 ], [ -44.8857, -1.318 ], [ -44.8704, -1.3116 ], [ -44.8657, -1.3297 ], [ -44.8938, -1.3474 ] ] ], [ [ [ -44.8876, -1.3121 ], [ -44.8981, -1.2931 ], [ -44.8957, -1.3384 ], [ -44.9074, -1.3231 ], [ -44.9254, -1.3206 ], [ -44.9177, -1.3033 ], [ -44.9528, -1.2676 ], [ -44.8801, -1.2846 ], [ -44.8727, -1.2988 ], [ -44.8876, -1.3121 ] ] ], [ [ [ -44.9413, -1.2886 ], [ -44.9609, -1.3018 ], [ -44.9745, -1.2997 ], [ -44.9772, -1.2999 ], [ -44.979, -1.3021 ], [ -44.9751, -1.3128 ], [ -44.9904, -1.3059 ], [ -44.9839, -1.2992 ], [ -44.9788, -1.2863 ], [ -44.973, -1.2902 ], [ -44.9628, -1.2779 ], [ -44.9413, -1.2886 ] ] ], [ [ [ -44.9909, -1.3058 ], [ -44.9934, -1.2769 ], [ -44.9722, -1.2643 ], [ -44.9634, -1.2779 ], [ -44.9798, -1.2863 ], [ -44.9909, -1.3058 ] ] ] ] } },
{ "type": "Feature", "properties": { "tipo": "UC", "nome": "MONUMENTO NATURAL MORRO CHICO MENDES" }, "geometry": { "type": "Polygon", "coordinates": [ [ [ -62.2258, -10.7226 ], [ -62.2158, -10.735 ], [ -62.2232, -10.7391 ], [ -62.2258, -10.7226 ] ] ] } },
{ "type": "Feature", "properties": { "tipo": "UC", "nome": "RESERVA EXTRATIVISTA MARINHA DE SOURE" }, "geometry": { "type": "MultiPolygon", "coordinates": [ [ [ [ -48.5167, -0.5739 ], [ -48.5443, -0.6258 ], [ -48.5187, -0.6693 ], [ -48.5452, -0.6818 ], [ -48.551, -0.6682 ], [ -48.5598, -0.6689 ], [ -48.5617, -0.6871 ], [ -48.5431, -0.6922 ], [ -48.552, -0.7033 ], [ -48.5668, -0.6824 ], [ -48.5808, -0.645 ], [ -48.568, -0.6429 ], [ -48.5639, -0.6153 ], [ -48.5421, -0.6115 ], [ -48.5485, -0.5777 ], [ -48.5349, -0.5596 ], [ -48.5241, -0.5705 ], [ -48.5293, -0.5529 ], [ -48.5167, -0.5739 ] ] ], [ [ [ -48.4426, -0.2367 ], [ -48.4035, -0.2563 ], [ -48.3698, -0.3059 ], [ -48.3923, -0.3665 ], [ -48.4433, -0.4205 ], [ -48.4712, -0.4972 ], [ -48.4546, -0.5032 ], [ -48.4613, -0.637 ], [ -48.4729, -0.741 ], [ -48.4929, -0.7595 ], [ -48.5106, -0.709 ], [ -48.4948, -0.6883 ], [ -48.5099, -0.6841 ], [ -48.5185, -0.6401 ], [ -48.5025, -0.6272 ], [ -48.5184, -0.6241 ], [ -48.494, -0.6015 ], [ -48.5009, -0.5805 ], [ -48.4838, -0.5571 ], [ -48.494, -0.5233 ], [ -48.4785, -0.5185 ], [ -48.476, -0.4885 ], [ -48.5028, -0.4774 ], [ -48.4889, -0.4619 ], [ -48.4758, -0.4803 ], [ -48.4629, -0.4617 ], [ -48.4623, -0.4114 ], [ -48.4517, -0.4185 ], [ -48.4479, -0.3843 ], [ -48.4167, -0.3476 ], [ -48.3971, -0.3514 ], [ -48.4087, -0.3379 ], [ -48.3944, -0.3345 ], [ -48.3866, -0.2986 ], [ -48.4426, -0.2367 ] ] ] ] } },
{ "type": "Feature", "properties": { "tipo": "UC", "nome": "RESERVA EXTRATIVISTA DO GUARIBA" }, "geometry": { "type": "Polygon", "coordinates": [ [ [ -60.3508, -8.4248 ], [ -60.3107, -8.4357 ], [ -60.2606, -8.4796 ], [ -60.2663, -8.551 ], [ -60.2455, -8.5749 ], [ -60.2234, -8.677 ], [ -60.2033, -8.7049 ], [ -60.1929, -8.8007 ], [ -60.534, -8.8008 ], [ -60.5222, -8.6786 ], [ -60.5033, -8.6577 ], [ -60.5652, -8.6396 ], [ -60.6124, -8.4894 ], [ -60.348, -8.3718 ], [ -60.3508, -8.4248 ] ] ] } },
{ "type": "Feature", "properties": { "tipo": "UC", "nome": "PARQUE ESTADUAL CHANDLESS" }, "geometry": { "type": "MultiPolygon", "coordinates": [ [ [ [ -70.6234, -9.8205 ], [ -70.5778, -9.7778 ], [ -70.5596, -9.7895 ], [ -70.5449, -9.7778 ], [ -70.5242, -9.714 ], [ -70.5959, -9.6097 ], [ -70.4461, -9.5778 ], [ -70.3323, -9.4307 ], [ -70.322, -9.4717 ], [ -70.2637, -9.5305 ], [ -70.1887, -9.5526 ], [ -70.137, -9.5147 ], [ -70.1038, -9.5426 ], [ -70.0771, -9.5417 ], [ -70.0636, -9.5254 ], [ -70.0381, -9.5347 ], [ -70.0293, -9.526 ], [ -70.0366, -9.507 ], [ -70.0178, -9.5128 ], [ -70.0294, -9.4957 ], [ -70.016, -9.4857 ], [ -70.0345, -9.4667 ], [ -70.016, -9.4734 ], [ -70.0093, -9.4338 ], [ -69.9874, -9.4389 ], [ -69.9919, -9.412 ], [ -69.9563, -9.4037 ], [ -69.9476, -9.3695 ], [ -69.9289, -9.3745 ], [ -69.9397, -9.3463 ], [ -69.9108, -9.3431 ], [ -69.9327, -9.3388 ], [ -69.9282, -9.3081 ], [ -69.8922, -9.3191 ], [ -69.8445, -9.3714 ], [ -69.7699, -9.3536 ], [ -70.2746, -10.5297 ], [ -70.3072, -10.565 ], [ -70.3779, -10.5206 ], [ -70.3762, -10.5066 ], [ -70.4321, -10.5409 ], [ -70.4515, -10.5246 ], [ -70.5148, -10.5269 ], [ -70.5765, -10.4576 ], [ -70.6179, -10.5052 ], [ -70.6234, -9.8205 ] ] ], [ [ [ -70.5271, -9.7158 ], [ -70.5269, -9.7154 ], [ -70.5269, -9.716 ], [ -70.5271, -9.7158 ] ] ] ] } },
{ "type": "Feature", "properties": { "tipo": "UC", "nome": "REFúGIO DE VIDA SILVESTRE TABULEIRO DO EMBAUBAL" }, "geometry": { "type": "Polygon", "coordinates": [ [ [ -51.9643, -2.6801 ], [ -51.9926, -2.711 ], [ -52.0402, -2.7309 ], [ -52.0522, -2.7214 ], [ -52.0148, -2.6586 ], [ -51.9643, -2.6801 ] ] ] } },
{ "type": "Feature", "properties": { "tipo": "UC", "nome": "ÁREA DE PROTEÇÃO AMBIENTAL DO RIO CURIAÚ" }, "geometry": { "type": "Polygon", "coordinates": [ [ [ -51.0936, 0.2416 ], [ -51.053, 0.2273 ], [ -51.0336, 0.2361 ], [ -51.0173, 0.1994 ], [ -50.9523, 0.1893 ], [ -50.9441, 0.1581 ], [ -51.0053, 0.1075 ], [ -51.1213, 0.1038 ], [ -51.1256, 0.1634 ], [ -51.0936, 0.2416 ] ] ] } },
{ "type": "Feature", "properties": { "tipo": "UC", "nome": "RESERVA EXTRATIVISTA ALTO JURUÁ" }, "geometry": { "type": "MultiPolygon", "coordinates": [ [ [ [ -72.5775, -9.4581 ], [ -72.5779, -9.4592 ], [ -72.5787, -9.4596 ], [ -72.5775, -9.4581 ] ] ], [ [ [ -72.7174, -9.4184 ], [ -72.8047, -9.4117 ], [ -72.8209, -9.3817 ], [ -72.8308, -9.1729 ], [ -72.9066, -9.1553 ], [ -72.8885, -9.1362 ], [ -72.9024, -9.0899 ], [ -72.8566, -9.0049 ], [ -72.8246, -8.9738 ], [ -72.8021, -8.9845 ], [ -72.7978, -8.9464 ], [ -72.7919, -8.96 ], [ -72.7694, -8.9389 ], [ -72.7497, -8.975 ], [ -72.7327, -8.9651 ], [ -72.7157, -8.9834 ], [ -72.6785, -8.9689 ], [ -72.6349, -8.9404 ], [ -72.5938, -8.8495 ], [ -72.4764, -8.8556 ], [ -72.4342, -8.8246 ], [ -72.4222, -8.789 ], [ -72.3265, -8.7709 ], [ -72.1823, -8.6846 ], [ -72.1749, -8.7038 ], [ -72.1478, -8.7084 ], [ -72.1533, -8.7523 ], [ -72.118, -8.7794 ], [ -72.1671, -8.769 ], [ -72.2326, -8.7796 ], [ -72.2551, -8.7669 ], [ -72.3154, -8.8407 ], [ -72.2967, -8.8809 ], [ -72.1997, -8.8813 ], [ -72.1424, -8.9269 ], [ -72.0584, -8.9169 ], [ -72.031, -8.9418 ], [ -72.0265, -8.9881 ], [ -72.0106, -9.0014 ], [ -72.0266, -9.0371 ], [ -72.0291, -9.1192 ], [ -72.061, -9.1569 ], [ -72.0341, -9.2066 ], [ -72.0741, -9.2405 ], [ -72.0677, -9.2533 ], [ -72.1001, -9.3075 ], [ -72.1587, -9.3537 ], [ -72.1614, -9.3862 ], [ -72.2006, -9.3959 ], [ -72.2348, -9.4343 ], [ -72.2501, -9.43 ], [ -72.2637, -9.475 ], [ -72.299, -9.4709 ], [ -72.2998, -9.4544 ], [ -72.3493, -9.448 ], [ -72.3756, -9.4714 ], [ -72.4101, -9.4521 ], [ -72.4472, -9.4656 ], [ -72.4553, -9.4893 ], [ -72.4885, -9.4794 ], [ -72.5194, -9.4911 ], [ -72.5412, -9.4664 ], [ -72.5605, -9.4726 ], [ -72.5661, -9.4597 ], [ -72.6279, -9.4412 ], [ -72.6562, -9.4512 ], [ -72.7174, -9.4184 ] ] ] ] } },
{ "type": "Feature", "properties": { "tipo": "UC", "nome": "RESERVA BIOLÓGICA TRAÇADAL" }, "geometry": { "type": "Polygon", "coordinates": [ [ [ -64.8881, -11.2686 ], [ -64.8464, -11.2989 ], [ -64.8502, -11.3181 ], [ -64.8284, -11.3386 ], [ -64.8024, -11.3457 ], [ -64.785, -11.5151 ], [ -64.8682, -11.519 ], [ -64.8651, -11.483 ], [ -64.9128, -11.3917 ], [ -64.8881, -11.2686 ] ] ] } },
{ "type": "Feature", "properties": { "tipo": "UC", "nome": "RESERVA EXTRATIVISTA ANGELIM" }, "geometry": { "type": "Polygon", "coordinates": [ [ [ -62.2372, -9.2975 ], [ -62.2509, -9.3473 ], [ -62.2685, -9.3421 ], [ -62.2741, -9.3616 ], [ -62.2904, -9.3401 ], [ -62.3175, -9.3401 ], [ -62.3125, -9.3693 ], [ -62.3374, -9.3966 ], [ -62.3752, -9.3617 ], [ -62.3286, -9.2927 ], [ -62.2372, -9.2975 ] ] ] } },
{ "type": "Feature", "properties": { "tipo": "UC", "nome": "ESTAçãO ECOLóGICA ALTO MAUéS" }, "geometry": { "type": "Polygon", "coordinates": [ [ [ -58.7176, -6.0504 ], [ -58.6941, -6.0433 ], [ -58.6522, -6.063 ], [ -58.6523, -6.1703 ], [ -58.6197, -6.2113 ], [ -58.7582, -6.2168 ], [ -58.7713, -6.2323 ], [ -58.8435, -6.2059 ], [ -58.8009, -6.0573 ], [ -58.8356, -5.9884 ], [ -58.819, -5.9766 ], [ -58.8236, -5.9291 ], [ -58.8095, -5.9064 ], [ -58.8175, -5.8925 ], [ -58.8326, -5.9003 ], [ -58.8293, -5.8491 ], [ -58.811, -5.8436 ], [ -58.8299, -5.7985 ], [ -58.814, -5.7905 ], [ -58.8253, -5.7654 ], [ -58.8112, -5.7387 ], [ -58.8353, -5.7062 ], [ -58.8309, -5.6745 ], [ -58.8452, -5.6701 ], [ -58.8274, -5.6655 ], [ -58.8375, -5.6605 ], [ -58.8191, -5.5889 ], [ -57.8965, -4.9998 ], [ -57.8829, -5.0515 ], [ -57.8087, -5.1104 ], [ -57.8089, -5.1531 ], [ -57.8458, -5.1647 ], [ -57.8034, -5.202 ], [ -57.8231, -5.2552 ], [ -57.9139, -5.2601 ], [ -57.9288, -5.3007 ], [ -57.886, -5.3359 ], [ -57.8451, -5.3363 ], [ -57.8133, -5.3592 ], [ -57.8198, -5.3753 ], [ -57.7735, -5.4032 ], [ -57.8493, -5.5592 ], [ -57.9137, -5.5716 ], [ -57.9573, -5.5529 ], [ -57.9487, -5.6126 ], [ -57.9642, -5.6348 ], [ -58.0325, -5.6152 ], [ -58.052, -5.637 ], [ -58.098, -5.6172 ], [ -58.1451, -5.655 ], [ -58.1632, -5.7181 ], [ -58.1319, -5.7315 ], [ -58.0984, -5.7141 ], [ -58.0592, -5.7447 ], [ -58.0439, -5.7927 ], [ -58.1072, -5.8101 ], [ -58.1386, -5.8439 ], [ -58.1604, -5.8935 ], [ -58.2084, -5.9315 ], [ -58.22, -5.9937 ], [ -58.2681, -6.0708 ], [ -58.2803, -5.9996 ], [ -58.3074, -5.969 ], [ -58.4245, -5.9495 ], [ -58.4606, -5.9212 ], [ -58.5098, -5.9292 ], [ -58.5102, -5.8971 ], [ -58.5245, -5.8908 ], [ -58.506, -5.8306 ], [ -58.5098, -5.779 ], [ -58.5524, -5.7641 ], [ -58.5387, -5.7353 ], [ -58.5543, -5.6047 ], [ -58.6128, -5.6172 ], [ -58.6207, -5.6057 ], [ -58.67, -5.6078 ], [ -58.7026, -5.6309 ], [ -58.6795, -5.6636 ], [ -58.6726, -5.723 ], [ -58.6885, -5.7276 ], [ -58.7277, -5.8383 ], [ -58.754, -5.857 ], [ -58.7292, -5.9197 ], [ -58.7565, -5.9521 ], [ -58.6847, -5.9877 ], [ -58.6853, -6.0165 ], [ -58.7176, -6.0504 ] ] ] } },
{ "type": "Feature", "properties": { "tipo": "UC", "nome": "RESERVA EXTRATIVISTA QUILOMBO DO FRECHAL" }, "geometry": { "type": "Polygon", "coordinates": [ [ [ -44.7319, -2.0042 ], [ -44.738, -2.0679 ], [ -44.7712, -2.0545 ], [ -44.8697, -2.0742 ], [ -44.8697, -2.0097 ], [ -44.7319, -2.0042 ] ] ] } },
{ "type": "Feature", "properties": { "tipo": "UC", "nome": "FLORESTA ESTADUAL DE RENDIMENTO SUSTENTADO TUCANO" }, "geometry": { "type": "Polygon", "coordinates": [ [ [ -62.5962, -9.5129 ], [ -62.5988, -9.5253 ], [ -62.6455, -9.5255 ], [ -62.6452, -9.5133 ], [ -62.5962, -9.5129 ] ] ] } },
{ "type": "Feature", "properties": { "tipo": "UC", "nome": "ÁREA DE PROTEÇÃO AMBIENTAL - BAIXO RIO BRANCO" }, "geometry": { "type": "Polygon", "coordinates": [ [ [ -60.9674, 0.8268 ], [ -60.963, 0.7782 ], [ -61.0048, 0.7244 ], [ -61.0656, 0.6815 ], [ -61.0851, 0.6848 ], [ -61.0569, 0.6534 ], [ -60.9801, 0.6524 ], [ -60.9624, 0.6232 ], [ -60.9758, 0.5899 ], [ -60.9655, 0.5484 ], [ -60.9918, 0.494 ], [ -60.9847, 0.4003 ], [ -60.966, 0.3744 ], [ -60.9854, 0.3174 ], [ -60.9696, 0.2925 ], [ -60.9806, 0.246 ], [ -60.9701, 0.1952 ], [ -60.9926, 0.1893 ], [ -60.992, 0.0844 ], [ -61.0083, 0.0693 ], [ -60.9976, 0.0209 ], [ -61.0366, -0.1158 ], [ -61.0629, -0.1459 ], [ -61.0348, -0.177 ], [ -61.0739, -0.2118 ], [ -61.0635, -0.2429 ], [ -61.077, -0.2622 ], [ -61.0632, -0.2835 ], [ -61.0905, -0.371 ], [ -61.1242, -0.3992 ], [ -61.164, -0.5143 ], [ -61.2178, -0.4956 ], [ -61.2328, -0.5597 ], [ -61.3559, -0.594 ], [ -61.4325, -0.6313 ], [ -61.4334, -0.6539 ], [ -61.4641, -0.6553 ], [ -61.4833, -0.712 ], [ -61.5351, -0.7508 ], [ -61.5515, -0.7978 ], [ -61.5381, -0.847 ], [ -61.5834, -0.934 ], [ -61.5803, -0.9836 ], [ -61.5429, -0.9927 ], [ -61.5602, -1.0119 ], [ -61.5451, -1.0553 ], [ -61.5794, -1.0802 ], [ -61.5676, -1.0971 ], [ -61.5823, -1.1571 ], [ -61.5717, -1.1812 ], [ -61.5897, -1.196 ], [ -61.6089, -1.2767 ], [ -61.6294, -1.291 ], [ -61.5827, -1.3476 ], [ -61.6202, -1.3943 ], [ -61.5694, -1.4309 ], [ -61.5384, -1.4297 ], [ -61.5117, -1.4945 ], [ -61.473, -1.5328 ], [ -61.4744, -1.5893 ], [ -61.5688, -1.4522 ], [ -61.7799, -1.359 ], [ -61.8378, -1.39 ], [ -61.8665, -1.3491 ], [ -61.8301, -1.2347 ], [ -61.8749, -1.1177 ], [ -61.8487, -1.0672 ], [ -61.8815, -1.0016 ], [ -61.8574, -0.9361 ], [ -61.876, -0.8856 ], [ -61.8403, -0.8174 ], [ -61.8537, -0.7105 ], [ -61.8014, -0.5956 ], [ -61.8203, -0.5277 ], [ -61.7937, -0.4398 ], [ -61.8287, -0.4013 ], [ -61.8375, -0.3607 ], [ -61.8198, -0.326 ], [ -61.8263, -0.2467 ], [ -61.7831, -0.1003 ], [ -61.7981, -0.0201 ], [ -61.7393, 0.1178 ], [ -61.7522, 0.2954 ], [ -61.7216, 0.3472 ], [ -61.6845, 0.4793 ], [ -61.6164, 0.5521 ], [ -61.6108, 0.5981 ], [ -61.5715, 0.6537 ], [ -61.4584, 0.7748 ], [ -61.4085, 0.8518 ], [ -61.398, 0.9018 ], [ -61.3239, 0.9966 ], [ -61.2612, 0.9676 ], [ -61.2221, 1.0013 ], [ -61.1911, 0.9516 ], [ -61.1757, 0.9658 ], [ -61.1496, 0.9379 ], [ -61.1221, 0.9564 ], [ -61.1015, 0.9423 ], [ -61.09, 0.8651 ], [ -61.0526, 0.8882 ], [ -60.9674, 0.8268 ] ] ] } },
{ "type": "Feature", "properties": { "tipo": "UC", "nome": "RESERVA EXTRATIVISTA DE CURURUPU" }, "geometry": { "type": "MultiPolygon", "coordinates": [ [ [ [ -44.7086, -1.716 ], [ -44.6938, -1.7701 ], [ -44.6688, -1.7671 ], [ -44.653, -1.7398 ], [ -44.6432, -1.7618 ], [ -44.6424, -1.7915 ], [ -44.6478, -1.7595 ], [ -44.664, -1.8007 ], [ -44.6821, -1.796 ], [ -44.6953, -1.8176 ], [ -44.7172, -1.8197 ], [ -44.692, -1.8105 ], [ -44.7142, -1.7882 ], [ -44.7362, -1.8045 ], [ -44.758, -1.8129 ], [ -44.7652, -1.8128 ], [ -44.7159, -1.7765 ], [ -44.7839, -1.7902 ], [ -44.8003, -1.8121 ], [ -44.8628, -1.8301 ], [ -44.8116, -1.8029 ], [ -44.9355, -1.8149 ], [ -44.892, -1.8084 ], [ -44.8989, -1.7964 ], [ -44.8486, -1.8007 ], [ -44.8201, -1.7781 ], [ -44.7994, -1.7897 ], [ -44.7713, -1.7799 ], [ -44.731, -1.7539 ], [ -44.7612, -1.7534 ], [ -44.7351, -1.7343 ], [ -44.7379, -1.721 ], [ -44.7086, -1.716 ] ] ], [ [ [ -44.7758, -1.7567 ], [ -44.853, -1.7663 ], [ -44.8679, -1.7868 ], [ -44.8646, -1.7668 ], [ -44.9364, -1.7755 ], [ -44.918, -1.7584 ], [ -44.8412, -1.7546 ], [ -44.8465, -1.7427 ], [ -44.8082, -1.7487 ], [ -44.7916, -1.7211 ], [ -44.8368, -1.7345 ], [ -44.8017, -1.7115 ], [ -44.8393, -1.7176 ], [ -44.8206, -1.695 ], [ -44.8364, -1.6869 ], [ -44.8648, -1.7231 ], [ -44.87, -1.7068 ], [ -44.8909, -1.7166 ], [ -44.8849, -1.7035 ], [ -44.9439, -1.7341 ], [ -44.99, -1.7323 ], [ -44.836, -1.6709 ], [ -44.871, -1.6593 ], [ -44.8473, -1.6412 ], [ -44.8803, -1.6471 ], [ -44.8916, -1.6318 ], [ -44.9137, -1.6731 ], [ -44.9633, -1.6679 ], [ -45.021, -1.6883 ], [ -44.9758, -1.6602 ], [ -45.0537, -1.6663 ], [ -44.9838, -1.6484 ], [ -45.0246, -1.6326 ], [ -44.9733, -1.6245 ], [ -44.9822, -1.6378 ], [ -44.967, -1.6425 ], [ -44.9277, -1.6191 ], [ -44.9377, -1.6094 ], [ -44.9586, -1.6305 ], [ -44.9517, -1.6077 ], [ -44.9927, -1.622 ], [ -44.9824, -1.6033 ], [ -45.0022, -1.5983 ], [ -45.0115, -1.6223 ], [ -45.0163, -1.5958 ], [ -45.0525, -1.6117 ], [ -45.0689, -1.6022 ], [ -44.9531, -1.5598 ], [ -44.9672, -1.5129 ], [ -44.9608, -1.5131 ], [ -44.9536, -1.5056 ], [ -44.9625, -1.4877 ], [ -44.9367, -1.4861 ], [ -44.8876, -1.4414 ], [ -44.8857, -1.419 ], [ -44.8534, -1.4112 ], [ -44.8289, -1.4312 ], [ -44.8423, -1.4845 ], [ -44.8699, -1.4839 ], [ -44.8496, -1.4935 ], [ -44.8558, -1.5034 ], [ -44.8896, -1.5105 ], [ -44.8954, -1.531 ], [ -44.9176, -1.5373 ], [ -44.9093, -1.6018 ], [ -44.8716, -1.6009 ], [ -44.8552, -1.6155 ], [ -44.8343, -1.5718 ], [ -44.8027, -1.5835 ], [ -44.7805, -1.5786 ], [ -44.7676, -1.5704 ], [ -44.7597, -1.5922 ], [ -44.7074, -1.5499 ], [ -44.639, -1.6178 ], [ -44.6609, -1.6601 ], [ -44.6869, -1.6398 ], [ -44.7447, -1.6537 ], [ -44.7646, -1.6903 ], [ -44.749, -1.7274 ], [ -44.7758, -1.7567 ] ] ], [ [ [ -44.829, -1.567 ], [ -44.8386, -1.5569 ], [ -44.8294, -1.5564 ], [ -44.829, -1.567 ] ] ], [ [ [ -44.793, -1.5343 ], [ -44.7997, -1.552 ], [ -44.828, -1.5551 ], [ -44.8339, -1.5338 ], [ -44.7801, -1.4777 ], [ -44.777, -1.4932 ], [ -44.7945, -1.5121 ], [ -44.7991, -1.5227 ], [ -44.8176, -1.5271 ], [ -44.8188, -1.5292 ], [ -44.8179, -1.5337 ], [ -44.793, -1.5343 ] ] ], [ [ [ -44.9678, -1.4767 ], [ -44.9502, -1.4806 ], [ -44.9628, -1.4845 ], [ -44.9661, -1.4905 ], [ -44.9557, -1.5064 ], [ -44.9738, -1.4973 ], [ -44.9678, -1.4767 ] ] ], [ [ [ -45.0494, -1.372 ], [ -45.0483, -1.3654 ], [ -45.0396, -1.3873 ], [ -45.047, -1.3946 ], [ -45.0494, -1.372 ] ] ], [ [ [ -45.009, -1.3465 ], [ -44.9887, -1.3794 ], [ -44.9858, -1.381 ], [ -44.9742, -1.3771 ], [ -44.9778, -1.3803 ], [ -44.9776, -1.3853 ], [ -44.9833, -1.3876 ], [ -44.9883, -1.4006 ], [ -45.0187, -1.3878 ], [ -45.009, -1.3465 ] ] ], [ [ [ -44.9662, -1.3568 ], [ -44.9667, -1.3595 ], [ -44.9593, -1.3636 ], [ -44.9622, -1.3688 ], [ -44.9619, -1.3724 ], [ -44.9537, -1.3756 ], [ -44.9795, -1.3937 ], [ -44.9732, -1.3768 ], [ -44.9881, -1.3782 ], [ -44.9964, -1.3534 ], [ -44.988, -1.3354 ], [ -44.9878, -1.322 ], [ -44.9605, -1.3329 ], [ -44.9689, -1.3483 ], [ -44.9662, -1.3568 ] ] ], [ [ [ -44.927, -1.3086 ], [ -44.9313, -1.3181 ], [ -44.9073, -1.3304 ], [ -44.9441, -1.3409 ], [ -44.9044, -1.3379 ], [ -44.9496, -1.3783 ], [ -44.9613, -1.3702 ], [ -44.9591, -1.3645 ], [ -44.9592, -1.362 ], [ -44.9659, -1.3593 ], [ -44.9579, -1.3357 ], [ -44.9778, -1.3014 ], [ -44.9682, -1.3058 ], [ -44.962, -1.3022 ], [ -44.9595, -1.3085 ], [ -44.9561, -1.3094 ], [ -44.9277, -1.295 ], [ -44.929, -1.3041 ], [ -44.927, -1.3086 ] ] ], [ [ [ -45.0273, -1.3138 ], [ -44.9906, -1.3232 ], [ -44.9955, -1.3464 ], [ -45.026, -1.3445 ], [ -45.0273, -1.3138 ] ] ], [ [ [ -44.8857, -1.318 ], [ -44.8704, -1.3116 ], [ -44.8657, -1.3297 ], [ -44.8937, -1.3477 ], [ -44.8857, -1.318 ] ] ], [ [ [ -44.8981, -1.2931 ], [ -44.8957, -1.3384 ], [ -44.9074, -1.3231 ], [ -44.9254, -1.3206 ], [ -44.9177, -1.3033 ], [ -44.9528, -1.2676 ], [ -44.8801, -1.2846 ], [ -44.8727, -1.2988 ], [ -44.8869, -1.3122 ], [ -44.8981, -1.2931 ] ] ], [ [ [ -44.9609, -1.3018 ], [ -44.9745, -1.2997 ], [ -44.9772, -1.2999 ], [ -44.979, -1.3021 ], [ -44.9751, -1.3128 ], [ -44.9904, -1.3059 ], [ -44.9839, -1.2992 ], [ -44.9788, -1.2863 ], [ -44.973, -1.2902 ], [ -44.9628, -1.2779 ], [ -44.9416, -1.2871 ], [ -44.9609, -1.3018 ] ] ], [ [ [ -44.9997, -1.289 ], [ -44.9732, -1.2638 ], [ -44.9633, -1.2777 ], [ -44.9781, -1.2846 ], [ -44.9914, -1.3048 ], [ -44.9997, -1.289 ] ] ], [ [ [ -44.6161, -1.7875 ], [ -44.618, -1.82 ], [ -44.6287, -1.8275 ], [ -44.6327, -1.7588 ], [ -44.6268, -1.7694 ], [ -44.601, -1.7436 ], [ -44.5961, -1.7692 ], [ -44.6161, -1.7875 ] ] ], [ [ [ -44.5779, -1.773 ], [ -44.5776, -1.7743 ], [ -44.5795, -1.7729 ], [ -44.5779, -1.773 ] ] ], [ [ [ -44.6481, -1.7309 ], [ -44.6488, -1.7365 ], [ -44.6493, -1.7351 ], [ -44.6481, -1.7309 ] ] ], [ [ [ -44.6534, -1.7189 ], [ -44.6486, -1.7271 ], [ -44.6312, -1.7318 ], [ -44.6271, -1.7392 ], [ -44.6505, -1.728 ], [ -44.6534, -1.7189 ] ] ], [ [ [ -44.7398, -1.6968 ], [ -44.7574, -1.6889 ], [ -44.7416, -1.6792 ], [ -44.7398, -1.6968 ] ] ], [ [ [ -44.7468, -1.6764 ], [ -44.7444, -1.6768 ], [ -44.7495, -1.6793 ], [ -44.7468, -1.6764 ] ] ], [ [ [ -44.7258, -1.671 ], [ -44.7413, -1.6678 ], [ -44.7381, -1.6619 ], [ -44.7258, -1.671 ] ] ], [ [ [ -44.7808, -1.5724 ], [ -44.7796, -1.5733 ], [ -44.785, -1.5752 ], [ -44.7808, -1.5724 ] ] ], [ [ [ -44.7676, -1.5689 ], [ -44.7752, -1.5736 ], [ -44.7697, -1.5606 ], [ -44.7676, -1.5689 ] ] ], [ [ [ -44.7871, -1.5644 ], [ -44.7905, -1.5658 ], [ -44.7739, -1.5518 ], [ -44.7871, -1.5644 ] ] ], [ [ [ -44.7529, -1.5364 ], [ -44.735, -1.538 ], [ -44.7326, -1.5528 ], [ -44.7628, -1.5734 ], [ -44.7529, -1.5364 ] ] ], [ [ [ -44.7947, -1.5205 ], [ -44.7712, -1.4852 ], [ -44.7748, -1.4779 ], [ -44.7906, -1.469 ], [ -44.7649, -1.4572 ], [ -44.7449, -1.5089 ], [ -44.7947, -1.5205 ] ] ] ] } },
{ "type": "Feature", "properties": { "tipo": "UC", "nome": "RESERVA PARTICULAR DO PATRIMÔNIO NATURAL FAZENDA CALIXTO" }, "geometry": { "type": "Polygon", "coordinates": [ [ [ -46.788, -11.472 ], [ -46.7565, -11.4758 ], [ -46.7571, -11.4796 ], [ -46.782, -11.4844 ], [ -46.788, -11.472 ] ] ] } },
{ "type": "Feature", "properties": { "tipo": "UC", "nome": "ÁREA DE PROTEÇÃO AMBIENTAL DE ALTER DO CHÃO" }, "geometry": { "type": "MultiPolygon", "coordinates": [ [ [ [ -54.9313, -2.5038 ], [ -54.9332, -2.504 ], [ -54.9337, -2.5031 ], [ -54.9313, -2.5038 ] ] ], [ [ [ -54.9361, -2.502 ], [ -54.9365, -2.5033 ], [ -54.9388, -2.5018 ], [ -54.9361, -2.502 ] ] ], [ [ [ -54.9801, -2.5257 ], [ -54.9448, -2.5004 ], [ -54.9383, -2.5132 ], [ -54.9282, -2.5136 ], [ -54.9269, -2.5027 ], [ -54.9428, -2.4923 ], [ -54.9257, -2.4698 ], [ -54.9549, -2.4955 ], [ -54.9792, -2.466 ], [ -54.8568, -2.4207 ], [ -54.8648, -2.5702 ], [ -54.9588, -2.5699 ], [ -54.954, -2.5512 ], [ -54.975, -2.5471 ], [ -54.9801, -2.5257 ] ] ] ] } },
{ "type": "Feature", "properties": { "tipo": "UC", "nome": "RESERVA EXTRATIVISTA RIOZINHO DO ANFRÍSIO" }, "geometry": { "type": "Polygon", "coordinates": [ [ [ -54.8515, -4.411 ], [ -54.8266, -4.4214 ], [ -54.813, -4.6699 ], [ -54.7705, -4.7198 ], [ -54.7596, -4.7586 ], [ -54.6859, -4.7727 ], [ -54.6551, -4.7594 ], [ -54.6728, -4.8019 ], [ -54.5995, -4.9008 ], [ -54.6172, -4.9371 ], [ -54.5517, -5.0 ], [ -54.6293, -5.0935 ], [ -54.6282, -5.1264 ], [ -54.6632, -5.1362 ], [ -54.6934, -5.1218 ], [ -54.7102, -5.1402 ], [ -54.7449, -5.1387 ], [ -54.9167, -5.4022 ], [ -55.4419, -5.4022 ], [ -55.489, -5.371 ], [ -55.4787, -5.346 ], [ -55.503, -5.2973 ], [ -55.5479, -5.2846 ], [ -55.5991, -5.2951 ], [ -55.6234, -5.252 ], [ -55.6133, -5.2315 ], [ -55.5735, -5.2318 ], [ -55.5969, -5.1986 ], [ -55.5637, -5.1901 ], [ -55.5412, -5.2022 ], [ -55.5, -5.1807 ], [ -55.4497, -5.1776 ], [ -55.4544, -5.1489 ], [ -55.4414, -5.1562 ], [ -55.4023, -5.1089 ], [ -55.3863, -5.1153 ], [ -55.3858, -5.0731 ], [ -55.351, -5.0464 ], [ -55.4069, -4.9463 ], [ -55.4383, -4.9186 ], [ -55.4424, -4.8444 ], [ -55.5286, -4.7967 ], [ -55.4878, -4.7601 ], [ -55.4963, -4.7386 ], [ -55.4762, -4.7294 ], [ -55.4651, -4.6935 ], [ -55.4972, -4.6201 ], [ -55.4603, -4.6087 ], [ -55.4355, -4.6327 ], [ -55.4267, -4.6154 ], [ -55.3824, -4.6533 ], [ -55.3758, -4.6372 ], [ -55.3379, -4.6299 ], [ -55.2906, -4.6778 ], [ -55.2808, -4.6656 ], [ -55.259, -4.6731 ], [ -55.2567, -4.6575 ], [ -55.2219, -4.6425 ], [ -55.1548, -4.6414 ], [ -55.1319, -4.6016 ], [ -55.0803, -4.6095 ], [ -55.0203, -4.5787 ], [ -54.9613, -4.5868 ], [ -54.9167, -4.5288 ], [ -54.9294, -4.4562 ], [ -54.8949, -4.4622 ], [ -54.8554, -4.4397 ], [ -54.8515, -4.411 ] ] ] } },
{ "type": "Feature", "properties": { "tipo": "UC", "nome": "PARQUE NATURAL MUNICIPAL COLONIZADOR JOSE BIANCHINI" }, "geometry": { "type": "Polygon", "coordinates": [ [ [ -54.5152, -11.0814 ], [ -54.5134, -11.0857 ], [ -54.5177, -11.0864 ], [ -54.5152, -11.0814 ] ] ] } },
{ "type": "Feature", "properties": { "tipo": "UC", "nome": "RESERVA EXTRATIVISTA MATA GRANDE" }, "geometry": { "type": "Polygon", "coordinates": [ [ [ -47.28, -5.4865 ], [ -47.2991, -5.5557 ], [ -47.3274, -5.5475 ], [ -47.3458, -5.5638 ], [ -47.3812, -5.5146 ], [ -47.4066, -5.5089 ], [ -47.3863, -5.47 ], [ -47.3583, -5.4736 ], [ -47.3328, -5.4406 ], [ -47.2909, -5.466 ], [ -47.3067, -5.4796 ], [ -47.28, -5.4865 ] ] ] } },
{ "type": "Feature", "properties": { "tipo": "UC", "nome": "PARQUE NACIONAL DOS CAMPOS AMAZÔNICOS" }, "geometry": { "type": "Polygon", "coordinates": [ [ [ -61.3534, -8.1366 ], [ -61.417, -8.0908 ], [ -61.4335, -8.0398 ], [ -61.4207, -8.0062 ], [ -61.3918, -8.0067 ], [ -61.3564, -8.0421 ], [ -61.2976, -8.0543 ], [ -61.2789, -8.0918 ], [ -61.2445, -8.1136 ], [ -61.2099, -8.1898 ], [ -61.2507, -8.2685 ], [ -61.1853, -8.2448 ], [ -61.1562, -8.2707 ], [ -61.1057, -8.2537 ], [ -61.1023, -8.2359 ], [ -61.08, -8.2429 ], [ -61.066, -8.214 ], [ -61.0811, -8.1289 ], [ -61.0596, -8.1187 ], [ -61.0721, -8.0201 ], [ -61.011, -7.9795 ], [ -61.0147, -7.9485 ], [ -60.975, -7.8998 ], [ -60.9577, -7.85 ], [ -60.9735, -7.7929 ], [ -60.9018, -7.7995 ], [ -60.9086, -7.7029 ], [ -60.8939, -7.6987 ], [ -60.8919, -7.7431 ], [ -60.8757, -7.7472 ], [ -60.8425, -7.7293 ], [ -60.8387, -7.7002 ], [ -60.8212, -7.7087 ], [ -60.8154, -7.765 ], [ -60.7372, -7.78 ], [ -60.6904, -7.7642 ], [ -60.6692, -7.7863 ], [ -60.6347, -7.8784 ], [ -60.6434, -7.8955 ], [ -60.6242, -7.9004 ], [ -60.6759, -7.9103 ], [ -60.6992, -7.97 ], [ -60.6667, -7.9813 ], [ -60.6455, -8.0112 ], [ -60.6219, -8.0033 ], [ -60.6194, -8.0548 ], [ -60.588, -8.0719 ], [ -60.584, -8.096 ], [ -60.4891, -8.1203 ], [ -60.4714, -8.1023 ], [ -60.4685, -8.0578 ], [ -60.4474, -8.0548 ], [ -60.4277, -8.1067 ], [ -60.4495, -8.1349 ], [ -60.4503, -8.1728 ], [ -60.4812, -8.1993 ], [ -60.4746, -8.2139 ], [ -60.4626, -8.2066 ], [ -60.4594, -8.2388 ], [ -60.4856, -8.2348 ], [ -60.4569, -8.2678 ], [ -60.4883, -8.2842 ], [ -60.4665, -8.3164 ], [ -60.4525, -8.303 ], [ -60.4675, -8.3348 ], [ -60.4446, -8.3863 ], [ -60.4896, -8.3978 ], [ -60.4874, -8.4339 ], [ -60.9731, -8.6488 ], [ -60.9724, -8.6176 ], [ -60.9329, -8.579 ], [ -60.941, -8.5217 ], [ -60.9159, -8.5051 ], [ -60.9329, -8.4623 ], [ -60.9575, -8.4582 ], [ -60.98, -8.482 ], [ -61.0052, -8.473 ], [ -61.0078, -8.5108 ], [ -60.9858, -8.5244 ], [ -60.9821, -8.5512 ], [ -61.0206, -8.5876 ], [ -61.0141, -8.6128 ], [ -61.0491, -8.6061 ], [ -61.0634, -8.5759 ], [ -61.0544, -8.5478 ], [ -61.0698, -8.5357 ], [ -61.0664, -8.517 ], [ -61.032, -8.4985 ], [ -61.0567, -8.4453 ], [ -61.044, -8.4071 ], [ -61.0628, -8.4026 ], [ -61.0706, -8.3571 ], [ -61.1001, -8.3202 ], [ -61.0901, -8.2987 ], [ -61.1068, -8.308 ], [ -61.1288, -8.29 ], [ -61.1637, -8.3152 ], [ -61.1949, -8.2999 ], [ -61.192, -8.3426 ], [ -61.232, -8.3754 ], [ -61.2295, -8.4007 ], [ -61.2688, -8.4391 ], [ -61.2858, -8.4958 ], [ -61.4043, -8.5766 ], [ -61.3409, -8.5864 ], [ -61.2855, -8.6298 ], [ -61.2225, -8.6078 ], [ -61.1561, -8.6498 ], [ -61.1194, -8.6375 ], [ -61.1232, -8.6736 ], [ -61.1027, -8.7061 ], [ -61.3127, -8.7986 ], [ -61.3562, -8.7991 ], [ -61.3636, -8.7183 ], [ -61.3887, -8.6795 ], [ -61.4227, -8.6726 ], [ -61.4453, -8.6981 ], [ -61.4627, -8.6932 ], [ -61.4611, -8.7889 ], [ -61.5081, -8.8765 ], [ -61.5138, -8.9085 ], [ -61.4964, -8.92 ], [ -61.5273, -8.945 ], [ -61.5625, -8.9206 ], [ -61.5947, -8.9475 ], [ -61.6307, -8.9389 ], [ -61.6505, -9.0045 ], [ -61.688, -9.0019 ], [ -61.7397, -9.0368 ], [ -61.7861, -9.0223 ], [ -61.8447, -9.0372 ], [ -61.8896, -9.0181 ], [ -61.9385, -8.9653 ], [ -61.9181, -8.9496 ], [ -61.9403, -8.9177 ], [ -61.9743, -8.9201 ], [ -61.9863, -8.8916 ], [ -62.0438, -8.8606 ], [ -62.0821, -8.8743 ], [ -62.0981, -8.8086 ], [ -62.0309, -8.7979 ], [ -62.0027, -8.8277 ], [ -61.9914, -8.8753 ], [ -61.9229, -8.8805 ], [ -61.8556, -8.8542 ], [ -61.86, -8.7922 ], [ -61.8382, -8.7384 ], [ -61.801, -8.746 ], [ -61.7865, -8.5184 ], [ -61.7538, -8.4802 ], [ -61.7323, -8.3733 ], [ -61.6854, -8.3264 ], [ -61.6762, -8.2552 ], [ -61.6293, -8.1676 ], [ -61.6387, -8.1605 ], [ -61.5963, -8.1245 ], [ -61.5813, -8.1282 ], [ -61.5317, -8.1717 ], [ -61.5318, -8.2306 ], [ -61.4916, -8.2623 ], [ -61.4546, -8.2635 ], [ -61.4325, -8.2972 ], [ -61.4053, -8.3055 ], [ -61.3937, -8.2739 ], [ -61.3588, -8.2453 ], [ -61.3254, -8.2486 ], [ -61.3206, -8.2019 ], [ -61.3534, -8.1366 ] ] ] } },
{ "type": "Feature", "properties": { "tipo": "UC", "nome": "ÁREA DE PROTEÇÃO AMBIENTAL MARGEM ESQUERDA DO RIO NEGRO-SETOR ATURIÁ-APUAUZINHO" }, "geometry": { "type": "Polygon", "coordinates": [ [ [ -60.4217, -1.9362 ], [ -60.3214, -1.9618 ], [ -60.2823, -2.0415 ], [ -60.2069, -2.1143 ], [ -60.2093, -2.2121 ], [ -60.2539, -2.2607 ], [ -60.0419, -2.2695 ], [ -60.0494, -2.3276 ], [ -60.0259, -2.4507 ], [ -60.0386, -2.542 ], [ -60.0764, -2.5393 ], [ -60.085, -2.5687 ], [ -60.1145, -2.5694 ], [ -60.1624, -2.6385 ], [ -60.1801, -2.6298 ], [ -60.1859, -2.5933 ], [ -60.2887, -2.5731 ], [ -60.3263, -2.5513 ], [ -60.3447, -2.5222 ], [ -60.347, -2.3919 ], [ -60.436, -2.3555 ], [ -60.4882, -2.4255 ], [ -60.525, -2.4227 ], [ -60.5367, -2.472 ], [ -60.5848, -2.4974 ], [ -60.6026, -2.5384 ], [ -60.5653, -2.6193 ], [ -60.4178, -2.7883 ], [ -60.4566, -2.8529 ], [ -60.4287, -2.9012 ], [ -60.4393, -2.959 ], [ -60.4969, -2.8417 ], [ -60.5339, -2.8086 ], [ -60.5284, -2.8002 ], [ -60.5316, -2.7908 ], [ -60.5692, -2.7769 ], [ -60.5836, -2.719 ], [ -60.6225, -2.6936 ], [ -60.6311, -2.6667 ], [ -60.6712, -2.6635 ], [ -60.6938, -2.6252 ], [ -60.747, -2.589 ], [ -60.7557, -2.5602 ], [ -60.8049, -2.5407 ], [ -60.7794, -2.4572 ], [ -60.7436, -2.4439 ], [ -60.7554, -2.4106 ], [ -60.7735, -2.4034 ], [ -60.7339, -2.3848 ], [ -60.731, -2.3686 ], [ -60.7084, -2.3719 ], [ -60.7328, -2.3254 ], [ -60.6989, -2.3087 ], [ -60.7185, -2.2705 ], [ -60.6918, -2.2408 ], [ -60.7412, -2.185 ], [ -60.695, -2.1715 ], [ -60.668, -2.136 ], [ -60.8052, -2.0258 ], [ -60.8239, -2.0681 ], [ -60.8596, -2.0688 ], [ -60.931, -2.0374 ], [ -60.9653, -2.1054 ], [ -61.0635, -2.1389 ], [ -61.1217, -2.0984 ], [ -61.1496, -2.0415 ], [ -61.1794, -2.0259 ], [ -61.1797, -1.988 ], [ -61.1403, -1.9289 ], [ -60.8707, -1.8652 ], [ -60.8421, -1.9254 ], [ -60.5766, -1.891 ], [ -60.5397, -1.8448 ], [ -60.5465, -1.7894 ], [ -60.4217, -1.9362 ] ], [ [ -60.7508, -2.564 ], [ -60.7517, -2.5639 ], [ -60.7516, -2.564 ], [ -60.7508, -2.564 ] ] ] } },
{ "type": "Feature", "properties": { "tipo": "UC", "nome": "RESERVA EXTRATIVISTA RIO CAUTÁRIO" }, "geometry": { "type": "Polygon", "coordinates": [ [ [ -64.3905, -12.1739 ], [ -64.3906, -12.2542 ], [ -64.4439, -12.2542 ], [ -64.4916, -12.2815 ], [ -64.5091, -12.2242 ], [ -64.5535, -12.2385 ], [ -64.5759, -12.2087 ], [ -64.6095, -12.2138 ], [ -64.6954, -12.1845 ], [ -64.7157, -12.1419 ], [ -64.6963, -12.0856 ], [ -64.6485, -12.109 ], [ -64.5832, -12.032 ], [ -64.4959, -12.0039 ], [ -64.4645, -11.9349 ], [ -64.437, -11.9277 ], [ -64.3, -12.0159 ], [ -64.2402, -11.9763 ], [ -64.2575, -11.954 ], [ -64.2058, -11.9106 ], [ -64.1546, -11.912 ], [ -64.1003, -11.7815 ], [ -64.0396, -11.7644 ], [ -64.038, -11.7432 ], [ -64.0147, -11.7632 ], [ -63.9729, -11.7534 ], [ -63.949, -11.7284 ], [ -63.8956, -11.7221 ], [ -63.8878, -11.7662 ], [ -63.9143, -11.8496 ], [ -64.0062, -11.8593 ], [ -64.1279, -11.9755 ], [ -64.3527, -12.1107 ], [ -64.3543, -12.1518 ], [ -64.3905, -12.1739 ] ] ] } },
{ "type": "Feature", "properties": { "tipo": "UC", "nome": "RESERVA DE DESENVOLVIMENTO SUSTENTÁVEL ARIPUANÃ" }, "geometry": { "type": "Polygon", "coordinates": [ [ [ -59.5716, -8.3826 ], [ -59.5169, -8.3722 ], [ -59.4663, -8.3849 ], [ -59.4371, -8.4232 ], [ -59.4022, -8.5355 ], [ -59.3409, -8.6 ], [ -59.3427, -8.6395 ], [ -59.2866, -8.8029 ], [ -59.542, -8.8027 ], [ -59.5507, -8.7519 ], [ -59.5378, -8.7368 ], [ -59.5552, -8.6886 ], [ -59.5376, -8.638 ], [ -59.5449, -8.612 ], [ -59.6062, -8.5331 ], [ -59.665, -8.5009 ], [ -59.6847, -8.4571 ], [ -59.7185, -8.4585 ], [ -59.7497, -8.4285 ], [ -59.7767, -8.4529 ], [ -59.8102, -8.4217 ], [ -59.8677, -8.4319 ], [ -59.8808, -8.4625 ], [ -59.9386, -8.4359 ], [ -59.9815, -8.4387 ], [ -60.0489, -8.372 ], [ -60.0902, -8.3734 ], [ -60.0867, -8.3564 ], [ -60.1408, -8.2801 ], [ -59.936, -8.1889 ], [ -59.8346, -8.2632 ], [ -59.7484, -8.2758 ], [ -59.6664, -8.309 ], [ -59.5716, -8.3826 ] ] ] } },
{ "type": "Feature", "properties": { "tipo": "UC", "nome": "RESERVA DE DESENVOLVIMENTO SUSTENTÁVEL DO MATUPIRI" }, "geometry": { "type": "Polygon", "coordinates": [ [ [ -60.8526, -4.9383 ], [ -60.8206, -4.8874 ], [ -60.8208, -4.8975 ], [ -60.7916, -4.8826 ], [ -60.7896, -4.8944 ], [ -60.7511, -4.892 ], [ -60.7373, -4.8459 ], [ -60.7207, -4.8613 ], [ -60.6897, -4.8117 ], [ -60.618, -4.8294 ], [ -60.6484, -4.7981 ], [ -60.6246, -4.7887 ], [ -60.6137, -4.8015 ], [ -60.5883, -4.7694 ], [ -60.5933, -4.7468 ], [ -60.5595, -4.7455 ], [ -60.535, -4.7078 ], [ -60.5172, -4.7274 ], [ -60.5166, -4.6998 ], [ -60.4913, -4.7107 ], [ -60.4968, -4.6875 ], [ -60.4868, -4.6951 ], [ -60.3466, -4.6277 ], [ -60.2037, -4.6079 ], [ -60.1855, -4.6306 ], [ -60.1767, -4.6571 ], [ -60.1894, -4.6757 ], [ -60.2031, -4.6698 ], [ -60.211, -4.6852 ], [ -60.2373, -4.6739 ], [ -60.26, -4.7121 ], [ -60.3002, -4.7189 ], [ -60.2977, -4.7424 ], [ -60.3519, -4.7623 ], [ -60.3645, -4.7943 ], [ -60.3814, -4.7909 ], [ -60.3784, -4.8322 ], [ -60.3891, -4.8523 ], [ -60.4208, -4.8611 ], [ -60.4253, -4.8848 ], [ -60.4456, -4.8814 ], [ -60.4569, -4.9085 ], [ -60.5248, -4.9224 ], [ -60.5298, -4.9365 ], [ -60.5606, -4.9336 ], [ -60.5808, -4.9855 ], [ -60.7026, -5.0422 ], [ -60.6953, -5.0765 ], [ -60.7218, -5.1117 ], [ -60.9124, -5.1126 ], [ -61.042, -4.9758 ], [ -60.9492, -4.9293 ], [ -60.8526, -4.9383 ] ] ] } },
{ "type": "Feature", "properties": { "tipo": "UC", "nome": "PARQUE ESTADUAL DE ÁGUAS QUENTES" }, "geometry": { "type": "Polygon", "coordinates": [ [ [ -55.5221, -15.8623 ], [ -55.4916, -15.8896 ], [ -55.5191, -15.9076 ], [ -55.5394, -15.8899 ], [ -55.5221, -15.8623 ] ] ] } },
{ "type": "Feature", "properties": { "tipo": "UC", "nome": "ÁREA DE RELEVANTE INTERESSE ECOLÓGICA SERINGAL NOVA ESPERANÇA" }, "geometry": { "type": "Polygon", "coordinates": [ [ [ -68.4041, -10.8673 ], [ -68.4263, -10.9154 ], [ -68.4461, -10.9193 ], [ -68.4633, -10.8882 ], [ -68.4516, -10.8648 ], [ -68.4041, -10.8673 ] ] ] } },
{ "type": "Feature", "properties": { "tipo": "UC", "nome": "RESERVA EXTRATIVISTA DO RIO UNINI" }, "geometry": { "type": "Polygon", "coordinates": [ [ [ -63.1063, -1.3734 ], [ -62.9965, -1.4422 ], [ -63.0013, -1.4667 ], [ -62.8991, -1.4572 ], [ -62.8255, -1.5001 ], [ -62.8037, -1.4742 ], [ -62.7621, -1.4722 ], [ -62.6906, -1.4395 ], [ -62.6197, -1.4501 ], [ -62.5638, -1.4405 ], [ -62.4732, -1.5148 ], [ -62.4548, -1.5782 ], [ -62.4126, -1.5264 ], [ -62.3669, -1.5291 ], [ -62.3206, -1.5747 ], [ -62.0991, -1.5509 ], [ -62.0651, -1.5366 ], [ -62.0603, -1.5059 ], [ -62.0167, -1.4909 ], [ -61.9301, -1.4991 ], [ -61.9295, -1.57 ], [ -61.9111, -1.587 ], [ -61.8756, -1.5809 ], [ -61.847, -1.5284 ], [ -61.815, -1.5127 ], [ -61.626, -1.5687 ], [ -61.5672, -1.5508 ], [ -61.5225, -1.6342 ], [ -61.5384, -1.6416 ], [ -61.5223, -1.6608 ], [ -61.54, -1.6557 ], [ -61.5192, -1.669 ], [ -61.5386, -1.6739 ], [ -61.5675, -1.639 ], [ -61.6013, -1.6332 ], [ -61.7057, -1.6525 ], [ -61.8041, -1.6721 ], [ -61.8703, -1.7204 ], [ -61.9364, -1.7341 ], [ -61.9631, -1.7144 ], [ -61.9634, -1.7423 ], [ -61.9892, -1.7608 ], [ -62.0649, -1.7516 ], [ -62.0651, -1.7155 ], [ -62.1073, -1.7427 ], [ -62.1614, -1.7277 ], [ -62.182, -1.7482 ], [ -62.2009, -1.7141 ], [ -62.1996, -1.7499 ], [ -62.2235, -1.7698 ], [ -62.2422, -1.7633 ], [ -62.2513, -1.7827 ], [ -62.2744, -1.7746 ], [ -62.3133, -1.8067 ], [ -62.3163, -1.7883 ], [ -62.3621, -1.8019 ], [ -62.3716, -1.821 ], [ -62.3956, -1.8041 ], [ -62.4159, -1.8416 ], [ -62.4396, -1.8135 ], [ -62.4496, -1.8825 ], [ -62.472, -1.8896 ], [ -62.4824, -1.8673 ], [ -62.5152, -1.8833 ], [ -62.5291, -1.868 ], [ -62.5628, -1.8687 ], [ -62.5584, -1.8238 ], [ -62.5973, -1.8268 ], [ -62.6078, -1.7847 ], [ -62.6482, -1.7628 ], [ -62.6477, -1.7403 ], [ -62.7159, -1.751 ], [ -62.7088, -1.7393 ], [ -62.7409, -1.7326 ], [ -62.7352, -1.7156 ], [ -62.7756, -1.699 ], [ -62.7843, -1.7061 ], [ -62.7698, -1.7201 ], [ -62.7977, -1.7295 ], [ -62.8139, -1.6954 ], [ -62.8465, -1.6754 ], [ -62.8382, -1.6612 ], [ -62.8592, -1.6659 ], [ -62.8722, -1.649 ], [ -62.8994, -1.6503 ], [ -62.9037, -1.6317 ], [ -62.9352, -1.6332 ], [ -62.9233, -1.6176 ], [ -62.962, -1.5912 ], [ -62.9652, -1.6158 ], [ -62.9826, -1.6242 ], [ -63.0009, -1.5973 ], [ -62.9921, -1.5802 ], [ -63.0218, -1.5682 ], [ -63.0415, -1.5786 ], [ -63.0411, -1.5571 ], [ -63.0617, -1.5456 ], [ -63.0852, -1.5549 ], [ -63.102, -1.5411 ], [ -63.1139, -1.5584 ], [ -63.1494, -1.5638 ], [ -63.154, -1.5499 ], [ -63.176, -1.5505 ], [ -63.175, -1.5345 ], [ -63.1962, -1.5354 ], [ -63.2694, -1.5673 ], [ -63.2918, -1.5313 ], [ -63.3081, -1.5412 ], [ -63.3125, -1.5288 ], [ -63.3312, -1.5722 ], [ -63.3488, -1.5631 ], [ -63.3956, -1.5876 ], [ -63.4083, -1.5687 ], [ -63.4301, -1.5877 ], [ -63.4203, -1.6068 ], [ -63.4361, -1.62 ], [ -63.458, -1.6083 ], [ -63.4975, -1.6194 ], [ -63.4873, -1.6451 ], [ -63.4995, -1.6354 ], [ -63.5029, -1.6595 ], [ -63.5457, -1.6449 ], [ -63.5592, -1.661 ], [ -63.5949, -1.6407 ], [ -63.6068, -1.6675 ], [ -63.6152, -1.6479 ], [ -63.6449, -1.6638 ], [ -63.6569, -1.641 ], [ -63.6827, -1.6341 ], [ -63.73, -1.6492 ], [ -63.7365, -1.6698 ], [ -63.7629, -1.6571 ], [ -63.7806, -1.6896 ], [ -63.8049, -1.6878 ], [ -63.8269, -1.6625 ], [ -63.8904, -1.6572 ], [ -63.9324, -1.6853 ], [ -63.9783, -1.6719 ], [ -64.0423, -1.6974 ], [ -64.059, -1.6843 ], [ -64.0917, -1.6924 ], [ -64.0846, -1.6831 ], [ -64.1052, -1.6682 ], [ -64.1136, -1.6802 ], [ -64.1318, -1.6458 ], [ -64.1803, -1.6653 ], [ -64.1992, -1.6626 ], [ -64.2139, -1.637 ], [ -64.2609, -1.6425 ], [ -64.2735, -1.6279 ], [ -64.3159, -1.669 ], [ -64.3316, -1.6619 ], [ -64.3459, -1.6908 ], [ -64.3342, -1.7086 ], [ -64.3878, -1.7269 ], [ -64.4961, -1.6858 ], [ -64.5176, -1.6956 ], [ -64.5441, -1.6817 ], [ -64.5645, -1.6968 ], [ -64.5748, -1.6851 ], [ -64.6556, -1.7579 ], [ -64.6652, -1.8 ], [ -64.6527, -1.8247 ], [ -64.6721, -1.8467 ], [ -64.6763, -1.8945 ], [ -64.7647, -1.9392 ], [ -64.7957, -1.9265 ], [ -64.859, -2.0092 ], [ -64.9377, -1.9944 ], [ -64.9347, -1.9456 ], [ -64.9774, -1.8504 ], [ -64.9706, -1.7509 ], [ -64.8984, -1.7195 ], [ -64.8711, -1.6303 ], [ -64.7396, -1.6119 ], [ -64.6374, -1.5253 ], [ -64.3928, -1.4483 ], [ -64.3641, -1.4906 ], [ -64.2776, -1.4824 ], [ -64.1556, -1.5431 ], [ -63.9553, -1.5437 ], [ -63.896, -1.509 ], [ -63.8367, -1.5233 ], [ -63.725, -1.5073 ], [ -63.518, -1.4173 ], [ -63.4095, -1.448 ], [ -63.3161, -1.4419 ], [ -63.1063, -1.3734 ] ] ] } },
{ "type": "Feature", "properties": { "tipo": "UC", "nome": "RESERVA EXTRATIVISTA DO ITAÚBA" }, "geometry": { "type": "Polygon", "coordinates": [ [ [ -62.1894, -9.7124 ], [ -62.1897, -9.7696 ], [ -62.2239, -9.7701 ], [ -62.228, -9.7493 ], [ -62.2026, -9.7403 ], [ -62.1894, -9.7124 ] ] ] } },
{ "type": "Feature", "properties": { "tipo": "UC", "nome": "RESERVA PARTICULAR DO PATRIMÔNIO NATURAL BICO DO JAVAÉS" }, "geometry": { "type": "Polygon", "coordinates": [ [ [ -49.9531, -10.5691 ], [ -49.9294, -10.5845 ], [ -49.9419, -10.6009 ], [ -49.9064, -10.6193 ], [ -49.9509, -10.6306 ], [ -49.9825, -10.6781 ], [ -49.9527, -10.626 ], [ -49.9635, -10.5939 ], [ -49.9531, -10.5691 ] ] ] } },
{ "type": "Feature", "properties": { "tipo": "UC", "nome": "FLORESTA NACIONAL DE JATUARANA" }, "geometry": { "type": "Polygon", "coordinates": [ [ [ -58.9634, -6.9629 ], [ -58.9818, -6.976 ], [ -58.9467, -7.0141 ], [ -58.9654, -7.0315 ], [ -58.9228, -7.0578 ], [ -58.9401, -7.0941 ], [ -58.9253, -7.1374 ], [ -58.9412, -7.1392 ], [ -58.9538, -7.1682 ], [ -58.9363, -7.2235 ], [ -58.9681, -7.2416 ], [ -58.9936, -7.2352 ], [ -59.01, -7.255 ], [ -59.0383, -7.2523 ], [ -59.0415, -7.2884 ], [ -59.0662, -7.2973 ], [ -59.0877, -7.3304 ], [ -59.1423, -7.3161 ], [ -59.1776, -7.359 ], [ -59.2333, -7.3424 ], [ -59.244, -7.3562 ], [ -59.2393, -7.4033 ], [ -59.2928, -7.4811 ], [ -59.2811, -7.5164 ], [ -59.2917, -7.5855 ], [ -59.3311, -7.6288 ], [ -59.3273, -7.6676 ], [ -59.3516, -7.7271 ], [ -59.3053, -7.8077 ], [ -59.3472, -7.8432 ], [ -59.3581, -7.9104 ], [ -59.7573, -8.0992 ], [ -59.9756, -7.4964 ], [ -59.8248, -7.4823 ], [ -59.7996, -7.4579 ], [ -59.6809, -7.4175 ], [ -58.9634, -6.9629 ] ] ] } },
{ "type": "Feature", "properties": { "tipo": "UC", "nome": "ÁREA DE PROTEÇÃO AMBIENTAL DAS NASCENTES DE ARAGUAINA" }, "geometry": { "type": "Polygon", "coordinates": [ [ [ -48.1749, -7.2257 ], [ -48.1579, -7.1893 ], [ -48.1877, -7.1715 ], [ -48.183, -7.1265 ], [ -48.1362, -7.1216 ], [ -48.0851, -7.1641 ], [ -48.0804, -7.246 ], [ -48.1058, -7.3076 ], [ -48.1749, -7.2257 ] ] ] } },
{ "type": "Feature", "properties": { "tipo": "UC", "nome": "ÁREA DE PROTEÇÃO AMBIENTAL DAS CABECEIRAS DO RIO CUIABÁ" }, "geometry": { "type": "Polygon", "coordinates": [ [ [ -55.2139, -14.1181 ], [ -54.9896, -14.1027 ], [ -54.9606, -14.177 ], [ -54.9019, -14.2229 ], [ -54.8622, -14.3621 ], [ -54.8833, -14.396 ], [ -54.9308, -14.417 ], [ -54.9016, -14.4727 ], [ -54.9459, -14.537 ], [ -54.9331, -14.5561 ], [ -55.0021, -14.5593 ], [ -54.9958, -14.58 ], [ -55.0198, -14.6019 ], [ -55.0216, -14.6324 ], [ -55.09, -14.6429 ], [ -55.0906, -14.6597 ], [ -55.1292, -14.671 ], [ -55.1393, -14.7251 ], [ -55.247, -14.7234 ], [ -55.3306, -14.7753 ], [ -55.3891, -14.7737 ], [ -55.41, -14.7257 ], [ -55.4417, -14.7266 ], [ -55.5315, -14.6593 ], [ -55.6369, -14.6872 ], [ -55.6855, -14.666 ], [ -55.6734, -14.6424 ], [ -55.7068, -14.5947 ], [ -55.686, -14.5678 ], [ -55.7544, -14.5244 ], [ -55.7736, -14.4389 ], [ -55.7381, -14.4174 ], [ -55.7748, -14.3372 ], [ -55.692, -14.3278 ], [ -55.6296, -14.2995 ], [ -55.6104, -14.276 ], [ -55.571, -14.2712 ], [ -55.5093, -14.2149 ], [ -55.5002, -14.2304 ], [ -55.486, -14.2176 ], [ -55.4831, -14.259 ], [ -55.4673, -14.2738 ], [ -55.3563, -14.2467 ], [ -55.2573, -14.2505 ], [ -55.2953, -14.1414 ], [ -55.2139, -14.1181 ] ] ] } },
{ "type": "Feature", "properties": { "tipo": "UC", "nome": "PARQUE NATURAL MUNICIPAL DO CANCãO" }, "geometry": { "type": "Polygon", "coordinates": [ [ [ -51.9954, 0.9235 ], [ -52.0121, 0.9057 ], [ -52.0133, 0.9213 ], [ -51.9954, 0.9235 ] ] ] } },
{ "type": "Feature", "properties": { "tipo": "UC", "nome": "PARQUE NACIONAL DO ACARI" }, "geometry": { "type": "Polygon", "coordinates": [ [ [ -58.8465, -6.4012 ], [ -58.8331, -6.4607 ], [ -58.8621, -6.5345 ], [ -58.9531, -6.5264 ], [ -59.027, -6.55 ], [ -59.0686, -6.5334 ], [ -59.0837, -6.5545 ], [ -59.5267, -6.7061 ], [ -59.5831, -6.6777 ], [ -59.643, -6.6792 ], [ -59.6606, -6.7183 ], [ -59.7018, -6.7486 ], [ -59.7879, -6.7559 ], [ -59.8863, -6.1735 ], [ -58.8308, -5.6528 ], [ -58.8288, -5.6666 ], [ -58.8456, -5.6705 ], [ -58.8299, -5.6752 ], [ -58.835, -5.7067 ], [ -58.8106, -5.7379 ], [ -58.8254, -5.7664 ], [ -58.8133, -5.7897 ], [ -58.8299, -5.801 ], [ -58.8104, -5.844 ], [ -58.8297, -5.8505 ], [ -58.8332, -5.9015 ], [ -58.817, -5.8931 ], [ -58.8087, -5.9068 ], [ -58.8235, -5.9296 ], [ -58.8181, -5.9762 ], [ -58.8356, -5.99 ], [ -58.8308, -6.0142 ], [ -58.8105, -6.0195 ], [ -58.801, -6.0558 ], [ -58.8148, -6.0687 ], [ -58.8026, -6.0828 ], [ -58.8296, -6.1258 ], [ -58.8481, -6.2124 ], [ -58.9066, -6.2476 ], [ -58.9198, -6.2842 ], [ -58.8465, -6.4012 ] ] ] } },
{ "type": "Feature", "properties": { "tipo": "UC", "nome": "FLORESTA ESTADUAL MANICORÉ" }, "geometry": { "type": "Polygon", "coordinates": [ [ [ -60.5652, -8.6396 ], [ -60.7429, -8.5789 ], [ -60.7952, -8.6405 ], [ -60.8207, -8.6417 ], [ -60.8469, -8.6721 ], [ -60.837, -8.7095 ], [ -60.8562, -8.7804 ], [ -60.8477, -8.8008 ], [ -61.3164, -8.8002 ], [ -60.6124, -8.4894 ], [ -60.5652, -8.6396 ] ] ] } },
{ "type": "Feature", "properties": { "tipo": "UC", "nome": "PARQUE NACIONAL DO PICO DA NEBLINA" }, "geometry": { "type": "Polygon", "coordinates": [ [ [ -65.2635, 0.9207 ], [ -65.2354, 0.922 ], [ -65.2536, 0.8534 ], [ -65.2467, 0.8047 ], [ -65.222, 0.7936 ], [ -65.1801, 0.8119 ], [ -65.1242, 0.8037 ], [ -65.0967, 0.7906 ], [ -65.081, 0.7579 ], [ -65.1003, 0.7203 ], [ -65.0561, 0.6799 ], [ -65.0543, 0.5817 ], [ -65.0692, 0.5459 ], [ -65.0567, 0.5169 ], [ -65.0772, 0.4915 ], [ -65.0786, 0.3933 ], [ -65.0982, 0.3639 ], [ -65.0304, 0.3001 ], [ -65.0521, 0.2908 ], [ -65.036, 0.2756 ], [ -65.062, 0.2218 ], [ -65.0477, 0.1801 ], [ -65.0613, 0.1615 ], [ -65.0611, 0.1068 ], [ -65.0415, 0.0836 ], [ -65.0438, 0.0593 ], [ -65.0764, 0.0397 ], [ -65.056, 0.0342 ], [ -65.0616, 0.0061 ], [ -65.0975, -0.0093 ], [ -65.092, -0.0355 ], [ -65.1299, -0.0697 ], [ -65.1078, -0.1093 ], [ -65.1235, -0.127 ], [ -65.1042, -0.139 ], [ -65.0953, -0.2025 ], [ -65.0802, -0.2112 ], [ -65.1038, -0.2315 ], [ -65.087, -0.2376 ], [ -65.086, -0.2793 ], [ -65.1244, -0.3237 ], [ -65.1588, -0.329 ], [ -65.1509, -0.3413 ], [ -65.1851, -0.3571 ], [ -65.2044, -0.4017 ], [ -65.2696, -0.3828 ], [ -65.3707, -0.31 ], [ -65.4576, -0.2932 ], [ -65.4516, -0.2767 ], [ -65.4724, -0.2705 ], [ -65.6981, -0.295 ], [ -65.7378, -0.2783 ], [ -65.7677, -0.2283 ], [ -65.842, -0.2219 ], [ -65.8897, -0.2605 ], [ -65.9133, -0.1979 ], [ -65.9376, -0.1883 ], [ -65.9525, -0.2011 ], [ -65.9733, -0.1862 ], [ -66.0032, -0.2031 ], [ -66.0093, -0.235 ], [ -66.047, -0.2457 ], [ -66.0711, -0.1781 ], [ -66.089, -0.1554 ], [ -66.1015, -0.1617 ], [ -66.0796, -0.1218 ], [ -66.1052, -0.1305 ], [ -66.122, -0.1175 ], [ -66.0839, -0.0795 ], [ -66.125, -0.0627 ], [ -66.1412, -0.0737 ], [ -66.1183, -0.0419 ], [ -66.123, 0.0007 ], [ -66.8351, -0.0014 ], [ -66.8353, 0.6479 ], [ -66.8673, 0.7609 ], [ -66.8387, 0.775 ], [ -66.8471, 0.807 ], [ -66.8859, 0.841 ], [ -66.8771, 0.8489 ], [ -66.9082, 0.8691 ], [ -66.8775, 0.8695 ], [ -66.7994, 0.9248 ], [ -66.807, 0.953 ], [ -66.781, 0.9891 ], [ -66.7959, 1.0259 ], [ -66.7841, 1.0383 ], [ -66.7042, 1.0268 ], [ -66.6537, 0.9804 ], [ -66.5999, 1.0002 ], [ -66.3097, 0.7446 ], [ -66.1971, 0.7818 ], [ -66.1594, 0.747 ], [ -66.1305, 0.7463 ], [ -66.1079, 0.7646 ], [ -66.0768, 0.7617 ], [ -66.0648, 0.8059 ], [ -66.0404, 0.8148 ], [ -65.9528, 0.8036 ], [ -65.9362, 0.8864 ], [ -65.8987, 0.8903 ], [ -65.8792, 0.9372 ], [ -65.769, 0.9596 ], [ -65.7359, 1.0006 ], [ -65.6935, 0.9999 ], [ -65.6854, 0.9818 ], [ -65.663, 1.0085 ], [ -65.6294, 0.9885 ], [ -65.6112, 1.0105 ], [ -65.545, 0.9743 ], [ -65.5004, 0.8778 ], [ -65.5039, 0.8429 ], [ -65.528, 0.8315 ], [ -65.533, 0.8045 ], [ -65.5938, 0.7282 ], [ -65.5423, 0.6469 ], [ -65.5283, 0.6687 ], [ -65.4521, 0.6848 ], [ -65.4247, 0.7087 ], [ -65.3905, 0.7587 ], [ -65.3967, 0.8331 ], [ -65.3544, 0.8661 ], [ -65.3289, 0.9286 ], [ -65.2948, 0.9418 ], [ -65.2635, 0.9207 ] ] ] } },
{ "type": "Feature", "properties": { "tipo": "UC", "nome": "RESERVA EXTRATIVISTA MARINHA MOCAPAJUBA" }, "geometry": { "type": "MultiPolygon", "coordinates": [ [ [ [ -47.9677, -0.6958 ], [ -47.9549, -0.7764 ], [ -47.9843, -0.7605 ], [ -48.0231, -0.7797 ], [ -48.0269, -0.813 ], [ -48.0041, -0.8214 ], [ -48.0205, -0.8288 ], [ -48.0107, -0.8559 ], [ -48.0304, -0.8637 ], [ -48.0282, -0.8273 ], [ -48.049, -0.8139 ], [ -48.0355, -0.8102 ], [ -48.0337, -0.7851 ], [ -48.0586, -0.7769 ], [ -48.0667, -0.7886 ], [ -48.1002, -0.7628 ], [ -48.0785, -0.7434 ], [ -48.0492, -0.7569 ], [ -48.0541, -0.7078 ], [ -48.0752, -0.7165 ], [ -48.0603, -0.7187 ], [ -48.0732, -0.7371 ], [ -48.0905, -0.7354 ], [ -48.0894, -0.7201 ], [ -48.1074, -0.736 ], [ -48.0935, -0.7424 ], [ -48.1151, -0.7674 ], [ -48.1448, -0.7435 ], [ -48.0608, -0.6453 ], [ -48.0005, -0.667 ], [ -48.0005, -0.6534 ], [ -47.9677, -0.6958 ] ], [ [ -48.0378, -0.7577 ], [ -48.0111, -0.7364 ], [ -48.0376, -0.7133 ], [ -48.0487, -0.7406 ], [ -48.0378, -0.7577 ] ], [ [ -48.0416, -0.6824 ], [ -48.0494, -0.6972 ], [ -48.0384, -0.7018 ], [ -48.0416, -0.6824 ] ] ], [ [ [ -47.9839, -0.6698 ], [ -47.985, -0.6581 ], [ -47.9826, -0.6564 ], [ -47.9839, -0.6698 ] ] ] ] } },
{ "type": "Feature", "properties": { "tipo": "UC", "nome": "MONUMENTO NATURAL MORRO DE SANTO ANTôNIO" }, "geometry": { "type": "Polygon", "coordinates": [ [ [ -56.1042, -15.7647 ], [ -56.0863, -15.768 ], [ -56.0977, -15.7755 ], [ -56.1042, -15.7647 ] ] ] } },
{ "type": "Feature", "properties": { "tipo": "UC", "nome": "RESERVA EXTRATIVISTA BAIXO JURUÁ" }, "geometry": { "type": "Polygon", "coordinates": [ [ [ -65.945, -3.1855 ], [ -65.902, -3.215 ], [ -65.8607, -3.1978 ], [ -65.8342, -3.2103 ], [ -65.8311, -3.2284 ], [ -65.8612, -3.2717 ], [ -65.8145, -3.3173 ], [ -65.768, -3.3133 ], [ -65.7662, -3.4014 ], [ -65.8123, -3.4418 ], [ -65.8359, -3.4387 ], [ -65.8653, -3.4734 ], [ -65.8805, -3.5255 ], [ -65.8549, -3.5854 ], [ -65.8923, -3.6602 ], [ -65.8835, -3.7085 ], [ -65.9379, -3.786 ], [ -65.9357, -3.89 ], [ -65.9788, -3.8995 ], [ -66.0252, -3.9592 ], [ -66.0857, -3.9062 ], [ -66.0978, -3.8583 ], [ -66.0772, -3.8222 ], [ -66.1, -3.7713 ], [ -66.0893, -3.7478 ], [ -66.1434, -3.7336 ], [ -66.1374, -3.674 ], [ -66.1487, -3.6561 ], [ -66.1179, -3.664 ], [ -66.1254, -3.6381 ], [ -66.096, -3.6339 ], [ -66.1088, -3.6096 ], [ -66.0792, -3.6008 ], [ -66.0917, -3.5589 ], [ -66.0719, -3.5595 ], [ -66.0765, -3.5413 ], [ -66.0016, -3.493 ], [ -66.0251, -3.3974 ], [ -66.063, -3.3688 ], [ -66.0377, -3.314 ], [ -66.052, -3.2922 ], [ -66.0083, -3.2853 ], [ -66.0216, -3.25 ], [ -66.0414, -3.246 ], [ -66.0175, -3.2319 ], [ -66.0199, -3.215 ], [ -65.9781, -3.2209 ], [ -65.945, -3.1855 ] ] ] } },
{ "type": "Feature", "properties": { "tipo": "UC", "nome": "RESERVA EXTRATIVISTA CURRALINHO" }, "geometry": { "type": "Polygon", "coordinates": [ [ [ -64.2456, -12.4613 ], [ -64.2804, -12.4983 ], [ -64.2967, -12.4951 ], [ -64.2913, -12.4559 ], [ -64.2706, -12.4586 ], [ -64.2704, -12.4403 ], [ -64.2456, -12.4613 ] ] ] } },
{ "type": "Feature", "properties": { "tipo": "UC", "nome": "RESERVA DE DESENVOLVIMENTO SUSTENTáVEL DO RIO IRATAPURU" }, "geometry": { "type": "MultiPolygon", "coordinates": [ [ [ [ -52.6983, -0.4504 ], [ -52.5249, -0.2566 ], [ -52.5401, -0.1821 ], [ -52.531, -0.1505 ], [ -52.9361, -0.1447 ], [ -52.9704, -0.054 ], [ -52.9732, 0.018 ], [ -52.9849, 0.0456 ], [ -53.0152, 0.0575 ], [ -53.0058, 0.0967 ], [ -53.0944, 0.1939 ], [ -53.1054, 0.2302 ], [ -53.0911, 0.2572 ], [ -53.1789, 0.3763 ], [ -53.158, 0.3961 ], [ -53.1585, 0.516 ], [ -53.139, 0.5523 ], [ -53.1525, 0.5915 ], [ -53.1172, 0.6546 ], [ -53.0739, 0.6307 ], [ -52.9101, 0.6288 ], [ -52.834, 0.7377 ], [ -52.8072, 0.7256 ], [ -52.6621, 0.7394 ], [ -52.598, 0.8377 ], [ -52.4954, 0.8681 ], [ -52.4966, 0.8431 ], [ -52.4388, 0.7576 ], [ -52.4248, 0.7947 ], [ -52.1662, 0.6399 ], [ -52.205, 0.5864 ], [ -52.2363, 0.5864 ], [ -52.2588, 0.5604 ], [ -52.2721, 0.516 ], [ -52.2633, 0.4814 ], [ -52.4214, 0.4962 ], [ -52.3876, 0.454 ], [ -52.3221, 0.221 ], [ -52.3647, 0.149 ], [ -52.4783, 0.1246 ], [ -52.2919, -0.1589 ], [ -52.2921, -0.3303 ], [ -52.5229, -0.3366 ], [ -52.689, -0.4839 ], [ -52.6983, -0.4504 ] ] ] ] } },
{ "type": "Feature", "properties": { "tipo": "UC", "nome": "PARQUE ESTADUAL SERRA AZUL" }, "geometry": { "type": "Polygon", "coordinates": [ [ [ -52.2243, -15.765 ], [ -52.2304, -15.7795 ], [ -52.2173, -15.7743 ], [ -52.226, -15.7884 ], [ -52.2152, -15.7911 ], [ -52.18, -15.774 ], [ -52.1392, -15.7729 ], [ -52.141, -15.7844 ], [ -52.1846, -15.8402 ], [ -52.2363, -15.8736 ], [ -52.304, -15.8581 ], [ -52.2724, -15.831 ], [ -52.2584, -15.7747 ], [ -52.2243, -15.765 ] ] ] } },
{ "type": "Feature", "properties": { "tipo": "UC", "nome": "FLORESTA ESTADUAL DE RENDIMENTO SUSTENTADO CEDRO" }, "geometry": { "type": "Polygon", "coordinates": [ [ [ -62.1344, -9.3537 ], [ -62.0919, -9.3792 ], [ -62.1022, -9.3964 ], [ -62.1309, -9.4035 ], [ -62.1404, -9.3825 ], [ -62.1594, -9.3904 ], [ -62.1561, -9.3581 ], [ -62.1344, -9.3537 ] ] ] } },
{ "type": "Feature", "properties": { "tipo": "UC", "nome": "ÁREA DE PROTEçãO AMBIENTAL DA BAIXADA MARANHENSE" }, "geometry": { "type": "Polygon", "coordinates": [ [ [ -44.8, -1.9833 ], [ -45.0, -2.4167 ], [ -44.5, -2.5833 ], [ -44.4, -2.5 ], [ -44.5, -3.1 ], [ -44.6833, -3.5667 ], [ -44.55, -3.85 ], [ -44.55, -4.0 ], [ -45.0, -4.0 ], [ -45.2833, -3.6667 ], [ -45.5, -3.6333 ], [ -45.4167, -3.4333 ], [ -45.2833, -3.4333 ], [ -45.2833, -3.3333 ], [ -45.45, -3.25 ], [ -45.45, -3.2167 ], [ -45.25, -3.2167 ], [ -45.1667, -3.2667 ], [ -45.1667, -3.1333 ], [ -45.0833, -3.1333 ], [ -45.0, -3.0 ], [ -44.9207, -3.0016 ], [ -45.5324, -2.669 ], [ -45.5293, -2.56 ], [ -45.514, -2.5579 ], [ -45.5, -1.9833 ], [ -44.8, -1.9833 ] ] ] } },
{ "type": "Feature", "properties": { "tipo": "UC", "nome": "RESERVA DE DESENVOLVIMENTO SUSTENTÁVEL DO RIO NEGRO" }, "geometry": { "type": "Polygon", "coordinates": [ [ [ -60.8626, -2.7011 ], [ -60.7897, -2.7543 ], [ -60.7772, -2.7745 ], [ -60.7885, -2.7702 ], [ -60.7925, -2.7845 ], [ -60.7059, -2.8597 ], [ -60.7001, -2.8731 ], [ -60.7169, -2.8559 ], [ -60.6178, -2.967 ], [ -60.628, -2.9765 ], [ -60.5983, -2.9839 ], [ -60.5795, -3.0264 ], [ -60.458, -3.0924 ], [ -60.4676, -3.1123 ], [ -60.4822, -3.1056 ], [ -60.4736, -3.0948 ], [ -60.492, -3.0963 ], [ -60.4822, -3.1164 ], [ -60.5002, -3.1294 ], [ -60.4822, -3.1477 ], [ -60.4948, -3.1722 ], [ -60.4857, -3.1961 ], [ -60.527, -3.1701 ], [ -60.5222, -3.153 ], [ -60.543, -3.1497 ], [ -60.5542, -3.1208 ], [ -60.5865, -3.1153 ], [ -60.6265, -3.1327 ], [ -60.6522, -3.1152 ], [ -60.6926, -3.1176 ], [ -60.7251, -3.0931 ], [ -60.8092, -3.0907 ], [ -60.8308, -3.0296 ], [ -60.8281, -2.9675 ], [ -60.8092, -2.9433 ], [ -60.8606, -2.9686 ], [ -60.8829, -2.9615 ], [ -60.9007, -2.924 ], [ -60.89, -2.8881 ], [ -60.835, -2.8398 ], [ -60.8586, -2.8479 ], [ -60.8718, -2.8211 ], [ -60.9016, -2.8122 ], [ -60.9134, -2.7733 ], [ -60.9083, -2.7411 ], [ -60.8626, -2.7011 ] ] ] } },
{ "type": "Feature", "properties": { "tipo": "UC", "nome": "FLORESTA ESTADUAL APUÍ" }, "geometry": { "type": "Polygon", "coordinates": [ [ [ -58.4158, -7.6199 ], [ -58.4584, -7.6288 ], [ -58.4971, -7.6762 ], [ -58.5192, -7.6795 ], [ -58.5355, -7.7227 ], [ -58.5003, -7.7458 ], [ -58.5227, -7.7619 ], [ -58.5087, -7.7894 ], [ -58.5293, -7.856 ], [ -58.5715, -7.885 ], [ -58.5705, -7.927 ], [ -58.614, -7.9848 ], [ -58.6649, -7.9887 ], [ -58.74, -8.0532 ], [ -58.8143, -8.0557 ], [ -58.8184, -8.0673 ], [ -58.9401, -8.0138 ], [ -58.9263, -7.9976 ], [ -58.9586, -7.9471 ], [ -58.9243, -7.9055 ], [ -58.949, -7.8757 ], [ -58.9276, -7.8435 ], [ -58.9063, -7.8527 ], [ -58.8989, -7.8024 ], [ -58.8852, -7.8097 ], [ -58.8447, -7.7789 ], [ -58.8398, -7.7904 ], [ -58.8219, -7.7818 ], [ -58.8052, -7.7315 ], [ -58.8537, -7.724 ], [ -58.8372, -7.7015 ], [ -58.4415, -7.5183 ], [ -58.4037, -7.5377 ], [ -58.4154, -7.5539 ], [ -58.3911, -7.5867 ], [ -58.4158, -7.6199 ] ] ] } },
{ "type": "Feature", "properties": { "tipo": "UC", "nome": "RESERVA EXTRATIVISTA AUATÍ-PARANÁ" }, "geometry": { "type": "Polygon", "coordinates": [ [ [ -66.7783, -2.1533 ], [ -66.7136, -2.1655 ], [ -66.6656, -2.1458 ], [ -66.6206, -2.1507 ], [ -66.5993, -2.1175 ], [ -66.5579, -2.1075 ], [ -66.5286, -2.064 ], [ -66.5297, -1.9929 ], [ -66.4595, -1.934 ], [ -66.4255, -1.9352 ], [ -66.4185, -1.894 ], [ -66.3778, -1.8557 ], [ -66.2723, -1.8316 ], [ -66.0321, -1.8717 ], [ -66.0048, -1.9217 ], [ -65.9875, -2.0076 ], [ -66.0046, -1.9966 ], [ -66.0587, -2.0096 ], [ -66.1234, -1.9795 ], [ -66.1248, -1.9953 ], [ -66.1746, -1.9852 ], [ -66.2545, -2.0317 ], [ -66.3153, -2.0378 ], [ -66.3088, -2.0565 ], [ -66.3669, -2.1049 ], [ -66.4648, -2.1035 ], [ -66.4709, -2.1205 ], [ -66.498, -2.1244 ], [ -66.4973, -2.1594 ], [ -66.5354, -2.1474 ], [ -66.5704, -2.1673 ], [ -66.5685, -2.184 ], [ -66.6344, -2.2554 ], [ -66.6507, -2.3052 ], [ -66.6409, -2.3531 ], [ -66.6686, -2.3883 ], [ -66.6819, -2.3858 ], [ -66.7783, -2.1533 ] ] ] } },
{ "type": "Feature", "properties": { "tipo": "UC", "nome": "ÁREA DE PROTEÇÃO AMBIENTAL PAYTUNA" }, "geometry": { "type": "Polygon", "coordinates": [ [ [ -54.3167, -1.9757 ], [ -54.3083, -1.9901 ], [ -54.2619, -1.9806 ], [ -54.2599, -1.9922 ], [ -54.2039, -2.0001 ], [ -54.1873, -1.9787 ], [ -54.1493, -1.9843 ], [ -54.1102, -2.0426 ], [ -54.109, -2.0742 ], [ -54.094, -2.0753 ], [ -54.0902, -2.1231 ], [ -54.1123, -2.1377 ], [ -54.1129, -2.1888 ], [ -54.1263, -2.2029 ], [ -54.1509, -2.1877 ], [ -54.1729, -2.1935 ], [ -54.1688, -2.2056 ], [ -54.3015, -2.2177 ], [ -54.2954, -2.1893 ], [ -54.3088, -2.1681 ], [ -54.3586, -2.2132 ], [ -54.3427, -2.1488 ], [ -54.3534, -2.0955 ], [ -54.3338, -2.0973 ], [ -54.3341, -2.0795 ], [ -54.312, -2.0759 ], [ -54.3224, -2.0581 ], [ -54.3035, -2.0615 ], [ -54.3194, -2.0561 ], [ -54.3215, -2.0166 ], [ -54.3597, -1.9706 ], [ -54.3167, -1.9757 ] ], [ [ -54.1649, -2.0098 ], [ -54.2178, -2.0332 ], [ -54.1903, -2.0683 ], [ -54.163, -2.0668 ], [ -54.1341, -2.0327 ], [ -54.137, -2.0175 ], [ -54.1649, -2.0098 ] ] ] } },
{ "type": "Feature", "properties": { "tipo": "UC", "nome": "RESERVA EXTRATIVISTA IPAÚ-ANILZINHO" }, "geometry": { "type": "Polygon", "coordinates": [ [ [ -49.7461, -3.0145 ], [ -49.7285, -2.9954 ], [ -49.7056, -3.0249 ], [ -49.6592, -3.0443 ], [ -49.6819, -3.1785 ], [ -49.6671, -3.2563 ], [ -49.7688, -3.3167 ], [ -49.7827, -3.3048 ], [ -49.8059, -3.3202 ], [ -49.8224, -3.1645 ], [ -49.859, -3.1033 ], [ -49.8298, -3.0763 ], [ -49.8511, -3.0072 ], [ -49.7461, -3.0145 ] ] ] } },
{ "type": "Feature", "properties": { "tipo": "UC", "nome": "PARQUE ESTADUAL DA SERRA DOS MARTÍRIOS/ANDORINHAS" }, "geometry": { "type": "Polygon", "coordinates": [ [ [ -48.5078, -6.1018 ], [ -48.4999, -6.0917 ], [ -48.4794, -6.1094 ], [ -48.4587, -6.1537 ], [ -48.4757, -6.1756 ], [ -48.4573, -6.1839 ], [ -48.4592, -6.2053 ], [ -48.4871, -6.2029 ], [ -48.4305, -6.235 ], [ -48.4412, -6.2602 ], [ -48.4165, -6.2801 ], [ -48.4221, -6.2965 ], [ -48.3855, -6.3789 ], [ -48.4507, -6.3057 ], [ -48.4424, -6.2893 ], [ -48.4742, -6.2544 ], [ -48.4727, -6.2226 ], [ -48.4997, -6.202 ], [ -48.5139, -6.1613 ], [ -48.5389, -6.162 ], [ -48.5429, -6.177 ], [ -48.5252, -6.2369 ], [ -48.5116, -6.2208 ], [ -48.4996, -6.2531 ], [ -48.5459, -6.2638 ], [ -48.5284, -6.2735 ], [ -48.5134, -6.2616 ], [ -48.4952, -6.277 ], [ -48.4729, -6.2964 ], [ -48.4854, -6.316 ], [ -48.5257, -6.2906 ], [ -48.5589, -6.2925 ], [ -48.5839, -6.2646 ], [ -48.5885, -6.2129 ], [ -48.5632, -6.1688 ], [ -48.5765, -6.1211 ], [ -48.5355, -6.0777 ], [ -48.5155, -6.0786 ], [ -48.5078, -6.1018 ] ] ] } },
{ "type": "Feature", "properties": { "tipo": "UC", "nome": "PARQUE NATURAL MUNICIPAL VALE DO ESPERANÇA" }, "geometry": { "type": "Polygon", "coordinates": [ [ [ -55.108, -10.5875 ], [ -55.1039, -10.599 ], [ -55.1122, -10.6072 ], [ -55.108, -10.5875 ] ] ] } },
{ "type": "Feature", "properties": { "tipo": "UC", "nome": "RESERVA DE DESENVOLVIMENTO SUSTENTÁVEL CANUMÃ" }, "geometry": { "type": "Polygon", "coordinates": [ [ [ -58.8402, -3.8569 ], [ -58.8454, -3.8751 ], [ -58.8172, -3.8737 ], [ -58.7995, -3.9077 ], [ -58.7776, -3.9067 ], [ -58.8139, -3.9797 ], [ -58.8289, -3.9761 ], [ -58.8288, -3.9344 ], [ -58.9861, -3.9315 ], [ -59.0378, -4.0056 ], [ -59.0643, -4.0985 ], [ -59.1025, -4.0868 ], [ -59.0791, -4.0386 ], [ -59.0952, -3.9945 ], [ -59.0811, -3.9645 ], [ -59.0012, -3.9337 ], [ -58.9938, -3.893 ], [ -58.9604, -3.8888 ], [ -58.918, -3.9097 ], [ -58.8812, -3.8537 ], [ -58.8402, -3.8569 ] ] ] } },
{ "type": "Feature", "properties": { "tipo": "UC", "nome": "PARQUE NATURAL MUNICIPAL CLAUDINO FRANCIO" }, "geometry": { "type": "Polygon", "coordinates": [ [ [ -55.725, -12.5273 ], [ -55.725, -12.5327 ], [ -55.7275, -12.5311 ], [ -55.725, -12.5273 ] ] ] } },
{ "type": "Feature", "properties": { "tipo": "UC", "nome": "RESERVA BIOLÓGICA DE MAICURU" }, "geometry": { "type": "Polygon", "coordinates": [ [ [ -54.6236, 1.3524 ], [ -54.9011, 1.7589 ], [ -54.7516, 1.8493 ], [ -54.7341, 1.8334 ], [ -54.7553, 1.7977 ], [ -54.7359, 1.7755 ], [ -54.6687, 1.7681 ], [ -54.5715, 1.7877 ], [ -54.4962, 1.7475 ], [ -54.4239, 1.7634 ], [ -54.3863, 1.7479 ], [ -54.3749, 1.7667 ], [ -54.3434, 1.7412 ], [ -54.308, 1.7421 ], [ -54.3146, 1.7337 ], [ -54.2796, 1.7255 ], [ -54.2911, 1.7091 ], [ -54.2683, 1.7142 ], [ -54.2623, 1.6841 ], [ -54.2267, 1.6776 ], [ -54.1898, 1.6275 ], [ -54.181, 1.6589 ], [ -54.1448, 1.6449 ], [ -54.1202, 1.6065 ], [ -54.1331, 1.5961 ], [ -54.1188, 1.5836 ], [ -54.1009, 1.5935 ], [ -54.1162, 1.5596 ], [ -54.0847, 1.53 ], [ -54.0856, 1.4898 ], [ -54.0265, 1.5017 ], [ -54.0269, 1.5174 ], [ -54.0088, 1.5216 ], [ -53.9904, 1.502 ], [ -53.9931, 1.471 ], [ -53.9633, 1.4795 ], [ -53.9517, 1.4634 ], [ -53.9256, 1.4647 ], [ -53.938, 1.4321 ], [ -53.8975, 1.4511 ], [ -53.8798, 1.4343 ], [ -53.8913, 1.4014 ], [ -53.8507, 1.404 ], [ -53.8559, 1.3889 ], [ -53.8135, 1.3888 ], [ -53.8281, 1.4101 ], [ -53.8139, 1.4193 ], [ -53.7408, 1.3834 ], [ -53.723, 1.4005 ], [ -53.7263, 1.4286 ], [ -53.7024, 1.4178 ], [ -53.7184, 1.3793 ], [ -53.6913, 1.3844 ], [ -53.6827, 1.3697 ], [ -53.6549, 1.4048 ], [ -53.6504, 1.3616 ], [ -53.6658, 1.341 ], [ -53.6497, 1.3322 ], [ -53.6017, 1.3554 ], [ -53.5795, 1.3348 ], [ -53.5502, 1.3436 ], [ -53.5393, 1.3211 ], [ -53.5697, 1.2981 ], [ -53.5303, 1.2603 ], [ -53.5417, 1.2426 ], [ -53.5851, 1.244 ], [ -53.7236, 1.1327 ], [ -53.7591, 1.1345 ], [ -53.773, 1.1193 ], [ -53.8049, 1.0307 ], [ -53.7874, 0.9633 ], [ -53.8115, 0.9446 ], [ -53.8325, 0.8935 ], [ -53.8321, 0.8035 ], [ -53.8785, 0.7668 ], [ -53.8248, 0.6933 ], [ -53.7839, 0.6943 ], [ -53.7412, 0.6252 ], [ -53.687, 0.5923 ], [ -53.6694, 0.564 ], [ -53.6419, 0.5691 ], [ -53.6336, 0.533 ], [ -53.597, 0.51 ], [ -53.6261, 0.4716 ], [ -53.6563, 0.4702 ], [ -53.6872, 0.4367 ], [ -53.7413, 0.2867 ], [ -53.7446, 0.2389 ], [ -53.8316, 0.208 ], [ -53.8517, 0.1771 ], [ -53.8125, 0.1208 ], [ -53.811, 0.0802 ], [ -53.8374, 0.0895 ], [ -53.8382, 0.0717 ], [ -53.8662, 0.055 ], [ -53.8353, -0.0815 ], [ -53.867, -0.0749 ], [ -53.9551, -0.1071 ], [ -53.9928, -0.1395 ], [ -54.0215, -0.1321 ], [ -54.0513, -0.1485 ], [ -54.0712, -0.1359 ], [ -54.1259, -0.1668 ], [ -54.1865, -0.135 ], [ -54.2159, -0.1585 ], [ -54.2547, -0.1595 ], [ -54.298, -0.1462 ], [ -54.3198, -0.1082 ], [ -54.3869, -0.0544 ], [ -54.4467, -0.0337 ], [ -54.4776, -0.0497 ], [ -54.5123, -0.1065 ], [ -54.492, -0.2228 ], [ -54.5395, -0.3004 ], [ -54.5934, -0.3219 ], [ -54.6143, -0.3197 ], [ -54.6324, -0.2707 ], [ -54.6432, -0.1743 ], [ -54.632, -0.0941 ], [ -54.5847, -0.0345 ], [ -54.5419, 0.0687 ], [ -54.5058, 0.0805 ], [ -54.43, 0.0546 ], [ -54.3397, 0.1038 ], [ -54.233, 0.0857 ], [ -54.142, 0.1034 ], [ -54.1582, 0.1431 ], [ -54.2063, 0.1907 ], [ -54.1882, 0.2331 ], [ -54.1496, 0.2621 ], [ -54.1631, 0.2841 ], [ -54.0482, 0.3417 ], [ -54.0, 0.3414 ], [ -53.995, 0.3707 ], [ -53.9265, 0.3952 ], [ -53.9009, 0.4949 ], [ -54.0241, 0.7055 ], [ -54.0291, 0.8308 ], [ -54.3014, 1.0507 ], [ -54.2812, 1.0475 ], [ -54.2129, 1.0875 ], [ -54.2382, 1.1345 ], [ -54.272, 1.1646 ], [ -54.309, 1.1724 ], [ -54.3222, 1.217 ], [ -54.4231, 1.2974 ], [ -54.4648, 1.3618 ], [ -54.6046, 1.374 ], [ -54.6236, 1.3524 ] ] ] } },
{ "type": "Feature", "properties": { "tipo": "UC", "nome": "ÁREA DE PROTEÇÃO AMBIENTAL DO IGARAPÉ GELADO" }, "geometry": { "type": "Polygon", "coordinates": [ [ [ -50.4561, -5.8576 ], [ -50.3861, -5.9256 ], [ -50.3337, -5.9421 ], [ -50.1132, -5.9406 ], [ -50.0532, -5.9914 ], [ -50.0203, -5.9801 ], [ -49.964, -6.0059 ], [ -50.2613, -6.0006 ], [ -50.2533, -5.9804 ], [ -50.3091, -5.9606 ], [ -50.3688, -5.9623 ], [ -50.477, -5.8986 ], [ -50.4786, -5.8729 ], [ -50.4561, -5.8576 ] ] ] } },
{ "type": "Feature", "properties": { "tipo": "UC", "nome": "RESERVA EXTRATIVISTA RIO XINGU" }, "geometry": { "type": "Polygon", "coordinates": [ [ [ -52.6902, -4.3466 ], [ -52.6527, -4.366 ], [ -52.6395, -4.3955 ], [ -52.6498, -4.4858 ], [ -52.6958, -4.5837 ], [ -52.6923, -4.6194 ], [ -52.7304, -4.7041 ], [ -52.804, -4.8052 ], [ -52.7839, -4.8321 ], [ -52.7916, -4.8629 ], [ -52.8274, -4.9181 ], [ -52.8519, -4.9298 ], [ -52.8578, -4.967 ], [ -52.912, -5.0353 ], [ -52.9069, -5.0872 ], [ -52.8493, -5.1696 ], [ -52.844, -5.2765 ], [ -52.8917, -5.3589 ], [ -52.8345, -5.4078 ], [ -52.7812, -5.3853 ], [ -52.752, -5.3951 ], [ -52.7342, -5.4104 ], [ -52.7259, -5.4652 ], [ -52.6748, -5.508 ], [ -52.6715, -5.5639 ], [ -52.6884, -5.6046 ], [ -52.8302, -5.6771 ], [ -52.8514, -5.5933 ], [ -52.8856, -5.5461 ], [ -52.9892, -5.4803 ], [ -53.0406, -5.3461 ], [ -53.0742, -5.0353 ], [ -53.0564, -4.9425 ], [ -52.9768, -4.8267 ], [ -52.8697, -4.5711 ], [ -52.8306, -4.415 ], [ -52.6902, -4.3466 ] ] ] } },
{ "type": "Feature", "properties": { "tipo": "UC", "nome": "FLORESTA NACIONAL ALTAMIRA" }, "geometry": { "type": "Polygon", "coordinates": [ [ [ -54.9171, -5.4026 ], [ -54.6682, -6.333 ], [ -54.724, -6.3667 ], [ -54.7353, -6.4287 ], [ -54.7731, -6.4576 ], [ -54.8524, -6.3935 ], [ -54.9002, -6.4025 ], [ -54.9013, -6.4597 ], [ -54.9479, -6.4465 ], [ -54.9595, -6.466 ], [ -55.1028, -6.4043 ], [ -55.1312, -6.3637 ], [ -55.1447, -6.2981 ], [ -55.2139, -6.3 ], [ -55.2344, -6.2715 ], [ -55.4866, -6.2698 ], [ -55.3439, -5.9119 ], [ -55.2842, -5.8476 ], [ -55.2569, -5.7872 ], [ -55.3348, -5.7342 ], [ -55.3861, -5.5738 ], [ -55.4106, -5.5548 ], [ -55.4367, -5.5627 ], [ -55.486, -5.5072 ], [ -55.522, -5.4902 ], [ -55.5676, -5.504 ], [ -55.5645, -5.5147 ], [ -55.6034, -5.5032 ], [ -55.5696, -5.4783 ], [ -55.5213, -5.4026 ], [ -54.9171, -5.4026 ] ] ] } },
{ "type": "Feature", "properties": { "tipo": "UC", "nome": "REFUGIO DA VIDA SILVESTRE DE COLÍDER" }, "geometry": { "type": "Polygon", "coordinates": [ [ [ -55.4494, -10.8106 ], [ -55.4442, -10.8183 ], [ -55.4408, -10.8208 ], [ -55.4442, -10.8194 ], [ -55.4494, -10.8106 ] ] ] } },
{ "type": "Feature", "properties": { "tipo": "UC", "nome": "FLORESTA NACIONAL DO AMANÁ" }, "geometry": { "type": "Polygon", "coordinates": [ [ [ -56.9749, -4.8779 ], [ -57.1268, -5.0808 ], [ -57.2039, -5.2233 ], [ -57.263, -5.389 ], [ -57.3495, -5.5029 ], [ -57.4936, -5.5471 ], [ -57.5902, -5.6686 ], [ -57.6948, -5.7147 ], [ -57.8474, -5.9874 ], [ -57.9188, -6.0036 ], [ -58.0207, -5.9618 ], [ -58.0307, -5.9736 ], [ -57.7706, -5.4047 ], [ -57.8198, -5.3752 ], [ -57.8132, -5.3592 ], [ -57.8453, -5.3367 ], [ -57.8862, -5.3355 ], [ -57.9288, -5.3007 ], [ -57.9142, -5.26 ], [ -57.823, -5.2547 ], [ -57.8036, -5.202 ], [ -57.846, -5.163 ], [ -57.8084, -5.1531 ], [ -57.8084, -5.1106 ], [ -57.8829, -5.0515 ], [ -57.8954, -4.9998 ], [ -57.4505, -4.7149 ], [ -57.4756, -4.7687 ], [ -57.4549, -4.809 ], [ -57.3357, -4.8338 ], [ -57.2262, -4.8888 ], [ -57.2187, -4.9483 ], [ -57.1747, -4.9479 ], [ -57.0783, -4.8938 ], [ -56.9749, -4.8779 ] ] ] } },
{ "type": "Feature", "properties": { "tipo": "UC", "nome": "FLORESTA ESTADUAL DE RENDIMENTO SUSTENTADO DO RIO MACHADO" }, "geometry": { "type": "Polygon", "coordinates": [ [ [ -62.1274, -8.8033 ], [ -62.1639, -8.8582 ], [ -62.2516, -8.7514 ], [ -62.2283, -8.7176 ], [ -62.241, -8.7047 ], [ -62.4554, -8.5529 ], [ -62.4874, -8.4613 ], [ -62.5205, -8.4427 ], [ -62.5646, -8.4491 ], [ -62.6557, -8.3631 ], [ -62.7244, -8.2664 ], [ -62.7313, -8.2014 ], [ -62.8164, -8.0747 ], [ -62.8072, -8.0244 ], [ -62.7451, -8.042 ], [ -62.681, -8.101 ], [ -62.6709, -8.1412 ], [ -62.6851, -8.1795 ], [ -62.6564, -8.2015 ], [ -62.6459, -8.2406 ], [ -62.6192, -8.2428 ], [ -62.5989, -8.2765 ], [ -62.5837, -8.2691 ], [ -62.5575, -8.2845 ], [ -62.5503, -8.364 ], [ -62.5378, -8.3575 ], [ -62.518, -8.3844 ], [ -62.4637, -8.3399 ], [ -62.4319, -8.3715 ], [ -62.3703, -8.3838 ], [ -62.3652, -8.4996 ], [ -62.3362, -8.5177 ], [ -62.3313, -8.6118 ], [ -62.2814, -8.6387 ], [ -62.2924, -8.5952 ], [ -62.2687, -8.5754 ], [ -62.1879, -8.5901 ], [ -62.1759, -8.6367 ], [ -62.1996, -8.644 ], [ -62.1645, -8.6793 ], [ -62.1716, -8.6946 ], [ -62.1485, -8.7179 ], [ -62.1567, -8.7321 ], [ -62.1274, -8.8033 ] ] ] } },
{ "type": "Feature", "properties": { "tipo": "UC", "nome": "PARQUE NACIONAL SERRA DA MOCIDADE" }, "geometry": { "type": "Polygon", "coordinates": [ [ [ -61.8129, 1.7131 ], [ -61.7206, 1.5253 ], [ -61.6392, 1.4759 ], [ -61.6183, 1.4318 ], [ -61.6579, 1.3836 ], [ -61.6445, 1.3708 ], [ -61.6622, 1.3512 ], [ -61.6494, 1.3479 ], [ -61.6774, 1.3116 ], [ -61.6664, 1.2621 ], [ -61.6914, 1.229 ], [ -61.6878, 1.1913 ], [ -61.7202, 1.1763 ], [ -61.7429, 1.0645 ], [ -62.5274, 0.6347 ], [ -62.5316, 0.7057 ], [ -62.4569, 0.7894 ], [ -62.4853, 0.8657 ], [ -62.4423, 0.9638 ], [ -62.4622, 0.9992 ], [ -62.0005, 0.9997 ], [ -62.0006, 1.4886 ], [ -61.9329, 1.5565 ], [ -61.9318, 1.5845 ], [ -61.9063, 1.6004 ], [ -61.8524, 1.7068 ], [ -61.8129, 1.7131 ] ] ] } },
{ "type": "Feature", "properties": { "tipo": "UC", "nome": "ÁREA DE PROTEÇÃO AMBIENTAL LAGO DO AMAPÁ" }, "geometry": { "type": "Polygon", "coordinates": [ [ [ -67.8341, -10.0136 ], [ -67.8053, -10.0267 ], [ -67.8325, -10.0772 ], [ -67.8803, -10.0754 ], [ -67.884, -10.0219 ], [ -67.8341, -10.0136 ] ] ] } },
{ "type": "Feature", "properties": { "tipo": "UC", "nome": "ÁREA DE RELEVANTE INTERESSE ECOLÓGICA JAVARI BURITI" }, "geometry": { "type": "Polygon", "coordinates": [ [ [ -67.8164, -2.9871 ], [ -67.7947, -3.0502 ], [ -67.8051, -3.1587 ], [ -67.8178, -3.2037 ], [ -67.8636, -3.2648 ], [ -67.8814, -3.2486 ], [ -67.8361, -3.1889 ], [ -67.8471, -3.1383 ], [ -67.8294, -3.0874 ], [ -67.8714, -3.0393 ], [ -67.8164, -2.9871 ] ] ] } },
{ "type": "Feature", "properties": { "tipo": "UC", "nome": "RESERVA EXTRATIVISTA ARAPIXI" }, "geometry": { "type": "Polygon", "coordinates": [ [ [ -67.8579, -8.6516 ], [ -67.81, -8.6796 ], [ -67.7738, -8.6491 ], [ -67.7139, -8.6645 ], [ -67.7004, -8.6491 ], [ -67.6636, -8.6768 ], [ -67.7337, -8.7432 ], [ -67.7488, -8.7881 ], [ -67.7344, -8.8089 ], [ -67.7033, -8.8036 ], [ -67.6445, -8.8466 ], [ -67.6642, -8.8764 ], [ -67.6382, -8.8962 ], [ -67.7144, -8.9169 ], [ -67.717, -8.9549 ], [ -67.7423, -8.9784 ], [ -67.8318, -8.9882 ], [ -67.8263, -9.024 ], [ -67.8691, -9.0274 ], [ -67.8721, -9.1088 ], [ -68.0928, -9.1528 ], [ -68.0299, -9.0474 ], [ -68.0944, -9.0165 ], [ -68.0946, -8.9517 ], [ -68.0757, -8.9488 ], [ -68.0761, -8.9356 ], [ -67.9249, -8.9371 ], [ -67.9078, -8.9149 ], [ -67.9293, -8.8673 ], [ -67.8878, -8.8172 ], [ -67.9681, -8.7376 ], [ -67.9563, -8.6806 ], [ -67.9417, -8.6662 ], [ -67.9231, -8.6955 ], [ -67.8705, -8.6841 ], [ -67.8579, -8.6516 ] ] ] } },
{ "type": "Feature", "properties": { "tipo": "UC", "nome": "FLORESTA ESTADUAL DE FARO" }, "geometry": { "type": "Polygon", "coordinates": [ [ [ -57.143, -1.4195 ], [ -57.1725, -1.5536 ], [ -57.088, -1.5863 ], [ -57.0638, -1.654 ], [ -56.9983, -1.7081 ], [ -56.9759, -1.7601 ], [ -56.9997, -1.8165 ], [ -56.9772, -1.8324 ], [ -56.9839, -1.8572 ], [ -57.0293, -1.9014 ], [ -57.067, -1.8556 ], [ -57.0603, -1.8104 ], [ -57.0877, -1.7778 ], [ -57.117, -1.7913 ], [ -57.1274, -1.765 ], [ -57.1644, -1.7685 ], [ -57.1667, -1.7182 ], [ -57.2022, -1.7343 ], [ -57.2053, -1.7099 ], [ -57.2321, -1.7264 ], [ -57.2605, -1.6956 ], [ -57.265, -1.7208 ], [ -57.2945, -1.7074 ], [ -57.3061, -1.7314 ], [ -57.332, -1.714 ], [ -57.3468, -1.7145 ], [ -57.3534, -1.7361 ], [ -57.3739, -1.7131 ], [ -57.3945, -1.7232 ], [ -57.3862, -1.6966 ], [ -57.4057, -1.6737 ], [ -57.4358, -1.6902 ], [ -57.4407, -1.6642 ], [ -57.4739, -1.678 ], [ -57.5068, -1.6407 ], [ -57.5279, -1.6546 ], [ -57.5232, -1.6282 ], [ -57.5975, -1.5986 ], [ -57.5892, -1.5798 ], [ -57.6021, -1.5714 ], [ -57.6224, -1.5885 ], [ -57.6613, -1.58 ], [ -57.6786, -1.595 ], [ -57.7073, -1.5738 ], [ -57.7137, -1.5028 ], [ -57.7828, -1.5091 ], [ -57.7731, -1.4866 ], [ -57.7971, -1.4864 ], [ -57.8249, -1.4379 ], [ -57.8789, -1.423 ], [ -57.8615, -1.3842 ], [ -57.87, -1.324 ], [ -57.762, -1.2388 ], [ -57.7857, -1.1166 ], [ -57.8428, -1.0366 ], [ -57.8146, -0.9227 ], [ -57.719, -0.9065 ], [ -57.6768, -0.8671 ], [ -57.6554, -0.9048 ], [ -57.5717, -0.9369 ], [ -57.5496, -0.9805 ], [ -57.5097, -1.0025 ], [ -57.4951, -1.0322 ], [ -57.4397, -1.0326 ], [ -57.4218, -1.0561 ], [ -57.3878, -1.0471 ], [ -57.3272, -1.0915 ], [ -57.3024, -1.0888 ], [ -57.2977, -1.0117 ], [ -57.2664, -0.9749 ], [ -57.2308, -0.9703 ], [ -57.1641, -0.9917 ], [ -57.1444, -0.9738 ], [ -57.1068, -0.9975 ], [ -57.0578, -0.9902 ], [ -57.0626, -1.0682 ], [ -57.0402, -1.1054 ], [ -57.0225, -1.1062 ], [ -57.0023, -1.1682 ], [ -57.0874, -1.227 ], [ -57.0747, -1.244 ], [ -57.1377, -1.2831 ], [ -57.2044, -1.2976 ], [ -57.218, -1.3204 ], [ -57.1905, -1.3273 ], [ -57.1616, -1.4081 ], [ -57.143, -1.4195 ] ] ] } },
{ "type": "Feature", "properties": { "tipo": "UC", "nome": "ÁREA DE PROTEÇÃO AMBIENTAL  TAPURUQUARA" }, "geometry": { "type": "Polygon", "coordinates": [ [ [ -65.1376, -0.5074 ], [ -65.1604, -0.3245 ], [ -64.9908, -0.3219 ], [ -64.9604, -0.3082 ], [ -64.9852, -0.2585 ], [ -65.0165, -0.2509 ], [ -64.9894, 0.1775 ], [ -64.7947, 0.3586 ], [ -64.7786, 0.447 ], [ -64.7892, 0.4981 ], [ -64.8397, 0.5359 ], [ -64.8517, 0.5952 ], [ -64.673, 0.7098 ], [ -64.6033, 0.7123 ], [ -64.4616, 0.7812 ], [ -64.3787, 0.7757 ], [ -64.3594, 0.7382 ], [ -64.3326, 0.739 ], [ -64.3148, 0.7195 ], [ -64.2937, 0.7306 ], [ -64.2731, 0.7096 ], [ -64.2437, 0.7207 ], [ -64.244, 0.6838 ], [ -64.201, 0.6513 ], [ -64.1981, 0.6648 ], [ -64.1631, 0.6633 ], [ -64.1544, 0.6315 ], [ -64.0729, 0.5599 ], [ -64.08, 0.5412 ], [ -64.0511, 0.4601 ], [ -64.0603, 0.4274 ], [ -64.0384, 0.3972 ], [ -64.0426, 0.3707 ], [ -64.0098, 0.3407 ], [ -64.0298, 0.3181 ], [ -64.0138, 0.2829 ], [ -64.0249, 0.2746 ], [ -63.991, 0.2318 ], [ -63.9985, 0.1944 ], [ -63.9635, 0.1518 ], [ -63.966, 0.1234 ], [ -63.9914, 0.1 ], [ -63.9881, 0.0029 ], [ -64.0176, -0.0392 ], [ -64.0267, -0.1034 ], [ -64.0388, -0.093 ], [ -64.0693, -0.1365 ], [ -64.0945, -0.1458 ], [ -64.1073, -0.1323 ], [ -64.119, -0.1468 ], [ -64.0798, -0.1885 ], [ -64.0953, -0.2414 ], [ -64.074, -0.2554 ], [ -64.1098, -0.291 ], [ -64.1983, -0.33 ], [ -64.3313, -0.3279 ], [ -64.4325, -0.3466 ], [ -64.4857, -0.3893 ], [ -64.5437, -0.3939 ], [ -64.6147, -0.4262 ], [ -64.6598, -0.4238 ], [ -64.7125, -0.4548 ], [ -64.7539, -0.4543 ], [ -64.8327, -0.5186 ], [ -64.8092, -0.5711 ], [ -64.8277, -0.5817 ], [ -64.8058, -0.6424 ], [ -64.8239, -0.6578 ], [ -64.794, -0.6939 ], [ -64.8116, -0.7428 ], [ -64.7919, -0.755 ], [ -64.8098, -0.7688 ], [ -64.7927, -0.8032 ], [ -64.8111, -0.8017 ], [ -64.814, -0.8299 ], [ -64.8352, -0.8229 ], [ -64.8513, -0.8494 ], [ -64.836, -0.8865 ], [ -64.8438, -0.918 ], [ -64.8668, -0.9324 ], [ -64.8586, -0.9612 ], [ -64.8695, -1.004 ], [ -64.8849, -1.0113 ], [ -64.8787, -1.0261 ], [ -64.9583, -1.0243 ], [ -64.9529, -1.0473 ], [ -64.9877, -1.0529 ], [ -64.968, -1.0844 ], [ -64.9642, -1.1102 ], [ -64.9831, -1.1205 ], [ -64.966, -1.1459 ], [ -64.9873, -1.1546 ], [ -64.9854, -1.1683 ], [ -65.047, -1.1777 ], [ -65.0351, -1.2242 ], [ -65.0635, -1.2448 ], [ -65.0384, -1.2794 ], [ -65.0693, -1.2854 ], [ -65.0769, -1.3431 ], [ -65.0433, -1.3874 ], [ -65.0817, -1.4581 ], [ -65.0909, -1.4478 ], [ -65.1038, -1.4599 ], [ -65.1347, -1.4526 ], [ -65.1478, -1.4687 ], [ -65.1904, -1.4603 ], [ -65.2023, -1.4803 ], [ -65.2268, -1.4768 ], [ -65.2503, -1.4942 ], [ -65.2678, -1.4805 ], [ -65.284, -1.4957 ], [ -65.2972, -1.4875 ], [ -65.2984, -1.5115 ], [ -65.3474, -1.4952 ], [ -65.6108, -1.5175 ], [ -65.6391, -1.5754 ], [ -65.6475, -1.533 ], [ -65.686, -1.5016 ], [ -65.7585, -1.5027 ], [ -65.8173, -1.4729 ], [ -65.86, -1.4713 ], [ -65.8934, -1.4322 ], [ -65.9339, -1.4135 ], [ -66.0513, -1.4172 ], [ -66.1236, -1.4302 ], [ -66.2409, -1.4916 ], [ -66.3011, -1.5607 ], [ -66.328, -1.5688 ], [ -66.3683, -1.5431 ], [ -66.3633, -1.4846 ], [ -66.3883, -1.4699 ], [ -66.2936, -1.3913 ], [ -66.2487, -1.4172 ], [ -66.2043, -1.3901 ], [ -66.094, -1.2762 ], [ -66.0687, -1.2003 ], [ -66.0958, -1.1791 ], [ -66.1111, -1.1879 ], [ -66.1089, -1.1747 ], [ -66.1373, -1.1833 ], [ -66.1573, -1.1488 ], [ -66.4136, -1.0187 ], [ -66.4529, -1.1032 ], [ -66.4815, -1.127 ], [ -66.482, -1.1844 ], [ -66.5621, -1.1601 ], [ -66.6678, -1.1704 ], [ -66.6961, -1.1543 ], [ -66.6964, -1.1915 ], [ -66.7371, -1.2135 ], [ -66.8244, -1.218 ], [ -66.9167, -1.2953 ], [ -66.9671, -1.2548 ], [ -67.0497, -1.2667 ], [ -67.1288, -1.2186 ], [ -67.4391, -1.4224 ], [ -67.4765, -1.6483 ], [ -67.5261, -1.6506 ], [ -67.6186, -1.5957 ], [ -67.6162, -1.5662 ], [ -67.6489, -1.5117 ], [ -67.6069, -1.4682 ], [ -67.5556, -1.4613 ], [ -67.5236, -1.4383 ], [ -67.4923, -1.3485 ], [ -67.2911, -1.2501 ], [ -67.125, -1.1347 ], [ -67.0859, -1.1348 ], [ -67.0153, -1.1663 ], [ -66.9256, -1.1355 ], [ -66.9117, -1.1046 ], [ -66.9539, -1.0349 ], [ -66.9239, -0.9748 ], [ -66.8423, -0.9685 ], [ -66.7633, -0.9889 ], [ -66.7402, -0.9302 ], [ -66.6603, -0.9475 ], [ -66.6201, -0.9183 ], [ -66.4842, -0.9046 ], [ -66.484, -0.8054 ], [ -66.4589, -0.7979 ], [ -66.4561, -0.7627 ], [ -66.4281, -0.7368 ], [ -66.3575, -0.6952 ], [ -66.2934, -0.6976 ], [ -66.2597, -0.6717 ], [ -66.1474, -0.6879 ], [ -66.1076, -0.6674 ], [ -66.0916, -0.6301 ], [ -66.0636, -0.6305 ], [ -66.0591, -0.6124 ], [ -66.0226, -0.6358 ], [ -65.984, -0.614 ], [ -65.9596, -0.635 ], [ -65.9465, -0.6112 ], [ -65.907, -0.6049 ], [ -65.9059, -0.5803 ], [ -65.8705, -0.6016 ], [ -65.8375, -0.5672 ], [ -65.82, -0.5832 ], [ -65.7791, -0.5725 ], [ -65.7613, -0.5426 ], [ -65.7005, -0.5413 ], [ -65.684, -0.5492 ], [ -65.694, -0.5638 ], [ -65.6769, -0.5662 ], [ -65.6442, -0.5302 ], [ -65.6154, -0.5581 ], [ -65.5722, -0.5501 ], [ -65.5654, -0.5304 ], [ -65.5466, -0.5575 ], [ -65.5132, -0.5339 ], [ -65.4698, -0.5558 ], [ -65.4433, -0.5326 ], [ -65.4017, -0.5624 ], [ -65.3758, -0.5498 ], [ -65.3841, -0.5394 ], [ -65.3534, -0.5328 ], [ -65.3278, -0.5437 ], [ -65.3167, -0.529 ], [ -65.2854, -0.5296 ], [ -65.2559, -0.5489 ], [ -65.2236, -0.5262 ], [ -65.2118, -0.5371 ], [ -65.2066, -0.5201 ], [ -65.2038, -0.5366 ], [ -65.1931, -0.5248 ], [ -65.1778, -0.5329 ], [ -65.1591, -0.5016 ], [ -65.1544, -0.5192 ], [ -65.1376, -0.5074 ] ] ] } },
{ "type": "Feature", "properties": { "tipo": "UC", "nome": "FLORESTA NACIONAL DO ARIPUANÃ" }, "geometry": { "type": "MultiPolygon", "coordinates": [ [ [ [ -60.7829, -7.2538 ], [ -60.7511, -7.3911 ], [ -60.7678, -7.4878 ], [ -60.8109, -7.4964 ], [ -60.9518, -7.574 ], [ -61.0133, -7.5761 ], [ -61.0643, -7.6001 ], [ -61.0875, -7.5952 ], [ -61.1052, -7.5635 ], [ -61.0997, -7.5366 ], [ -61.1853, -7.5364 ], [ -61.1877, -7.5743 ], [ -61.2305, -7.56 ], [ -61.2411, -7.586 ], [ -61.2581, -7.5755 ], [ -61.2884, -7.5891 ], [ -61.2946, -7.5383 ], [ -61.3098, -7.5366 ], [ -61.2952, -7.5282 ], [ -61.3142, -7.4726 ], [ -61.3117, -7.4219 ], [ -61.3297, -7.4144 ], [ -61.313, -7.4004 ], [ -61.3423, -7.3885 ], [ -61.3199, -7.3718 ], [ -61.3281, -7.3533 ], [ -61.2773, -7.3174 ], [ -61.2776, -7.3 ], [ -61.2055, -7.321 ], [ -61.166, -7.3128 ], [ -61.1545, -7.2957 ], [ -61.117, -7.3088 ], [ -61.1154, -7.3363 ], [ -61.0583, -7.3197 ], [ -60.8967, -7.3468 ], [ -60.8679, -7.3429 ], [ -60.8037, -7.2934 ], [ -60.8011, -7.2416 ], [ -60.8309, -7.2079 ], [ -60.8844, -7.0435 ], [ -60.8674, -7.0444 ], [ -60.8684, -7.0014 ], [ -60.8413, -6.9886 ], [ -60.8279, -6.9532 ], [ -60.8333, -6.8798 ], [ -60.7459, -6.8669 ], [ -60.7137, -6.8379 ], [ -60.7105, -6.8052 ], [ -60.6801, -6.7851 ], [ -60.6917, -6.6916 ], [ -60.6646, -6.6705 ], [ -60.6383, -6.6747 ], [ -60.589, -6.6197 ], [ -60.5876, -6.5163 ], [ -60.0629, -6.2628 ], [ -60.1049, -6.3044 ], [ -60.0991, -6.3312 ], [ -60.0906, -6.3174 ], [ -60.0784, -6.3242 ], [ -60.0882, -6.3592 ], [ -60.0631, -6.3737 ], [ -60.0897, -6.3901 ], [ -60.0996, -6.4192 ], [ -60.0798, -6.4486 ], [ -60.0994, -6.4598 ], [ -60.0883, -6.4716 ], [ -60.107, -6.5304 ], [ -60.0903, -6.5582 ], [ -60.1077, -6.5614 ], [ -60.1238, -6.6334 ], [ -60.182, -6.6529 ], [ -60.1689, -6.7995 ], [ -60.134, -6.8627 ], [ -60.1614, -6.956 ], [ -60.153, -7.0162 ], [ -60.2253, -7.0833 ], [ -60.2237, -7.1724 ], [ -60.3312, -7.2809 ], [ -60.3631, -7.2146 ], [ -60.4097, -7.2476 ], [ -60.3841, -7.308 ], [ -60.4514, -7.3308 ], [ -60.4819, -7.3842 ], [ -60.5425, -7.4063 ], [ -60.5517, -7.2768 ], [ -60.5963, -7.1651 ], [ -60.6477, -7.1391 ], [ -60.7071, -7.1387 ], [ -60.6959, -7.1642 ], [ -60.7829, -7.2538 ] ] ] ] } },
{ "type": "Feature", "properties": { "tipo": "UC", "nome": "RESERVA EXTRATIVISTA MASSARANDUBA" }, "geometry": { "type": "Polygon", "coordinates": [ [ [ -61.9398, -9.4552 ], [ -61.9365, -9.4695 ], [ -61.8738, -9.4825 ], [ -61.8885, -9.5195 ], [ -61.8697, -9.5359 ], [ -61.9688, -9.5033 ], [ -61.9648, -9.451 ], [ -61.9398, -9.4552 ] ] ] } },
{ "type": "Feature", "properties": { "tipo": "UC", "nome": "RESERVA EXTRATIVISTA MAPUÁ" }, "geometry": { "type": "Polygon", "coordinates": [ [ [ -50.3184, -0.9599 ], [ -50.2531, -0.9717 ], [ -50.2182, -1.0656 ], [ -49.9377, -1.0946 ], [ -49.936, -1.1138 ], [ -49.9779, -1.135 ], [ -50.0047, -1.172 ], [ -49.9882, -1.1799 ], [ -49.9734, -1.3177 ], [ -50.0366, -1.3312 ], [ -50.055, -1.3107 ], [ -50.0884, -1.3206 ], [ -50.1038, -1.3094 ], [ -50.0959, -1.2885 ], [ -50.1293, -1.2788 ], [ -50.1569, -1.2297 ], [ -50.1965, -1.2234 ], [ -50.1961, -1.2016 ], [ -50.2434, -1.1842 ], [ -50.2414, -1.1512 ], [ -50.2683, -1.1058 ], [ -50.3409, -1.0948 ], [ -50.3643, -1.0304 ], [ -50.3949, -1.0264 ], [ -50.4164, -1.0448 ], [ -50.4704, -1.039 ], [ -50.504, -1.0613 ], [ -50.5249, -1.0565 ], [ -50.5334, -1.0726 ], [ -50.5564, -1.0594 ], [ -50.5245, -1.0106 ], [ -50.4798, -1.027 ], [ -50.4597, -1.0114 ], [ -50.444, -1.0255 ], [ -50.4106, -0.9691 ], [ -50.3184, -0.9599 ] ] ] } },
{ "type": "Feature", "properties": { "tipo": "UC", "nome": "PARQUE ESTADUAL DOM OSÓRIO STOFFEL" }, "geometry": { "type": "Polygon", "coordinates": [ [ [ -54.783, -16.5379 ], [ -54.7195, -16.5234 ], [ -54.7086, -16.5378 ], [ -54.7332, -16.5543 ], [ -54.7458, -16.5411 ], [ -54.7685, -16.5477 ], [ -54.7456, -16.5636 ], [ -54.7562, -16.5726 ], [ -54.736, -16.574 ], [ -54.7389, -16.6174 ], [ -54.7065, -16.632 ], [ -54.719, -16.655 ], [ -54.7548, -16.6302 ], [ -54.7953, -16.6453 ], [ -54.8116, -16.6182 ], [ -54.7711, -16.6003 ], [ -54.783, -16.5379 ] ] ] } },
{ "type": "Feature", "properties": { "tipo": "UC", "nome": "ÁREA DE PROTEÇÃO AMBIENTAL MARGEM ESQUERDA DO RIO NEGRO-SETOR TARUMÃ AÇU-TARUMÃ MIRIMA" }, "geometry": { "type": "Polygon", "coordinates": [ [ [ -60.289, -2.7127 ], [ -60.0816, -2.7218 ], [ -60.0952, -2.878 ], [ -60.1098, -2.9328 ], [ -60.1207, -2.9269 ], [ -60.1118, -2.9582 ], [ -60.139, -2.9531 ], [ -60.107, -2.9647 ], [ -60.1097, -2.9944 ], [ -60.1224, -2.9935 ], [ -60.1018, -3.0152 ], [ -60.1165, -3.041 ], [ -60.1452, -3.0294 ], [ -60.1443, -3.0145 ], [ -60.1488, -3.0309 ], [ -60.163, -3.0269 ], [ -60.158, -3.0154 ], [ -60.1601, -3.0063 ], [ -60.1953, -3.0397 ], [ -60.2148, -3.0097 ], [ -60.1995, -2.9923 ], [ -60.2128, -2.9569 ], [ -60.2372, -2.9642 ], [ -60.2418, -2.9602 ], [ -60.217, -2.953 ], [ -60.2189, -2.9318 ], [ -60.2919, -2.7342 ], [ -60.289, -2.7127 ] ] ] } },
{ "type": "Feature", "properties": { "tipo": "UC", "nome": "PARQUE ESTADUAL DO MATUPIRI" }, "geometry": { "type": "MultiPolygon", "coordinates": [ [ [ [ -60.9156, -4.7861 ], [ -60.8915, -4.8128 ], [ -60.8227, -4.831 ], [ -60.8135, -4.8607 ], [ -60.8261, -4.9123 ], [ -60.8557, -4.9415 ], [ -60.9492, -4.9293 ], [ -61.0421, -4.9758 ], [ -60.9124, -5.1126 ], [ -60.7204, -5.1117 ], [ -60.7449, -5.1471 ], [ -60.737, -5.1659 ], [ -60.8126, -5.2351 ], [ -60.8355, -5.302 ], [ -60.898, -5.3106 ], [ -60.9023, -5.3419 ], [ -60.9407, -5.3668 ], [ -60.98, -5.4229 ], [ -61.0, -5.4074 ], [ -61.0416, -5.407 ], [ -61.0763, -5.4334 ], [ -61.1056, -5.4251 ], [ -61.161, -5.449 ], [ -61.2308, -5.4228 ], [ -61.2427, -5.4678 ], [ -61.2811, -5.4366 ], [ -61.3306, -5.4359 ], [ -61.3409, -5.3982 ], [ -61.3746, -5.4241 ], [ -61.4507, -5.4253 ], [ -61.4813, -5.4403 ], [ -61.5119, -5.4828 ], [ -61.5694, -5.4966 ], [ -61.5826, -5.4653 ], [ -61.7885, -5.2431 ], [ -61.7406, -5.2265 ], [ -61.7567, -5.1987 ], [ -61.7512, -5.1688 ], [ -61.7156, -5.1309 ], [ -61.5745, -5.0725 ], [ -61.5076, -5.0567 ], [ -61.427, -5.0625 ], [ -61.3665, -5.0154 ], [ -61.377, -4.9836 ], [ -61.3377, -4.9491 ], [ -61.3328, -4.9229 ], [ -61.2749, -4.883 ], [ -61.2342, -4.8816 ], [ -61.2048, -4.8462 ], [ -61.1702, -4.8684 ], [ -61.0792, -4.8157 ], [ -60.9122, -4.7558 ], [ -60.9156, -4.7861 ] ], [ [ -60.7227, -5.1126 ], [ -60.7239, -5.1135 ], [ -60.7234, -5.1134 ], [ -60.7227, -5.1126 ] ] ] ] } },
{ "type": "Feature", "properties": { "tipo": "UC", "nome": "FLORESTA NACIONAL DE URUPADI" }, "geometry": { "type": "Polygon", "coordinates": [ [ [ -57.9585, -5.5545 ], [ -57.9133, -5.5716 ], [ -57.8366, -5.5485 ], [ -58.167, -6.2796 ], [ -58.2628, -6.2288 ], [ -58.3337, -6.2492 ], [ -58.3762, -6.3325 ], [ -58.3484, -6.3687 ], [ -58.414, -6.4294 ], [ -58.6614, -6.5583 ], [ -58.8725, -6.6061 ], [ -58.8333, -6.437 ], [ -58.853, -6.374 ], [ -58.9155, -6.3039 ], [ -58.9114, -6.2538 ], [ -58.8451, -6.2056 ], [ -58.7715, -6.2341 ], [ -58.7586, -6.2157 ], [ -58.6195, -6.2109 ], [ -58.6523, -6.1705 ], [ -58.6543, -6.0593 ], [ -58.6961, -6.0424 ], [ -58.7177, -6.0504 ], [ -58.6853, -6.0164 ], [ -58.685, -5.9865 ], [ -58.7562, -5.949 ], [ -58.7283, -5.9221 ], [ -58.7532, -5.8555 ], [ -58.7324, -5.8467 ], [ -58.6883, -5.7297 ], [ -58.6719, -5.7218 ], [ -58.6881, -5.674 ], [ -58.6786, -5.6624 ], [ -58.7002, -5.6297 ], [ -58.6514, -5.6019 ], [ -58.6129, -5.6172 ], [ -58.5544, -5.6048 ], [ -58.5378, -5.7369 ], [ -58.5526, -5.7651 ], [ -58.5082, -5.7791 ], [ -58.5241, -5.8889 ], [ -58.509, -5.9005 ], [ -58.51, -5.9293 ], [ -58.4615, -5.921 ], [ -58.4245, -5.9493 ], [ -58.3074, -5.9689 ], [ -58.2803, -5.9995 ], [ -58.2681, -6.0706 ], [ -58.22, -5.9935 ], [ -58.2084, -5.9314 ], [ -58.1606, -5.8938 ], [ -58.1365, -5.8415 ], [ -58.1072, -5.8101 ], [ -58.0441, -5.7925 ], [ -58.0592, -5.7447 ], [ -58.0984, -5.7141 ], [ -58.1319, -5.7315 ], [ -58.1633, -5.7181 ], [ -58.1451, -5.655 ], [ -58.098, -5.6171 ], [ -58.0527, -5.6368 ], [ -58.0325, -5.6152 ], [ -57.9646, -5.6349 ], [ -57.9463, -5.5813 ], [ -57.9585, -5.5545 ] ] ] } },
{ "type": "Feature", "properties": { "tipo": "UC", "nome": "PARQUE ESTADUAL RIO NEGRO SETOR SUL" }, "geometry": { "type": "Polygon", "coordinates": [ [ [ -60.45, -2.3576 ], [ -60.3474, -2.3909 ], [ -60.3377, -2.4105 ], [ -60.3506, -2.4707 ], [ -60.3195, -2.601 ], [ -60.3696, -2.6649 ], [ -60.3991, -2.6504 ], [ -60.4499, -2.6661 ], [ -60.4659, -2.7215 ], [ -60.5718, -2.6112 ], [ -60.6028, -2.538 ], [ -60.5849, -2.4978 ], [ -60.5366, -2.4718 ], [ -60.5251, -2.4228 ], [ -60.4886, -2.4256 ], [ -60.45, -2.3576 ] ] ] } },
{ "type": "Feature", "properties": { "tipo": "UC", "nome": "PARQUE NACIONAL DAS NASCENTES DO RIO PARNAIBA" }, "geometry": { "type": "MultiPolygon", "coordinates": [ [ [ [ -45.774, -10.2575 ], [ -45.775, -10.2589 ], [ -45.777, -10.2591 ], [ -45.774, -10.2575 ] ] ], [ [ [ -45.8025, -10.2667 ], [ -45.9054, -10.246 ], [ -45.8782, -10.2398 ], [ -45.8025, -10.2667 ] ] ], [ [ [ -45.9354, -10.259 ], [ -45.9261, -10.2507 ], [ -45.9109, -10.2472 ], [ -45.9354, -10.259 ] ] ], [ [ [ -45.7302, -10.1893 ], [ -45.7262, -10.1952 ], [ -45.7273, -10.1998 ], [ -45.7302, -10.1893 ] ] ], [ [ [ -45.7346, -10.1735 ], [ -45.7349, -10.1722 ], [ -45.7305, -10.1657 ], [ -45.7346, -10.1735 ] ] ], [ [ [ -45.7232, -10.1557 ], [ -45.7214, -10.1597 ], [ -45.7257, -10.1586 ], [ -45.7232, -10.1557 ] ] ], [ [ [ -46.0323, -10.1477 ], [ -46.0948, -10.2117 ], [ -46.1432, -10.217 ], [ -46.1863, -10.2718 ], [ -46.1305, -10.3559 ], [ -46.1939, -10.4002 ], [ -46.2235, -10.4625 ], [ -46.2481, -10.4451 ], [ -46.2458, -10.4206 ], [ -46.2751, -10.4081 ], [ -46.3329, -10.4287 ], [ -46.3668, -10.3529 ], [ -46.3686, -10.2833 ], [ -46.4072, -10.2596 ], [ -46.4376, -10.2143 ], [ -46.4876, -10.2037 ], [ -46.4732, -10.0606 ], [ -46.4975, -10.0629 ], [ -46.5087, -10.0392 ], [ -46.5598, -10.0216 ], [ -46.627, -10.046 ], [ -46.6023, -9.9803 ], [ -46.6133, -9.9579 ], [ -46.5459, -9.89 ], [ -46.5403, -9.8601 ], [ -46.5533, -9.8483 ], [ -46.645, -9.8588 ], [ -46.7008, -9.8489 ], [ -46.717, -9.8099 ], [ -46.7031, -9.7646 ], [ -46.6656, -9.7209 ], [ -46.6096, -9.6867 ], [ -46.5531, -9.6744 ], [ -46.5452, -9.7065 ], [ -46.5336, -9.704 ], [ -46.5105, -9.7422 ], [ -46.4033, -9.7335 ], [ -46.4084, -9.7694 ], [ -46.3163, -9.7944 ], [ -46.2565, -9.8373 ], [ -46.1665, -9.8409 ], [ -46.1141, -9.8632 ], [ -46.1089, -9.9239 ], [ -45.9854, -9.9532 ], [ -45.9939, -9.9385 ], [ -45.9444, -9.9103 ], [ -45.9478, -9.9289 ], [ -45.9261, -9.9245 ], [ -45.9316, -9.9129 ], [ -45.9013, -9.8891 ], [ -45.9059, -9.8528 ], [ -45.8693, -9.8177 ], [ -45.8755, -9.7879 ], [ -45.9284, -9.7671 ], [ -45.9818, -9.8156 ], [ -45.9963, -9.8018 ], [ -46.0287, -9.8052 ], [ -46.0079, -9.7552 ], [ -46.1289, -9.7589 ], [ -46.1413, -9.7316 ], [ -46.1056, -9.6117 ], [ -46.1111, -9.5819 ], [ -46.1012, -9.5727 ], [ -46.0902, -9.5854 ], [ -46.0372, -9.5233 ], [ -45.969, -9.4781 ], [ -45.9175, -9.4766 ], [ -45.8851, -9.4281 ], [ -45.8803, -9.3707 ], [ -45.8538, -9.3737 ], [ -45.8121, -9.4208 ], [ -45.7942, -9.4864 ], [ -45.8235, -9.5004 ], [ -45.8529, -9.5545 ], [ -45.8317, -9.617 ], [ -45.8488, -9.689 ], [ -45.8337, -9.7691 ], [ -45.8774, -9.8619 ], [ -45.8585, -9.9197 ], [ -45.9016, -10.1185 ], [ -45.9652, -10.2068 ], [ -45.9571, -10.234 ], [ -45.975, -10.2287 ], [ -46.0323, -10.1477 ] ] ] ] } },
{ "type": "Feature", "properties": { "tipo": "UC", "nome": "ÁREA DE PROTEÇÃO AMBIENTAL SERRA DO LAJEADO" }, "geometry": { "type": "Polygon", "coordinates": [ [ [ -48.2132, -9.7729 ], [ -48.2209, -9.8069 ], [ -48.1863, -9.8389 ], [ -48.2061, -9.8827 ], [ -48.1545, -9.9279 ], [ -48.1696, -9.9605 ], [ -48.1182, -9.9805 ], [ -48.1714, -10.133 ], [ -48.0781, -10.2354 ], [ -48.0973, -10.288 ], [ -48.0708, -10.3234 ], [ -48.0801, -10.4416 ], [ -48.1521, -10.3473 ], [ -48.1814, -10.3288 ], [ -48.2379, -10.3399 ], [ -48.2765, -10.2322 ], [ -48.2678, -10.2039 ], [ -48.2833, -10.206 ], [ -48.2874, -10.1907 ], [ -48.2962, -10.0336 ], [ -48.3521, -9.9567 ], [ -48.3262, -9.8286 ], [ -48.3616, -9.7571 ], [ -48.2205, -9.7103 ], [ -48.183, -9.7556 ], [ -48.2132, -9.7729 ] ], [ [ -48.2579, -10.0061 ], [ -48.2835, -10.0202 ], [ -48.2687, -10.1142 ], [ -48.2356, -10.1684 ], [ -48.2092, -10.165 ], [ -48.2119, -10.2002 ], [ -48.1762, -10.1904 ], [ -48.1614, -10.1478 ], [ -48.223, -10.123 ], [ -48.2269, -10.1057 ], [ -48.2065, -10.1059 ], [ -48.2126, -10.0829 ], [ -48.2353, -10.0654 ], [ -48.224, -10.0509 ], [ -48.2467, -10.0445 ], [ -48.2443, -10.0151 ], [ -48.2579, -10.0061 ] ] ] } },
{ "type": "Feature", "properties": { "tipo": "UC", "nome": "ÁREA DE PROTEÇÃO AMBIENTAL DA SERRA DO SAUBAL" }, "geometry": { "type": "Polygon", "coordinates": [ [ [ -54.7015, -2.4851 ], [ -54.7024, -2.4708 ], [ -54.6965, -2.4803 ], [ -54.7015, -2.4851 ] ] ] } },
{ "type": "Feature", "properties": { "tipo": "UC", "nome": "PARQUE NACIONAL MAPINGUARI" }, "geometry": { "type": "MultiPolygon", "coordinates": [ [ [ [ -64.8679, -9.2655 ], [ -64.8429, -9.2327 ], [ -64.7725, -9.2343 ], [ -64.6329, -9.1072 ], [ -64.608, -9.1578 ], [ -64.6323, -9.1968 ], [ -64.6429, -9.1877 ], [ -64.6272, -9.1736 ], [ -64.6451, -9.177 ], [ -64.6423, -9.1839 ], [ -64.65, -9.197 ], [ -64.6384, -9.198 ], [ -64.6411, -9.2104 ], [ -64.6631, -9.2035 ], [ -64.6523, -9.1971 ], [ -64.6495, -9.1711 ], [ -64.6579, -9.1639 ], [ -64.6616, -9.1841 ], [ -64.656, -9.1816 ], [ -64.661, -9.1884 ], [ -64.6575, -9.1889 ], [ -64.6571, -9.19 ], [ -64.6557, -9.1896 ], [ -64.655, -9.1901 ], [ -64.6545, -9.1908 ], [ -64.6691, -9.1959 ], [ -64.6572, -9.2244 ], [ -64.6321, -9.2112 ], [ -64.6331, -9.2248 ], [ -64.6593, -9.2247 ], [ -64.6789, -9.267 ], [ -64.6767, -9.2496 ], [ -64.6927, -9.2429 ], [ -64.6879, -9.2267 ], [ -64.6755, -9.2242 ], [ -64.6783, -9.2123 ], [ -64.6996, -9.2237 ], [ -64.6986, -9.2041 ], [ -64.7099, -9.203 ], [ -64.7123, -9.2227 ], [ -64.7216, -9.2164 ], [ -64.7244, -9.2174 ], [ -64.7153, -9.2252 ], [ -64.7319, -9.2329 ], [ -64.6997, -9.2338 ], [ -64.7022, -9.2369 ], [ -64.7257, -9.2443 ], [ -64.7275, -9.246 ], [ -64.7018, -9.2461 ], [ -64.721, -9.2597 ], [ -64.7175, -9.2803 ], [ -64.7301, -9.2653 ], [ -64.7434, -9.2737 ], [ -64.7191, -9.2971 ], [ -64.7083, -9.2811 ], [ -64.6988, -9.2835 ], [ -64.7188, -9.3192 ], [ -64.7416, -9.3271 ], [ -64.7601, -9.3164 ], [ -64.7669, -9.331 ], [ -64.7551, -9.3219 ], [ -64.7407, -9.3289 ], [ -64.7423, -9.3515 ], [ -64.7859, -9.365 ], [ -64.7956, -9.3445 ], [ -64.7941, -9.3622 ], [ -64.8446, -9.3525 ], [ -64.8619, -9.3668 ], [ -64.8667, -9.3342 ], [ -64.8679, -9.2655 ] ], [ [ -64.6258, -9.1732 ], [ -64.6253, -9.1713 ], [ -64.6272, -9.1736 ], [ -64.6258, -9.1732 ] ], [ [ -64.647, -9.1896 ], [ -64.6467, -9.1895 ], [ -64.6472, -9.1895 ], [ -64.647, -9.1896 ] ], [ [ -64.6495, -9.1981 ], [ -64.6494, -9.1983 ], [ -64.6493, -9.1978 ], [ -64.6497, -9.1976 ], [ -64.6495, -9.1981 ] ], [ [ -64.6493, -9.1985 ], [ -64.6492, -9.1984 ], [ -64.6494, -9.1983 ], [ -64.6493, -9.1985 ] ], [ [ -64.6426, -9.2007 ], [ -64.6426, -9.2011 ], [ -64.6419, -9.2003 ], [ -64.6426, -9.2007 ] ], [ [ -64.6815, -9.2449 ], [ -64.6816, -9.2449 ], [ -64.6816, -9.2453 ], [ -64.6815, -9.2449 ] ], [ [ -64.6816, -9.2446 ], [ -64.6817, -9.2446 ], [ -64.6816, -9.2449 ], [ -64.6816, -9.2446 ] ], [ [ -64.6868, -9.2322 ], [ -64.687, -9.2322 ], [ -64.687, -9.2323 ], [ -64.6868, -9.2322 ] ], [ [ -64.7506, -9.3172 ], [ -64.7506, -9.3171 ], [ -64.7508, -9.3171 ], [ -64.7506, -9.3172 ] ], [ [ -64.8622, -9.3606 ], [ -64.8622, -9.3607 ], [ -64.8621, -9.3606 ], [ -64.8622, -9.3606 ] ], [ [ -64.7984, -9.3579 ], [ -64.7984, -9.358 ], [ -64.7983, -9.3579 ], [ -64.7984, -9.3579 ] ], [ [ -64.6446, -9.1757 ], [ -64.644, -9.1756 ], [ -64.6438, -9.1754 ], [ -64.6446, -9.1757 ] ], [ [ -64.6248, -9.1708 ], [ -64.6246, -9.1698 ], [ -64.6243, -9.1701 ], [ -64.6239, -9.1701 ], [ -64.6233, -9.1693 ], [ -64.6249, -9.1694 ], [ -64.6248, -9.1708 ] ] ], [ [ [ -65.3765, -9.5722 ], [ -65.3675, -9.5655 ], [ -65.3746, -9.5925 ], [ -65.3985, -9.6079 ], [ -65.4179, -9.5995 ], [ -65.4247, -9.5036 ], [ -65.4526, -9.4738 ], [ -65.4313, -9.4641 ], [ -65.4553, -9.4034 ], [ -65.4496, -9.3212 ], [ -65.4328, -9.3116 ], [ -65.3872, -9.3383 ], [ -65.3015, -9.2863 ], [ -65.3185, -9.1881 ], [ -65.27, -9.1442 ], [ -65.2752, -9.0835 ], [ -65.292, -9.0698 ], [ -65.3142, -9.1026 ], [ -65.3549, -9.0962 ], [ -65.3977, -9.0491 ], [ -65.3705, -9.0 ], [ -65.4389, -8.959 ], [ -65.4646, -8.9958 ], [ -65.4569, -9.0295 ], [ -65.5035, -9.0824 ], [ -65.6211, -9.118 ], [ -65.6217, -9.0811 ], [ -65.6749, -9.0612 ], [ -65.6776, -9.0018 ], [ -65.6318, -8.9657 ], [ -65.5995, -8.965 ], [ -65.5813, -8.9058 ], [ -65.5166, -8.9346 ], [ -65.4929, -8.924 ], [ -65.4717, -8.8638 ], [ -65.479, -8.7466 ], [ -65.4915, -8.7531 ], [ -65.4975, -8.7397 ], [ -65.4663, -8.7209 ], [ -65.4519, -8.6879 ], [ -65.4249, -8.7302 ], [ -65.4089, -8.7317 ], [ -65.4095, -8.718 ], [ -65.3893, -8.7415 ], [ -65.3703, -8.7213 ], [ -65.3509, -8.7333 ], [ -65.338, -8.7102 ], [ -65.355, -8.6554 ], [ -65.3341, -8.6305 ], [ -65.2597, -8.6615 ], [ -65.196, -8.5654 ], [ -65.1215, -8.5197 ], [ -65.0273, -8.5154 ], [ -65.0034, -8.5407 ], [ -64.9892, -8.4736 ], [ -64.8843, -8.5229 ], [ -64.8608, -8.4724 ], [ -64.8801, -8.415 ], [ -64.8245, -8.4374 ], [ -64.747, -8.5051 ], [ -64.658, -8.6317 ], [ -64.5956, -8.6103 ], [ -64.5448, -8.5181 ], [ -64.6076, -8.5033 ], [ -64.5963, -8.4917 ], [ -64.603, -8.4141 ], [ -64.6289, -8.3366 ], [ -64.6692, -8.2978 ], [ -64.6377, -8.2622 ], [ -64.6314, -8.0984 ], [ -64.6343, -8.0361 ], [ -64.6676, -8.0026 ], [ -64.5804, -7.9209 ], [ -64.5705, -7.8463 ], [ -64.5103, -7.8499 ], [ -64.5012, -7.8299 ], [ -64.5202, -7.7809 ], [ -64.4643, -7.6176 ], [ -64.4873, -7.5739 ], [ -64.4587, -7.5724 ], [ -64.4238, -7.5406 ], [ -64.4032, -7.5534 ], [ -64.3586, -7.5225 ], [ -64.3477, -7.54 ], [ -64.3165, -7.5254 ], [ -64.3233, -7.5488 ], [ -64.2952, -7.5618 ], [ -64.2388, -7.5647 ], [ -64.2162, -7.5106 ], [ -64.2392, -7.4628 ], [ -64.0619, -7.4819 ], [ -64.0775, -7.4626 ], [ -64.0615, -7.459 ], [ -64.0828, -7.4138 ], [ -64.0711, -7.3985 ], [ -64.0147, -7.433 ], [ -63.9893, -7.4328 ], [ -63.994, -7.5973 ], [ -63.9898, -7.5875 ], [ -63.9564, -7.6094 ], [ -63.9257, -7.5707 ], [ -63.836, -7.5701 ], [ -63.8298, -7.5407 ], [ -63.7154, -7.5429 ], [ -63.7362, -7.5811 ], [ -63.7241, -7.6091 ], [ -63.5681, -7.6064 ], [ -63.5681, -7.6856 ], [ -63.5894, -7.7115 ], [ -63.6295, -7.7022 ], [ -63.6301, -7.7542 ], [ -63.6485, -7.7734 ], [ -63.6128, -7.811 ], [ -63.6039, -7.8486 ], [ -63.6356, -7.8739 ], [ -63.6242, -7.9053 ], [ -63.6869, -7.8987 ], [ -63.7224, -7.849 ], [ -63.748, -7.8636 ], [ -63.7919, -7.8599 ], [ -63.8247, -7.9035 ], [ -63.8862, -7.9072 ], [ -63.8992, -7.9445 ], [ -63.9304, -7.9505 ], [ -64.0077, -8.0359 ], [ -64.0732, -8.0781 ], [ -64.1455, -8.0979 ], [ -64.1412, -8.1776 ], [ -64.1218, -8.1889 ], [ -64.1286, -8.2054 ], [ -64.0977, -8.231 ], [ -64.0933, -8.2584 ], [ -64.1124, -8.2847 ], [ -64.0971, -8.2902 ], [ -64.1093, -8.3148 ], [ -64.0919, -8.3408 ], [ -64.1347, -8.3724 ], [ -64.1102, -8.3924 ], [ -64.1147, -8.431 ], [ -64.1582, -8.4495 ], [ -64.1689, -8.4788 ], [ -64.1837, -8.4798 ], [ -64.173, -8.5278 ], [ -64.2115, -8.5335 ], [ -64.2066, -8.5839 ], [ -64.2976, -8.6296 ], [ -64.3264, -8.6697 ], [ -64.3706, -8.6816 ], [ -64.3315, -8.7014 ], [ -64.2873, -8.7681 ], [ -64.2483, -8.7619 ], [ -64.2887, -8.8076 ], [ -64.2775, -8.8634 ], [ -64.3312, -8.8565 ], [ -64.374, -8.8793 ], [ -64.4152, -8.8547 ], [ -64.444, -8.8711 ], [ -64.4827, -8.8688 ], [ -64.491, -8.8939 ], [ -64.5214, -8.8981 ], [ -64.5226, -8.9771 ], [ -64.5614, -8.9837 ], [ -64.6151, -9.0273 ], [ -64.6735, -9.0158 ], [ -64.7002, -8.9886 ], [ -64.7286, -9.0188 ], [ -64.7608, -9.0266 ], [ -64.7779, -8.9946 ], [ -64.8032, -8.9877 ], [ -64.9195, -9.0457 ], [ -64.9166, -9.0764 ], [ -64.9415, -9.1283 ], [ -64.92, -9.2225 ], [ -64.954, -9.2734 ], [ -64.9274, -9.2714 ], [ -64.8664, -9.365 ], [ -64.8867, -9.3903 ], [ -64.9133, -9.3683 ], [ -64.93, -9.3844 ], [ -64.9284, -9.3886 ], [ -64.9396, -9.4018 ], [ -64.9411, -9.4081 ], [ -64.9181, -9.3814 ], [ -64.9007, -9.3876 ], [ -64.8963, -9.3929 ], [ -64.9034, -9.3961 ], [ -64.9104, -9.4052 ], [ -64.9103, -9.4189 ], [ -64.8939, -9.4122 ], [ -64.8842, -9.424 ], [ -64.8865, -9.4397 ], [ -64.8847, -9.44 ], [ -64.8828, -9.4194 ], [ -64.9045, -9.3999 ], [ -64.8933, -9.3936 ], [ -64.8726, -9.3895 ], [ -64.8552, -9.4034 ], [ -64.8683, -9.3828 ], [ -64.8539, -9.3729 ], [ -64.8363, -9.405 ], [ -64.8538, -9.4183 ], [ -64.8385, -9.4165 ], [ -64.8437, -9.4374 ], [ -64.8274, -9.4424 ], [ -64.832, -9.4704 ], [ -64.818, -9.4832 ], [ -64.8322, -9.4845 ], [ -64.8187, -9.496 ], [ -64.8342, -9.5008 ], [ -64.8235, -9.5069 ], [ -64.8293, -9.5144 ], [ -64.8356, -9.51 ], [ -64.8371, -9.5052 ], [ -64.8374, -9.505 ], [ -64.8374, -9.5048 ], [ -64.8375, -9.5048 ], [ -64.8382, -9.5039 ], [ -64.8385, -9.5037 ], [ -64.8329, -9.5228 ], [ -64.8455, -9.5368 ], [ -64.8582, -9.5375 ], [ -64.8619, -9.5354 ], [ -64.8602, -9.5214 ], [ -64.8753, -9.535 ], [ -64.8815, -9.5221 ], [ -64.8764, -9.5378 ], [ -64.8905, -9.5528 ], [ -64.9571, -9.5801 ], [ -65.0103, -9.5537 ], [ -65.037, -9.5614 ], [ -65.0486, -9.5388 ], [ -65.0538, -9.5559 ], [ -65.0233, -9.5669 ], [ -65.0402, -9.5838 ], [ -65.0944, -9.5989 ], [ -65.1042, -9.5964 ], [ -65.0944, -9.5858 ], [ -65.1084, -9.5867 ], [ -65.1121, -9.5977 ], [ -65.1171, -9.575 ], [ -65.1345, -9.579 ], [ -65.1304, -9.567 ], [ -65.1557, -9.5595 ], [ -65.1395, -9.557 ], [ -65.1306, -9.5361 ], [ -65.1644, -9.5632 ], [ -65.1721, -9.5391 ], [ -65.1996, -9.5339 ], [ -65.2089, -9.5284 ], [ -65.2116, -9.5181 ], [ -65.2122, -9.5319 ], [ -65.1974, -9.5428 ], [ -65.2714, -9.519 ], [ -65.2745, -9.4963 ], [ -65.3005, -9.4976 ], [ -65.3055, -9.4708 ], [ -65.3219, -9.4622 ], [ -65.3125, -9.4347 ], [ -65.326, -9.4347 ], [ -65.3264, -9.4618 ], [ -65.3126, -9.4745 ], [ -65.3074, -9.4886 ], [ -65.3099, -9.512 ], [ -65.3037, -9.5102 ], [ -65.3007, -9.5098 ], [ -65.2993, -9.5101 ], [ -65.3136, -9.5142 ], [ -65.3186, -9.5078 ], [ -65.3548, -9.5401 ], [ -65.3667, -9.5323 ], [ -65.3622, -9.5536 ], [ -65.3765, -9.5722 ] ], [ [ -64.9412, -9.408 ], [ -64.9412, -9.4081 ], [ -64.9411, -9.4081 ], [ -64.9412, -9.408 ] ], [ [ -64.8846, -9.4401 ], [ -64.8846, -9.44 ], [ -64.8847, -9.44 ], [ -64.8846, -9.4401 ] ], [ [ -64.9402, -9.4104 ], [ -64.941, -9.4106 ], [ -64.9411, -9.4108 ], [ -64.9402, -9.4104 ] ], [ [ -64.9421, -9.4158 ], [ -64.9415, -9.4173 ], [ -64.9389, -9.4198 ], [ -64.9421, -9.4158 ] ], [ [ -64.8891, -9.4217 ], [ -64.889, -9.4217 ], [ -64.889, -9.4216 ], [ -64.8891, -9.4217 ] ], [ [ -64.8866, -9.4398 ], [ -64.8867, -9.44 ], [ -64.8865, -9.4398 ], [ -64.8866, -9.4398 ] ], [ [ -64.8868, -9.44 ], [ -64.8868, -9.4401 ], [ -64.8867, -9.44 ], [ -64.8868, -9.44 ] ], [ [ -64.86, -9.5212 ], [ -64.8601, -9.5212 ], [ -64.8601, -9.5213 ], [ -64.86, -9.5212 ] ], [ [ -64.8895, -9.5489 ], [ -64.8895, -9.5491 ], [ -64.8894, -9.549 ], [ -64.8895, -9.5489 ] ], [ [ -65.0458, -9.5595 ], [ -65.0457, -9.5595 ], [ -65.0457, -9.5594 ], [ -65.0458, -9.5595 ] ], [ [ -65.2109, -9.5176 ], [ -65.2111, -9.5159 ], [ -65.2124, -9.5151 ], [ -65.2078, -9.5059 ], [ -65.2133, -9.5145 ], [ -65.2109, -9.5176 ] ], [ [ -65.3239, -9.4654 ], [ -65.3238, -9.4654 ], [ -65.3238, -9.4653 ], [ -65.3239, -9.4654 ] ], [ [ -64.8513, -9.5368 ], [ -64.8513, -9.5369 ], [ -64.8512, -9.5369 ], [ -64.8513, -9.5368 ] ], [ [ -65.1026, -9.5954 ], [ -65.1026, -9.5953 ], [ -65.103, -9.5953 ], [ -65.1026, -9.5954 ] ], [ [ -65.3783, -9.5612 ], [ -65.3783, -9.5611 ], [ -65.3784, -9.5612 ], [ -65.3783, -9.5612 ] ], [ [ -65.125, -9.3812 ], [ -65.1435, -9.4239 ], [ -65.1311, -9.4366 ], [ -65.1485, -9.4465 ], [ -65.1882, -9.4205 ], [ -65.2165, -9.4782 ], [ -65.1615, -9.4833 ], [ -65.1294, -9.5104 ], [ -65.0264, -9.5189 ], [ -65.011, -9.4477 ], [ -65.0202, -9.4129 ], [ -65.0627, -9.3748 ], [ -65.0721, -9.3296 ], [ -65.1089, -9.2838 ], [ -65.1283, -9.3361 ], [ -65.125, -9.3812 ] ] ] ] } },
{ "type": "Feature", "properties": { "tipo": "UC", "nome": "RESERVA BIOLÓGICA DO GURUPI" }, "geometry": { "type": "Polygon", "coordinates": [ [ [ -46.7869, -3.2534 ], [ -46.7806, -3.2133 ], [ -46.7565, -3.2121 ], [ -46.7728, -3.2001 ], [ -46.759, -3.1878 ], [ -46.7734, -3.1741 ], [ -46.7539, -3.1863 ], [ -46.7363, -3.1581 ], [ -46.7206, -3.1943 ], [ -46.6603, -3.2316 ], [ -46.5861, -3.3166 ], [ -46.6111, -3.4359 ], [ -46.5426, -3.6245 ], [ -46.7017, -3.7541 ], [ -46.4583, -3.8528 ], [ -46.625, -4.1305 ], [ -46.7556, -4.1222 ], [ -46.8561, -3.9196 ], [ -46.8867, -3.8833 ], [ -46.9417, -3.864 ], [ -46.9611, -3.7833 ], [ -46.8365, -3.6978 ], [ -46.8408, -3.6745 ], [ -46.8089, -3.6377 ], [ -46.8062, -3.5984 ], [ -46.8375, -3.5028 ], [ -46.7667, -3.4 ], [ -46.6912, -3.3517 ], [ -46.7869, -3.2534 ] ] ] } },
{ "type": "Feature", "properties": { "tipo": "UC", "nome": "PARQUE ESTADUAL RIO NEGRO SETOR NORTE" }, "geometry": { "type": "Polygon", "coordinates": [ [ [ -61.3668, -1.9252 ], [ -61.2645, -1.989 ], [ -61.2576, -2.0085 ], [ -61.2753, -1.9977 ], [ -61.235, -2.0429 ], [ -61.2375, -2.0542 ], [ -61.2492, -2.0469 ], [ -61.2431, -2.0733 ], [ -61.2339, -2.0626 ], [ -61.2145, -2.0848 ], [ -61.2306, -2.1346 ], [ -61.2796, -2.1398 ], [ -61.302, -2.1751 ], [ -61.3046, -2.2288 ], [ -61.3178, -2.219 ], [ -61.3453, -2.2398 ], [ -61.3253, -2.3358 ], [ -61.3741, -2.4416 ], [ -61.505, -2.4058 ], [ -61.5377, -2.2591 ], [ -61.59, -2.2034 ], [ -61.5811, -2.1472 ], [ -61.6103, -2.1355 ], [ -61.6042, -2.104 ], [ -61.5662, -2.0919 ], [ -61.574, -2.0642 ], [ -61.5469, -2.0345 ], [ -61.5278, -1.9661 ], [ -61.5133, -1.9608 ], [ -61.495, -1.9783 ], [ -61.3668, -1.9252 ] ] ] } },
{ "type": "Feature", "properties": { "tipo": "UC", "nome": "RESERVA EXTRATIVISTA DO RIO GREGÓRIO" }, "geometry": { "type": "Polygon", "coordinates": [ [ [ -71.3264, -7.6036 ], [ -71.2832, -7.5861 ], [ -71.2822, -7.5488 ], [ -71.3011, -7.5309 ], [ -71.2395, -7.5184 ], [ -71.2447, -7.4758 ], [ -71.2231, -7.4314 ], [ -71.1486, -7.4196 ], [ -71.0909, -7.3604 ], [ -71.0655, -7.355 ], [ -71.0663, -7.3326 ], [ -71.0359, -7.2984 ], [ -71.099, -7.3083 ], [ -71.1266, -7.2888 ], [ -71.1196, -7.2789 ], [ -71.2107, -7.2843 ], [ -71.1877, -7.258 ], [ -71.0481, -7.1505 ], [ -70.9939, -7.1497 ], [ -71.0164, -7.1692 ], [ -71.0158, -7.2038 ], [ -70.9103, -7.17 ], [ -70.8704, -7.127 ], [ -70.7734, -7.1303 ], [ -70.7502, -7.2519 ], [ -70.766, -7.2614 ], [ -70.7728, -7.3645 ], [ -70.905, -7.505 ], [ -70.9784, -7.6752 ], [ -71.0443, -7.6921 ], [ -71.0846, -7.7267 ], [ -71.8654, -7.6348 ], [ -71.8327, -7.5323 ], [ -71.7718, -7.4231 ], [ -71.7578, -7.3344 ], [ -71.7724, -7.2569 ], [ -71.7627, -7.2167 ], [ -71.4978, -7.2318 ], [ -71.4965, -7.3013 ], [ -71.4695, -7.3499 ], [ -71.4984, -7.3954 ], [ -71.4829, -7.4843 ], [ -71.5075, -7.5042 ], [ -71.3264, -7.6036 ] ] ] } },
{ "type": "Feature", "properties": { "tipo": "UC", "nome": "FLORESTA ESTADUAL DO AMAPÁ" }, "geometry": { "type": "MultiPolygon", "coordinates": [ [ [ [ -51.8068, 0.5639 ], [ -51.7842, 0.5608 ], [ -51.7878, 0.4639 ], [ -51.7699, 0.4347 ], [ -51.7759, 0.3742 ], [ -51.7639, 0.353 ], [ -51.8015, 0.3417 ], [ -51.7932, 0.3152 ], [ -51.7697, 0.3069 ], [ -51.7103, 0.3403 ], [ -51.6835, 0.4387 ], [ -51.6281, 0.4447 ], [ -51.6589, 0.6057 ], [ -51.5961, 0.6165 ], [ -51.5593, 0.534 ], [ -51.5113, 0.5189 ], [ -51.4969, 0.4836 ], [ -51.4781, 0.4756 ], [ -51.5416, 0.4562 ], [ -51.6757, 0.3036 ], [ -51.66, 0.2907 ], [ -51.7014, 0.2714 ], [ -51.6971, 0.251 ], [ -51.8745, 0.1475 ], [ -52.239, 0.2651 ], [ -52.3219, 0.1564 ], [ -52.3771, 0.1453 ], [ -52.3608, 0.1784 ], [ -52.3733, 0.2189 ], [ -52.4503, 0.2365 ], [ -52.4849, 0.2787 ], [ -52.4884, 0.3263 ], [ -52.41, 0.4303 ], [ -52.4201, 0.4418 ], [ -52.4647, 0.433 ], [ -52.5, 0.4993 ], [ -52.2673, 0.4805 ], [ -52.2581, 0.5614 ], [ -52.1629, 0.6331 ], [ -52.1677, 0.6601 ], [ -52.2032, 0.6955 ], [ -51.9028, 0.5208 ], [ -51.8132, 0.5427 ], [ -51.8068, 0.5639 ] ] ], [ [ [ -51.6616, 0.9573 ], [ -51.5952, 0.9203 ], [ -51.6033, 0.9073 ], [ -51.6058, 0.8817 ], [ -51.6231, 0.8753 ], [ -51.6265, 0.8625 ], [ -51.5728, 0.7228 ], [ -51.6207, 0.6702 ], [ -51.6477, 0.6619 ], [ -51.7179, 0.6768 ], [ -51.7899, 0.6695 ], [ -51.7899, 0.7073 ], [ -51.8203, 0.7073 ], [ -51.8279, 0.7601 ], [ -51.756, 0.7598 ], [ -51.7558, 0.8325 ], [ -51.8277, 0.8325 ], [ -51.8277, 0.8597 ], [ -51.8639, 0.8598 ], [ -51.8531, 0.8833 ], [ -51.8664, 0.9419 ], [ -51.8211, 0.9512 ], [ -51.818, 1.005 ], [ -51.8115, 0.9686 ], [ -51.7771, 0.9928 ], [ -51.7561, 0.9851 ], [ -51.7561, 0.9688 ], [ -51.7153, 0.9895 ], [ -51.6953, 0.9741 ], [ -51.6753, 1.0101 ], [ -51.6616, 0.9573 ] ] ], [ [ [ -52.0037, 1.3691 ], [ -52.0038, 1.3211 ], [ -51.9809, 1.3097 ], [ -52.0026, 1.2663 ], [ -51.9841, 1.2199 ], [ -52.0068, 1.1828 ], [ -51.978, 1.1557 ], [ -51.9926, 1.1452 ], [ -51.9778, 1.1275 ], [ -51.9849, 1.0548 ], [ -51.9495, 1.0553 ], [ -51.9408, 1.0419 ], [ -51.9551, 0.9871 ], [ -52.0098, 1.0106 ], [ -52.0342, 1.001 ], [ -52.0904, 0.7914 ], [ -52.1505, 0.7757 ], [ -52.2057, 0.7333 ], [ -52.2133, 0.7081 ], [ -52.266, 0.7222 ], [ -52.3621, 0.7886 ], [ -52.4254, 0.7944 ], [ -52.437, 0.7592 ], [ -52.5044, 0.8783 ], [ -52.4575, 0.9234 ], [ -52.3979, 0.9459 ], [ -52.5061, 1.0289 ], [ -52.4755, 1.1361 ], [ -52.4304, 1.0235 ], [ -52.3857, 1.0179 ], [ -52.3094, 0.9517 ], [ -52.2621, 0.9348 ], [ -52.2138, 0.9429 ], [ -52.2255, 1.0611 ], [ -52.3753, 1.1448 ], [ -52.4752, 1.1375 ], [ -52.465, 1.1954 ], [ -52.3567, 1.2033 ], [ -52.3186, 1.3883 ], [ -52.1817, 1.55 ], [ -52.1067, 1.5233 ], [ -52.1178, 1.4938 ], [ -52.0888, 1.4681 ], [ -52.087, 1.4408 ], [ -52.0543, 1.4403 ], [ -52.0037, 1.3691 ] ] ], [ [ [ -51.9883, 3.6276 ], [ -51.9736, 3.7005 ], [ -51.9203, 3.7264 ], [ -51.9196, 3.7784 ], [ -51.8939, 3.7932 ], [ -51.8488, 3.7601 ], [ -51.8133, 3.757 ], [ -51.7908, 3.7249 ], [ -51.7975, 3.56 ], [ -51.7413, 3.46 ], [ -51.7447, 3.3954 ], [ -51.7235, 3.3958 ], [ -51.7697, 3.3663 ], [ -51.7182, 3.2225 ], [ -51.7049, 3.2319 ], [ -51.6319, 3.1291 ], [ -51.6496, 3.1178 ], [ -51.6211, 3.1009 ], [ -51.5504, 3.0828 ], [ -51.508, 3.1023 ], [ -51.4192, 2.922 ], [ -51.4237, 2.8355 ], [ -51.3371, 2.5635 ], [ -51.2692, 2.5989 ], [ -51.3428, 2.8302 ], [ -51.3405, 2.9549 ], [ -51.3743, 2.9895 ], [ -51.3977, 2.9788 ], [ -51.3956, 3.0162 ], [ -51.3645, 3.0184 ], [ -51.3762, 3.0354 ], [ -51.3214, 3.0793 ], [ -51.3037, 3.0724 ], [ -51.285, 3.0975 ], [ -51.289, 3.1202 ], [ -51.2524, 3.1216 ], [ -51.2258, 3.1577 ], [ -51.2441, 3.1555 ], [ -51.2503, 3.1913 ], [ -51.2174, 3.2103 ], [ -51.2204, 3.065 ], [ -51.1812, 3.0033 ], [ -51.1154, 2.8345 ], [ -51.1322, 2.8224 ], [ -51.1029, 2.8069 ], [ -51.1238, 2.7943 ], [ -51.1238, 2.7713 ], [ -51.082, 2.7358 ], [ -51.089, 2.7006 ], [ -51.076, 2.6894 ], [ -51.1159, 2.6711 ], [ -51.1646, 2.68 ], [ -51.1818, 2.6674 ], [ -51.1488, 2.6519 ], [ -51.1753, 2.6243 ], [ -51.134, 2.6234 ], [ -51.1052, 2.6047 ], [ -51.0365, 2.6351 ], [ -51.0504, 2.6019 ], [ -51.0253, 2.5602 ], [ -51.1052, 2.4717 ], [ -51.0394, 2.4776 ], [ -50.9986, 2.4355 ], [ -51.004, 2.4029 ], [ -51.0554, 2.3861 ], [ -50.9979, 2.3778 ], [ -50.9816, 2.3928 ], [ -50.97, 2.3843 ], [ -50.98, 2.3794 ], [ -50.9628, 2.3333 ], [ -50.9881, 2.2847 ], [ -50.977, 2.2826 ], [ -50.9942, 2.2808 ], [ -50.9939, 2.2633 ], [ -51.0164, 2.269 ], [ -51.0273, 2.2665 ], [ -51.0343, 2.2563 ], [ -51.0101, 2.2663 ], [ -50.9805, 2.2543 ], [ -50.9596, 2.2045 ], [ -50.9844, 2.2064 ], [ -50.9732, 2.1831 ], [ -51.0007, 2.1776 ], [ -51.0013, 2.1562 ], [ -51.0546, 2.1692 ], [ -51.095, 1.8964 ], [ -51.0898, 1.8579 ], [ -51.0164, 1.8704 ], [ -50.9817, 1.8467 ], [ -50.9834, 1.8181 ], [ -50.9455, 1.821 ], [ -50.9231, 1.8102 ], [ -50.9182, 1.7874 ], [ -50.8916, 1.8 ], [ -50.8923, 1.7802 ], [ -50.9312, 1.7421 ], [ -51.0737, 1.7303 ], [ -51.0092, 1.6444 ], [ -50.9723, 1.6275 ], [ -50.9668, 1.6053 ], [ -50.9172, 1.6041 ], [ -50.9234, 1.574 ], [ -50.9055, 1.5653 ], [ -50.9227, 1.5581 ], [ -50.9746, 1.6059 ], [ -51.0164, 1.6117 ], [ -51.0793, 1.5707 ], [ -51.0882, 1.5342 ], [ -50.9815, 1.4357 ], [ -50.9913, 1.4254 ], [ -51.1741, 1.4723 ], [ -51.2674, 1.4 ], [ -51.3224, 1.2011 ], [ -51.2129, 1.1202 ], [ -51.2091, 1.1023 ], [ -51.267, 1.058 ], [ -51.2537, 1.0153 ], [ -51.2801, 0.9921 ], [ -51.2885, 1.0354 ], [ -51.32, 1.0811 ], [ -51.3793, 1.0386 ], [ -51.2979, 0.9373 ], [ -51.2476, 0.9536 ], [ -51.252, 0.9315 ], [ -51.2116, 0.9278 ], [ -51.1983, 0.912 ], [ -51.2136, 0.8966 ], [ -51.1907, 0.8847 ], [ -51.202, 0.8667 ], [ -51.1794, 0.8639 ], [ -51.1977, 0.8543 ], [ -51.2332, 0.9116 ], [ -51.2771, 0.9053 ], [ -51.2842, 0.8749 ], [ -51.3052, 0.8725 ], [ -51.2997, 0.8252 ], [ -51.3172, 0.798 ], [ -51.366, 0.7774 ], [ -51.3839, 0.7368 ], [ -51.4349, 0.7657 ], [ -51.4707, 0.7662 ], [ -51.5234, 0.8144 ], [ -51.5521, 0.8681 ], [ -51.6015, 0.8474 ], [ -51.6048, 0.8297 ], [ -51.6251, 0.8625 ], [ -51.603, 0.879 ], [ -51.5914, 0.914 ], [ -51.6041, 0.9614 ], [ -51.5811, 0.9771 ], [ -51.5961, 0.9906 ], [ -51.5916, 1.0165 ], [ -51.5546, 1.0478 ], [ -51.5265, 1.0406 ], [ -51.5011, 1.0845 ], [ -51.4546, 1.1072 ], [ -51.4314, 1.1927 ], [ -51.4502, 1.24 ], [ -51.3957, 1.276 ], [ -51.3882, 1.3721 ], [ -51.3631, 1.4108 ], [ -51.418, 1.5219 ], [ -51.4415, 1.5291 ], [ -51.4336, 1.5544 ], [ -51.4525, 1.5976 ], [ -51.4226, 1.6336 ], [ -51.4472, 1.8547 ], [ -51.4951, 1.8592 ], [ -51.5201, 1.9038 ], [ -51.5764, 1.9302 ], [ -51.6359, 1.9134 ], [ -51.6512, 1.9327 ], [ -51.5717, 2.1117 ], [ -51.6629, 2.2445 ], [ -51.623, 2.2677 ], [ -51.6066, 2.3017 ], [ -51.5666, 2.2771 ], [ -51.4491, 2.3026 ], [ -51.4574, 2.3967 ], [ -51.5225, 2.3785 ], [ -51.6539, 2.3865 ], [ -51.7191, 2.4258 ], [ -51.7411, 2.3828 ], [ -51.6686, 2.3394 ], [ -51.6736, 2.2742 ], [ -51.6877, 2.2676 ], [ -51.8198, 2.378 ], [ -51.9229, 2.4419 ], [ -51.935, 2.7011 ], [ -51.957, 2.8118 ], [ -51.9749, 2.8342 ], [ -51.9773, 2.9564 ], [ -52.0389, 3.0827 ], [ -52.019, 3.152 ], [ -52.0291, 3.2013 ], [ -52.0176, 3.2753 ], [ -52.0393, 3.3284 ], [ -52.0274, 3.3451 ], [ -52.0478, 3.3544 ], [ -52.0261, 3.4137 ], [ -52.0292, 3.4702 ], [ -52.0728, 3.5131 ], [ -51.9883, 3.6276 ] ] ] ] } },
{ "type": "Feature", "properties": { "tipo": "UC", "nome": "REFúGIO DE VIDA SILVESTRE METRóPOLE DA AMAZôNIA" }, "geometry": { "type": "Polygon", "coordinates": [ [ [ -48.3449, -1.4508 ], [ -48.3328, -1.4166 ], [ -48.3472, -1.4173 ], [ -48.3509, -1.4002 ], [ -48.3299, -1.4155 ], [ -48.2951, -1.3952 ], [ -48.3017, -1.4282 ], [ -48.26, -1.4057 ], [ -48.2564, -1.4264 ], [ -48.2327, -1.424 ], [ -48.2524, -1.4448 ], [ -48.21, -1.4525 ], [ -48.2133, -1.476 ], [ -48.2564, -1.4546 ], [ -48.2995, -1.4632 ], [ -48.3449, -1.4508 ] ] ] } },
{ "type": "Feature", "properties": { "tipo": "UC", "nome": "FLORESTA NACIONAL DE SARACÁ-TAQUERA" }, "geometry": { "type": "Polygon", "coordinates": [ [ [ -56.8611, -1.3903 ], [ -56.8224, -1.459 ], [ -56.7777, -1.4519 ], [ -56.7432, -1.4646 ], [ -56.7815, -1.4906 ], [ -56.7499, -1.528 ], [ -56.7311, -1.5182 ], [ -56.7269, -1.4603 ], [ -56.6589, -1.4279 ], [ -56.6294, -1.4363 ], [ -56.6113, -1.4635 ], [ -56.5786, -1.4666 ], [ -56.5401, -1.4401 ], [ -56.5108, -1.442 ], [ -56.4594, -1.4079 ], [ -56.4287, -1.4067 ], [ -56.4074, -1.4516 ], [ -56.4227, -1.4491 ], [ -56.4125, -1.4841 ], [ -56.4322, -1.5226 ], [ -56.4134, -1.5581 ], [ -56.3591, -1.5731 ], [ -56.342, -1.5584 ], [ -56.3268, -1.5281 ], [ -56.345, -1.5195 ], [ -56.3254, -1.5202 ], [ -56.343, -1.4924 ], [ -56.3304, -1.4787 ], [ -56.3526, -1.4745 ], [ -56.3434, -1.4644 ], [ -56.2868, -1.5266 ], [ -56.2556, -1.5205 ], [ -56.2256, -1.5403 ], [ -56.2302, -1.5594 ], [ -56.1636, -1.5428 ], [ -56.0831, -1.5686 ], [ -56.0681, -1.5608 ], [ -56.0389, -1.5939 ], [ -56.0545, -1.6303 ], [ -56.0491, -1.6669 ], [ -56.0654, -1.6983 ], [ -56.0936, -1.7109 ], [ -56.0949, -1.7318 ], [ -56.1931, -1.7325 ], [ -56.2044, -1.7449 ], [ -56.2156, -1.7275 ], [ -56.2424, -1.7268 ], [ -56.2534, -1.7669 ], [ -56.332, -1.7798 ], [ -56.3476, -1.8247 ], [ -56.3825, -1.8405 ], [ -56.4028, -1.8854 ], [ -56.44, -1.9005 ], [ -56.5292, -1.9015 ], [ -56.5381, -1.8719 ], [ -56.6308, -1.8875 ], [ -56.6393, -1.9048 ], [ -56.6856, -1.8991 ], [ -56.6959, -1.8791 ], [ -56.751, -1.9029 ], [ -56.7747, -1.8783 ], [ -56.8096, -1.8772 ], [ -56.8168, -1.8974 ], [ -56.8844, -1.8643 ], [ -56.9248, -1.8809 ], [ -56.9613, -1.8716 ], [ -56.9712, -1.8319 ], [ -56.9992, -1.8161 ], [ -56.9752, -1.761 ], [ -56.9979, -1.7077 ], [ -57.0565, -1.6635 ], [ -57.0876, -1.5859 ], [ -57.1721, -1.5532 ], [ -57.1745, -1.5128 ], [ -57.1586, -1.4898 ], [ -56.9308, -1.4326 ], [ -56.8611, -1.3903 ] ] ] } },
{ "type": "Feature", "properties": { "tipo": "UC", "nome": "PARQUE NACIONAL DA SERRA DO PARDO" }, "geometry": { "type": "Polygon", "coordinates": [ [ [ -52.8515, -5.5934 ], [ -52.8302, -5.6771 ], [ -52.7035, -5.6182 ], [ -52.6657, -5.6933 ], [ -52.6607, -5.7419 ], [ -52.5648, -5.8199 ], [ -52.5649, -5.8529 ], [ -52.6076, -5.9065 ], [ -52.6163, -6.0205 ], [ -52.657, -6.0465 ], [ -52.7494, -6.0674 ], [ -52.8063, -6.1373 ], [ -52.9461, -6.1329 ], [ -53.053, -6.0791 ], [ -53.0986, -6.0853 ], [ -53.1574, -6.0618 ], [ -53.2829, -5.9463 ], [ -53.2617, -5.8067 ], [ -53.2983, -5.8096 ], [ -53.3536, -5.7734 ], [ -53.3703, -5.7304 ], [ -53.4142, -5.7175 ], [ -53.4498, -5.6587 ], [ -53.4151, -5.6007 ], [ -53.3834, -5.5935 ], [ -53.373, -5.5639 ], [ -53.3489, -5.5568 ], [ -53.3595, -5.5429 ], [ -53.3252, -5.5364 ], [ -53.2703, -5.4907 ], [ -53.2103, -5.5431 ], [ -53.1258, -5.5632 ], [ -53.0732, -5.5442 ], [ -53.032, -5.5488 ], [ -52.9894, -5.4804 ], [ -52.8857, -5.546 ], [ -52.8515, -5.5934 ] ] ] } },
{ "type": "Feature", "properties": { "tipo": "UC", "nome": "FLORESTA NACIONAL DE AMAPÁ" }, "geometry": { "type": "Polygon", "coordinates": [ [ [ -51.6377, 1.9113 ], [ -51.4815, 1.9238 ], [ -51.4447, 1.8625 ], [ -51.4551, 1.8429 ], [ -51.4252, 1.6555 ], [ -51.4266, 1.6184 ], [ -51.4541, 1.5964 ], [ -51.4358, 1.5531 ], [ -51.4437, 1.5282 ], [ -51.4195, 1.5186 ], [ -51.3647, 1.4089 ], [ -51.3903, 1.3693 ], [ -51.3981, 1.2722 ], [ -51.4524, 1.241 ], [ -51.4341, 1.1889 ], [ -51.4569, 1.1085 ], [ -51.5046, 1.0848 ], [ -51.5279, 1.0424 ], [ -51.5591, 1.0497 ], [ -51.5822, 1.0348 ], [ -51.5977, 0.9934 ], [ -51.5823, 0.9777 ], [ -51.6063, 0.9627 ], [ -51.5938, 0.9569 ], [ -51.5967, 0.9225 ], [ -51.6623, 0.9592 ], [ -51.6757, 1.0134 ], [ -51.6971, 0.975 ], [ -51.7153, 0.9933 ], [ -51.7546, 0.9705 ], [ -51.7526, 0.9858 ], [ -51.7773, 0.9957 ], [ -51.8096, 0.9711 ], [ -51.8389, 1.0392 ], [ -51.8553, 1.0251 ], [ -51.8819, 1.0377 ], [ -51.881, 1.0546 ], [ -51.9015, 1.0459 ], [ -51.9131, 1.0698 ], [ -51.9335, 1.0399 ], [ -51.9501, 1.0577 ], [ -51.9813, 1.0511 ], [ -51.9781, 1.1285 ], [ -51.9939, 1.1429 ], [ -51.9788, 1.1574 ], [ -52.0096, 1.1846 ], [ -51.9853, 1.2252 ], [ -51.9998, 1.2283 ], [ -52.0052, 1.2676 ], [ -51.987, 1.2872 ], [ -51.9914, 1.315 ], [ -51.9685, 1.3365 ], [ -51.9667, 1.38 ], [ -51.9536, 1.3951 ], [ -51.9221, 1.3858 ], [ -51.7786, 1.5721 ], [ -51.7305, 1.5932 ], [ -51.6855, 1.7872 ], [ -51.6377, 1.9113 ] ] ] } },
{ "type": "Feature", "properties": { "tipo": "UC", "nome": "ÁREA DE PROTEÇÃO AMBIENTAL DO RIO MADEIRA" }, "geometry": { "type": "MultiPolygon", "coordinates": [ [ [ [ -63.9244, -8.791 ], [ -63.9329, -8.8142 ], [ -63.9504, -8.8142 ], [ -63.9244, -8.791 ] ] ], [ [ [ -63.891, -8.6702 ], [ -63.9095, -8.6701 ], [ -63.9192, -8.7251 ], [ -63.9086, -8.7696 ], [ -63.9209, -8.7873 ], [ -63.9345, -8.7762 ], [ -63.935, -8.6254 ], [ -63.891, -8.6254 ], [ -63.891, -8.6702 ] ] ] ] } },
{ "type": "Feature", "properties": { "tipo": "UC", "nome": "RESERVA DE DESENVOLVIMENTO SUSTENTÁVEL ALCOBAÇA" }, "geometry": { "type": "Polygon", "coordinates": [ [ [ -49.8357, -3.7182 ], [ -49.8351, -3.7286 ], [ -49.8207, -3.7214 ], [ -49.8308, -3.7437 ], [ -49.8073, -3.7294 ], [ -49.8032, -3.7423 ], [ -49.809, -3.7496 ], [ -49.8124, -3.7393 ], [ -49.8272, -3.7474 ], [ -49.8124, -3.7459 ], [ -49.8264, -3.7563 ], [ -49.8153, -3.7696 ], [ -49.7993, -3.755 ], [ -49.816, -3.7756 ], [ -49.7999, -3.7667 ], [ -49.7923, -3.7919 ], [ -49.7801, -3.7722 ], [ -49.7874, -3.7937 ], [ -49.7712, -3.8035 ], [ -49.7565, -3.7947 ], [ -49.7657, -3.7852 ], [ -49.7637, -3.7792 ], [ -49.753, -3.7903 ], [ -49.7615, -3.7711 ], [ -49.7725, -3.7759 ], [ -49.7701, -3.7314 ], [ -49.7387, -3.8024 ], [ -49.6812, -3.858 ], [ -49.7225, -3.917 ], [ -49.7035, -3.9395 ], [ -49.7259, -3.9279 ], [ -49.7175, -3.9474 ], [ -49.7344, -3.9369 ], [ -49.7316, -3.9555 ], [ -49.7489, -3.9463 ], [ -49.7295, -3.9263 ], [ -49.7543, -3.9311 ], [ -49.7281, -3.92 ], [ -49.7311, -3.8961 ], [ -49.7144, -3.8842 ], [ -49.7341, -3.887 ], [ -49.6966, -3.8562 ], [ -49.7078, -3.8591 ], [ -49.7075, -3.844 ], [ -49.7248, -3.8685 ], [ -49.7241, -3.8266 ], [ -49.7393, -3.845 ], [ -49.7283, -3.8667 ], [ -49.7451, -3.8633 ], [ -49.7313, -3.8727 ], [ -49.734, -3.8832 ], [ -49.7483, -3.865 ], [ -49.754, -3.8772 ], [ -49.7425, -3.8993 ], [ -49.7595, -3.8901 ], [ -49.7499, -3.92 ], [ -49.7637, -3.9044 ], [ -49.7726, -3.9183 ], [ -49.7642, -3.8884 ], [ -49.7899, -3.9184 ], [ -49.796, -3.9078 ], [ -49.8034, -3.9358 ], [ -49.7933, -3.9291 ], [ -49.799, -3.9447 ], [ -49.7786, -3.9594 ], [ -49.8069, -3.946 ], [ -49.8132, -3.9608 ], [ -49.7817, -3.9948 ], [ -49.8273, -3.9597 ], [ -49.8092, -4.0397 ], [ -49.827, -3.9983 ], [ -49.8319, -4.0286 ], [ -49.8363, -4.0217 ], [ -49.8332, -3.9644 ], [ -49.8653, -3.9907 ], [ -49.8592, -4.0073 ], [ -49.8712, -3.9982 ], [ -49.8793, -4.009 ], [ -49.8529, -4.0564 ], [ -49.8834, -4.0114 ], [ -49.9185, -4.0345 ], [ -49.9022, -4.0572 ], [ -49.924, -4.064 ], [ -49.9176, -4.0429 ], [ -49.9404, -4.0336 ], [ -49.9155, -4.0308 ], [ -49.9028, -4.017 ], [ -49.9114, -4.0052 ], [ -49.8985, -4.0169 ], [ -49.9019, -3.994 ], [ -49.8866, -4.0031 ], [ -49.8578, -3.9759 ], [ -49.9087, -3.9755 ], [ -49.8998, -3.9656 ], [ -49.9316, -3.9696 ], [ -49.948, -3.9566 ], [ -49.8537, -3.9678 ], [ -49.8473, -3.9505 ], [ -49.8719, -3.9489 ], [ -49.8805, -3.9356 ], [ -49.8394, -3.9538 ], [ -49.8125, -3.9236 ], [ -49.8281, -3.9363 ], [ -49.8277, -3.9253 ], [ -49.8517, -3.9283 ], [ -49.8397, -3.9212 ], [ -49.8602, -3.9195 ], [ -49.8584, -3.9077 ], [ -49.8746, -3.9136 ], [ -49.8777, -3.8965 ], [ -49.9375, -3.8984 ], [ -49.9168, -3.8856 ], [ -49.9341, -3.878 ], [ -49.9431, -3.8681 ], [ -49.8986, -3.8898 ], [ -49.8807, -3.8782 ], [ -49.8523, -3.906 ], [ -49.8592, -3.8807 ], [ -49.8466, -3.8784 ], [ -49.8476, -3.9085 ], [ -49.8297, -3.9181 ], [ -49.8068, -3.9064 ], [ -49.8317, -3.9038 ], [ -49.8355, -3.8852 ], [ -49.802, -3.8907 ], [ -49.8035, -3.8753 ], [ -49.84, -3.8813 ], [ -49.8347, -3.8709 ], [ -49.8451, -3.8773 ], [ -49.861, -3.8552 ], [ -49.834, -3.8658 ], [ -49.8142, -3.8453 ], [ -49.8154, -3.8706 ], [ -49.769, -3.8588 ], [ -49.7703, -3.8448 ], [ -49.8069, -3.851 ], [ -49.8036, -3.8324 ], [ -49.7839, -3.8427 ], [ -49.7911, -3.8198 ], [ -49.8388, -3.83 ], [ -49.7885, -3.8098 ], [ -49.8165, -3.8112 ], [ -49.8003, -3.8051 ], [ -49.8041, -3.7927 ], [ -49.8268, -3.8221 ], [ -49.8401, -3.7988 ], [ -49.8661, -3.806 ], [ -49.8525, -3.7931 ], [ -49.8203, -3.7978 ], [ -49.8142, -3.7864 ], [ -49.836, -3.7838 ], [ -49.834, -3.7666 ], [ -49.8524, -3.7598 ], [ -49.903, -3.7878 ], [ -49.8595, -3.7607 ], [ -49.898, -3.7342 ], [ -49.9392, -3.7434 ], [ -49.9051, -3.7294 ], [ -49.831, -3.7576 ], [ -49.8429, -3.7286 ], [ -49.8357, -3.7182 ] ] ] } },
{ "type": "Feature", "properties": { "tipo": "UC", "nome": "ÁREA DE PROTEÇÃO AMBIENTAL ILHA DO BANANAL/CANTÃO" }, "geometry": { "type": "Polygon", "coordinates": [ [ [ -49.914, -10.2393 ], [ -50.0042, -10.1461 ], [ -50.0165, -10.0442 ], [ -50.0376, -10.0132 ], [ -50.0203, -9.9859 ], [ -50.1213, -9.9651 ], [ -50.1301, -9.9555 ], [ -50.1117, -9.9468 ], [ -50.1224, -9.9343 ], [ -50.1159, -9.9116 ], [ -50.1204, -9.9055 ], [ -50.1205, -9.9154 ], [ -50.1441, -9.9137 ], [ -50.1522, -9.9328 ], [ -50.1412, -9.904 ], [ -50.129, -9.9132 ], [ -50.1227, -9.9006 ], [ -49.9613, -9.8552 ], [ -49.9865, -9.8267 ], [ -49.9766, -9.8109 ], [ -50.0107, -9.7933 ], [ -50.0317, -9.7588 ], [ -50.0082, -9.7493 ], [ -50.0279, -9.7034 ], [ -49.9996, -9.6869 ], [ -49.9888, -9.6526 ], [ -49.9963, -9.596 ], [ -49.9793, -9.5683 ], [ -49.9995, -9.5344 ], [ -49.9823, -9.4999 ], [ -49.9995, -9.5014 ], [ -49.9769, -9.4825 ], [ -49.9765, -9.4504 ], [ -49.9988, -9.3889 ], [ -49.9708, -9.3673 ], [ -49.965, -9.2326 ], [ -49.9084, -9.1761 ], [ -49.8405, -9.0265 ], [ -49.7604, -8.9256 ], [ -49.67, -8.8535 ], [ -49.5926, -8.8388 ], [ -49.3996, -8.5473 ], [ -49.3557, -8.5452 ], [ -49.2361, -8.7214 ], [ -49.2265, -8.7936 ], [ -49.2684, -8.86 ], [ -49.2535, -8.886 ], [ -49.2271, -8.8932 ], [ -49.2223, -8.9423 ], [ -49.1824, -8.934 ], [ -49.109, -8.9952 ], [ -49.0367, -9.0208 ], [ -48.9967, -9.0621 ], [ -48.931, -9.0801 ], [ -48.9116, -9.0688 ], [ -48.8974, -9.1349 ], [ -48.8942, -9.2077 ], [ -48.976, -9.2285 ], [ -49.0114, -9.2529 ], [ -49.0732, -9.2422 ], [ -49.1051, -9.3243 ], [ -49.1133, -9.4035 ], [ -49.1001, -9.4592 ], [ -49.1205, -9.518 ], [ -49.1103, -9.5427 ], [ -49.1624, -9.6287 ], [ -49.1366, -9.6707 ], [ -49.1876, -9.7211 ], [ -49.1912, -9.7662 ], [ -49.2173, -9.7979 ], [ -49.2347, -9.865 ], [ -49.2075, -9.961 ], [ -49.2207, -10.0919 ], [ -49.1895, -10.1883 ], [ -49.184, -10.303 ], [ -49.2146, -10.2874 ], [ -49.2359, -10.3137 ], [ -49.3889, -10.3442 ], [ -49.4739, -10.392 ], [ -49.6051, -10.3246 ], [ -49.6313, -10.3342 ], [ -49.6822, -10.3097 ], [ -49.736, -10.3512 ], [ -49.745, -10.3816 ], [ -49.7921, -10.3774 ], [ -49.806, -10.3541 ], [ -49.8049, -10.3665 ], [ -49.8307, -10.3748 ], [ -49.8517, -10.365 ], [ -49.8435, -10.3449 ], [ -49.8596, -10.3281 ], [ -49.8921, -10.3527 ], [ -49.9015, -10.3191 ], [ -49.8848, -10.3265 ], [ -49.914, -10.2393 ] ] ] } },
{ "type": "Feature", "properties": { "tipo": "UC", "nome": "FLORESTA NACIONAL DE SÃO FRANCISCO" }, "geometry": { "type": "Polygon", "coordinates": [ [ [ -69.3322, -9.7781 ], [ -69.2725, -9.8889 ], [ -69.3861, -9.9339 ], [ -69.5119, -10.0094 ], [ -69.5239, -9.9792 ], [ -69.3869, -9.8964 ], [ -69.3994, -9.8008 ], [ -69.3322, -9.7781 ] ] ] } },
{ "type": "Feature", "properties": { "tipo": "UC", "nome": "RESERVA PARTICULAR DO PATRIMÔNIO NATURAL NOVA AURORA" }, "geometry": { "type": "Polygon", "coordinates": [ [ [ -61.6725, -11.204 ], [ -61.6678, -11.2077 ], [ -61.6717, -11.2083 ], [ -61.6725, -11.204 ] ] ] } },
{ "type": "Feature", "properties": { "tipo": "UC", "nome": "ESTAçãO ECOLóGICA DO RIO RONURO" }, "geometry": { "type": "Polygon", "coordinates": [ [ [ -54.5723, -12.7554 ], [ -54.4763, -12.7311 ], [ -54.4532, -12.7381 ], [ -54.4643, -12.7762 ], [ -54.4377, -12.7862 ], [ -54.4231, -12.7469 ], [ -54.3486, -12.7337 ], [ -54.3408, -12.7386 ], [ -54.3509, -12.758 ], [ -54.3279, -12.8068 ], [ -54.3397, -12.8486 ], [ -54.3224, -12.8833 ], [ -54.3544, -12.9533 ], [ -54.372, -12.9571 ], [ -54.3613, -12.9734 ], [ -54.4067, -13.0041 ], [ -54.4013, -13.0619 ], [ -54.4233, -13.0976 ], [ -54.6268, -13.0581 ], [ -54.6099, -12.9349 ], [ -54.6375, -12.9123 ], [ -54.637, -12.8951 ], [ -54.6227, -12.8326 ], [ -54.5723, -12.7554 ] ] ] } },
{ "type": "Feature", "properties": { "tipo": "UC", "nome": "FLORESTA ESTADUAL DO TROMBETAS" }, "geometry": { "type": "Polygon", "coordinates": [ [ [ -56.938, 0.8154 ], [ -56.8977, 0.7624 ], [ -56.9018, 0.7273 ], [ -56.8723, 0.7059 ], [ -56.88, 0.662 ], [ -56.8512, 0.5998 ], [ -56.771, 0.6852 ], [ -56.6736, 0.6827 ], [ -56.6057, 0.65 ], [ -56.5137, 0.681 ], [ -56.4861, 0.7054 ], [ -56.4871, 0.6663 ], [ -56.4651, 0.6484 ], [ -56.4552, 0.6694 ], [ -56.4099, 0.6818 ], [ -56.3955, 0.7106 ], [ -56.3575, 0.7301 ], [ -56.3014, 0.6746 ], [ -56.3035, 0.6375 ], [ -56.2798, 0.62 ], [ -56.2738, 0.5891 ], [ -56.1603, 0.5444 ], [ -56.1099, 0.5525 ], [ -56.113, 0.477 ], [ -56.136, 0.4163 ], [ -56.1205, 0.3822 ], [ -56.1658, 0.315 ], [ -56.1532, 0.2702 ], [ -56.1784, 0.2076 ], [ -56.1293, 0.0922 ], [ -56.0914, 0.0512 ], [ -56.0922, 0.0151 ], [ -56.0315, -0.0552 ], [ -56.0208, -0.1581 ], [ -56.0221, -0.2327 ], [ -56.0533, -0.2785 ], [ -56.0372, -0.3328 ], [ -56.052, -0.3732 ], [ -56.0424, -0.4055 ], [ -56.0671, -0.4375 ], [ -56.0888, -0.4402 ], [ -56.0901, -0.4676 ], [ -56.0421, -0.4582 ], [ -56.0271, -0.4909 ], [ -56.0019, -0.4982 ], [ -55.9197, -0.4892 ], [ -55.845, -0.6747 ], [ -55.8003, -0.7131 ], [ -55.8022, -0.7357 ], [ -55.7608, -0.7302 ], [ -55.7111, -0.7468 ], [ -55.7006, -0.8139 ], [ -55.6735, -0.8366 ], [ -55.6374, -0.8494 ], [ -55.595, -0.8296 ], [ -55.5499, -0.8544 ], [ -55.536, -0.8842 ], [ -55.39, -0.936 ], [ -55.3864, -0.9703 ], [ -55.3399, -1.016 ], [ -55.3475, -1.0317 ], [ -55.3277, -1.0562 ], [ -55.3396, -1.072 ], [ -55.3238, -1.099 ], [ -55.2615, -1.1377 ], [ -55.2544, -1.1806 ], [ -55.2257, -1.1985 ], [ -55.2627, -1.2951 ], [ -55.3963, -1.2498 ], [ -55.4237, -1.2224 ], [ -55.4905, -1.1985 ], [ -55.5287, -1.2104 ], [ -55.7219, -1.1575 ], [ -55.8168, -1.1638 ], [ -55.8648, -1.145 ], [ -55.8898, -1.1581 ], [ -55.9004, -1.1419 ], [ -55.9223, -1.1544 ], [ -55.9491, -1.146 ], [ -55.9853, -1.0834 ], [ -55.9468, -1.0474 ], [ -55.9644, -0.9209 ], [ -55.8992, -0.7472 ], [ -56.0351, -0.6542 ], [ -56.0735, -0.7891 ], [ -56.1971, -0.664 ], [ -56.285, -0.6781 ], [ -56.2628, -0.7322 ], [ -56.2724, -0.7574 ], [ -56.2529, -0.7764 ], [ -56.2305, -0.856 ], [ -56.298, -0.945 ], [ -56.3022, -0.9839 ], [ -56.3586, -1.0612 ], [ -56.3623, -1.134 ], [ -56.397, -1.1521 ], [ -56.4119, -1.1318 ], [ -56.4272, -1.1383 ], [ -56.4209, -1.1175 ], [ -56.4497, -1.0906 ], [ -56.4465, -1.0695 ], [ -56.4898, -1.0599 ], [ -56.5012, -1.0743 ], [ -56.504, -1.0498 ], [ -56.5399, -1.0366 ], [ -56.5743, -0.99 ], [ -56.6163, -0.8825 ], [ -56.6364, -0.8703 ], [ -56.6468, -0.7757 ], [ -56.7467, -0.6526 ], [ -56.7949, -0.679 ], [ -56.8149, -0.7166 ], [ -56.8245, -0.7085 ], [ -56.9039, -0.908 ], [ -57.014, -1.0038 ], [ -57.0487, -1.0877 ], [ -57.0627, -1.0625 ], [ -57.0573, -0.9899 ], [ -57.1218, -0.9937 ], [ -57.167, -0.9472 ], [ -57.1918, -0.9072 ], [ -57.1781, -0.8948 ], [ -57.2055, -0.8637 ], [ -57.2261, -0.8834 ], [ -57.2558, -0.853 ], [ -57.3362, -0.8276 ], [ -57.3568, -0.8122 ], [ -57.3507, -0.7918 ], [ -57.3961, -0.7764 ], [ -57.4027, -0.7152 ], [ -57.3856, -0.6899 ], [ -57.4002, -0.6895 ], [ -57.4089, -0.666 ], [ -57.4029, -0.64 ], [ -57.3787, -0.6243 ], [ -57.3842, -0.5775 ], [ -57.358, -0.5132 ], [ -57.3758, -0.4823 ], [ -57.3298, -0.4019 ], [ -57.326, -0.3538 ], [ -57.3417, -0.3134 ], [ -57.3139, -0.2703 ], [ -57.3292, -0.2453 ], [ -57.317, -0.1771 ], [ -57.298, -0.1687 ], [ -57.3296, -0.1325 ], [ -57.3222, -0.0429 ], [ -57.4078, -0.0546 ], [ -57.4649, -0.0449 ], [ -57.4602, -0.0242 ], [ -57.4898, -0.0125 ], [ -57.4782, 0.0161 ], [ -57.5174, 0.0099 ], [ -57.5657, 0.0663 ], [ -57.6202, 0.0813 ], [ -57.6613, 0.1266 ], [ -57.6869, 0.2156 ], [ -57.7688, 0.2943 ], [ -57.823, 0.3926 ], [ -57.83, 0.4186 ], [ -57.8022, 0.5355 ], [ -57.8303, 0.5872 ], [ -57.8431, 0.6957 ], [ -57.8747, 0.7366 ], [ -57.9347, 0.749 ], [ -57.9086, 0.7676 ], [ -57.8994, 0.7552 ], [ -57.8155, 0.7555 ], [ -57.7102, 0.7221 ], [ -57.662, 0.7371 ], [ -57.6166, 0.6993 ], [ -57.564, 0.7118 ], [ -57.5483, 0.6922 ], [ -57.3828, 0.6759 ], [ -57.3342, 0.6325 ], [ -57.2769, 0.6715 ], [ -57.2132, 0.6855 ], [ -57.1871, 0.7367 ], [ -57.1636, 0.7322 ], [ -57.088, 0.7784 ], [ -57.0316, 0.7742 ], [ -56.9802, 0.8126 ], [ -56.938, 0.8154 ] ] ] } },
{ "type": "Feature", "properties": { "tipo": "UC", "nome": "FLORESTA NACIONAL DE ITAITUBA II" }, "geometry": { "type": "MultiPolygon", "coordinates": [ [ [ [ -56.8367, -5.1863 ], [ -56.8246, -5.1928 ], [ -56.8196, -5.1845 ], [ -56.8324, -5.1811 ], [ -56.8193, -5.1749 ], [ -56.8192, -5.1666 ], [ -56.8383, -5.1708 ], [ -56.8325, -5.155 ], [ -56.8301, -5.1564 ], [ -56.8332, -5.1631 ], [ -56.8302, -5.1684 ], [ -56.811, -5.1638 ], [ -56.8126, -5.1706 ], [ -56.8091, -5.1661 ], [ -56.8029, -5.1854 ], [ -56.7938, -5.1939 ], [ -56.8105, -5.1589 ], [ -56.7881, -5.1536 ], [ -56.7865, -5.1625 ], [ -56.7802, -5.1691 ], [ -56.7845, -5.1554 ], [ -56.7542, -5.1563 ], [ -56.7536, -5.189 ], [ -56.7499, -5.1555 ], [ -56.7447, -5.1648 ], [ -56.7279, -5.1706 ], [ -56.7448, -5.1524 ], [ -56.7285, -5.1482 ], [ -56.7307, -5.1424 ], [ -56.8265, -5.1535 ], [ -56.8335, -5.0843 ], [ -56.8193, -5.1131 ], [ -56.8268, -5.0809 ], [ -56.8191, -5.071 ], [ -56.8135, -5.0929 ], [ -56.8028, -5.088 ], [ -56.8173, -5.072 ], [ -56.801, -5.0472 ], [ -56.8014, -5.0666 ], [ -56.7921, -5.0729 ], [ -56.8, -5.0458 ], [ -56.7913, -5.034 ], [ -56.7946, -5.0534 ], [ -56.7942, -5.0581 ], [ -56.7908, -5.0613 ], [ -56.7942, -5.0528 ], [ -56.7884, -5.042 ], [ -56.7818, -5.0563 ], [ -56.7803, -5.0498 ], [ -56.7671, -5.0585 ], [ -56.7613, -5.0574 ], [ -56.7608, -5.0513 ], [ -56.7549, -5.0504 ], [ -56.761, -5.0507 ], [ -56.7671, -5.0573 ], [ -56.7891, -5.0367 ], [ -56.7854, -5.0097 ], [ -56.7841, -5.021 ], [ -56.7783, -5.0357 ], [ -56.7732, -5.042 ], [ -56.7807, -5.0093 ], [ -56.7694, -4.9981 ], [ -56.7688, -5.02 ], [ -56.7591, -5.0119 ], [ -56.7749, -4.9669 ], [ -56.7477, -4.9661 ], [ -56.7491, -5.017 ], [ -56.7334, -5.0192 ], [ -56.7432, -5.0247 ], [ -56.743, -5.0287 ], [ -56.7339, -5.0233 ], [ -56.731, -5.0377 ], [ -56.7275, -5.0437 ], [ -56.7318, -5.0183 ], [ -56.7142, -5.0248 ], [ -56.7123, -5.0336 ], [ -56.7175, -5.0399 ], [ -56.7158, -5.0451 ], [ -56.7053, -5.0326 ], [ -56.7027, -5.0524 ], [ -56.7017, -5.0328 ], [ -56.6948, -5.0593 ], [ -56.6808, -5.0684 ], [ -56.6925, -5.0396 ], [ -56.6887, -5.0412 ], [ -56.6867, -5.0406 ], [ -56.6838, -5.0435 ], [ -56.6831, -5.0428 ], [ -56.6962, -5.0294 ], [ -56.7133, -5.0273 ], [ -56.713, -5.0255 ], [ -56.7064, -5.0254 ], [ -56.699, -5.022 ], [ -56.7023, -5.0141 ], [ -56.7128, -5.0247 ], [ -56.7372, -5.0065 ], [ -56.7193, -5.01 ], [ -56.7129, -5.0029 ], [ -56.7423, -4.9966 ], [ -56.7183, -4.983 ], [ -56.7401, -4.9891 ], [ -56.7473, -4.9607 ], [ -56.7384, -4.9443 ], [ -56.7329, -4.9571 ], [ -56.7255, -4.9188 ], [ -56.725, -4.9398 ], [ -56.7214, -4.921 ], [ -56.7037, -4.9396 ], [ -56.7058, -4.9631 ], [ -56.701, -4.9733 ], [ -56.6979, -4.9635 ], [ -56.6858, -4.9765 ], [ -56.6813, -4.9758 ], [ -56.7037, -4.9559 ], [ -56.6826, -4.9517 ], [ -56.7266, -4.9151 ], [ -56.6993, -4.8564 ], [ -56.6957, -4.8783 ], [ -56.6906, -4.8852 ], [ -56.693, -4.8705 ], [ -56.6701, -4.872 ], [ -56.6575, -4.8818 ], [ -56.6577, -4.8849 ], [ -56.647, -4.8974 ], [ -56.6473, -4.9036 ], [ -56.6421, -4.9058 ], [ -56.6577, -4.8784 ], [ -56.6779, -4.8669 ], [ -56.6754, -4.8513 ], [ -56.6791, -4.8445 ], [ -56.6797, -4.8551 ], [ -56.7022, -4.8477 ], [ -56.6841, -4.8054 ], [ -56.6821, -4.8235 ], [ -56.6647, -4.8236 ], [ -56.6811, -4.7895 ], [ -56.6592, -4.786 ], [ -56.6887, -4.7742 ], [ -56.6338, -4.7555 ], [ -56.6386, -4.7723 ], [ -56.6517, -4.7669 ], [ -56.6597, -4.7727 ], [ -56.6434, -4.7747 ], [ -56.655, -4.8143 ], [ -56.6409, -4.8013 ], [ -56.6306, -4.8181 ], [ -56.6418, -4.8351 ], [ -56.6312, -4.8344 ], [ -56.6436, -4.8494 ], [ -56.6358, -4.8549 ], [ -56.6237, -4.8312 ], [ -56.6411, -4.7958 ], [ -56.6336, -4.766 ], [ -56.6317, -4.7755 ], [ -56.6264, -4.7824 ], [ -56.6275, -4.7843 ], [ -56.6237, -4.7967 ], [ -56.6206, -4.7869 ], [ -56.6291, -4.7519 ], [ -56.6186, -4.7689 ], [ -56.6197, -4.7533 ], [ -56.5906, -4.747 ], [ -56.5995, -4.7643 ], [ -56.5872, -4.7582 ], [ -56.5933, -4.7796 ], [ -56.5867, -4.7819 ], [ -56.5992, -4.7893 ], [ -56.6001, -4.7966 ], [ -56.5853, -4.7818 ], [ -56.5772, -4.7929 ], [ -56.5887, -4.7468 ], [ -56.5157, -4.741 ], [ -56.5357, -4.7485 ], [ -56.5311, -4.7591 ], [ -56.5638, -4.7591 ], [ -56.545, -4.7644 ], [ -56.5675, -4.7804 ], [ -56.5671, -4.7979 ], [ -56.5508, -4.7719 ], [ -56.5531, -4.7917 ], [ -56.5507, -4.7963 ], [ -56.5391, -4.7602 ], [ -56.5207, -4.7733 ], [ -56.5217, -4.7808 ], [ -56.5265, -4.7732 ], [ -56.5329, -4.783 ], [ -56.5152, -4.7828 ], [ -56.5669, -4.828 ], [ -56.5338, -4.8183 ], [ -56.5143, -4.7878 ], [ -56.5274, -4.8274 ], [ -56.5173, -4.8317 ], [ -56.5089, -4.8053 ], [ -56.4996, -4.8223 ], [ -56.5119, -4.8364 ], [ -56.4984, -4.8246 ], [ -56.4945, -4.8374 ], [ -56.4762, -4.8387 ], [ -56.4698, -4.8644 ], [ -56.512, -4.8531 ], [ -56.4916, -4.8691 ], [ -56.5085, -4.8781 ], [ -56.5236, -4.8515 ], [ -56.5243, -4.869 ], [ -56.5296, -4.8691 ], [ -56.5345, -4.8604 ], [ -56.5399, -4.8573 ], [ -56.5343, -4.8723 ], [ -56.5105, -4.879 ], [ -56.529, -4.8937 ], [ -56.5394, -4.884 ], [ -56.5312, -4.8957 ], [ -56.5521, -4.8872 ], [ -56.532, -4.8972 ], [ -56.5474, -4.9072 ], [ -56.5385, -4.9113 ], [ -56.5465, -4.9332 ], [ -56.5444, -4.9411 ], [ -56.5404, -4.9425 ], [ -56.5279, -4.9337 ], [ -56.5367, -4.9189 ], [ -56.5308, -4.9215 ], [ -56.5211, -4.9184 ], [ -56.5368, -4.9173 ], [ -56.5311, -4.8973 ], [ -56.5194, -4.9077 ], [ -56.5114, -4.8849 ], [ -56.5031, -4.8933 ], [ -56.5106, -4.9033 ], [ -56.51, -4.9049 ], [ -56.4994, -4.8948 ], [ -56.5087, -4.8823 ], [ -56.4924, -4.8903 ], [ -56.4988, -4.8779 ], [ -56.4692, -4.8682 ], [ -56.4593, -4.8533 ], [ -56.4804, -4.8329 ], [ -56.4752, -4.8183 ], [ -56.4884, -4.8326 ], [ -56.5025, -4.8131 ], [ -56.4948, -4.8152 ], [ -56.4896, -4.8122 ], [ -56.4847, -4.8148 ], [ -56.4773, -4.7983 ], [ -56.4679, -4.8123 ], [ -56.4717, -4.7977 ], [ -56.4796, -4.7975 ], [ -56.488, -4.8075 ], [ -56.4905, -4.803 ], [ -56.4943, -4.814 ], [ -56.5019, -4.8116 ], [ -56.5214, -4.7545 ], [ -56.4916, -4.751 ], [ -56.503, -4.7659 ], [ -56.4964, -4.77 ], [ -56.4845, -4.7562 ], [ -56.4797, -4.7712 ], [ -56.496, -4.7744 ], [ -56.4983, -4.7842 ], [ -56.4901, -4.793 ], [ -56.4788, -4.7759 ], [ -56.4804, -4.761 ], [ -56.4503, -4.7868 ], [ -56.4553, -4.8668 ], [ -56.4729, -4.8867 ], [ -56.4808, -4.8762 ], [ -56.4866, -4.8884 ], [ -56.4736, -4.89 ], [ -56.4895, -4.9121 ], [ -56.5178, -4.9224 ], [ -56.5078, -4.968 ], [ -56.4903, -4.9775 ], [ -56.5028, -4.9909 ], [ -56.4881, -4.9785 ], [ -56.4708, -5.0056 ], [ -56.5033, -5.0032 ], [ -56.5, -5.0222 ], [ -56.5081, -5.0233 ], [ -56.5036, -5.0123 ], [ -56.504, -5.0087 ], [ -56.5047, -5.0079 ], [ -56.5065, -5.0068 ], [ -56.5231, -5.0269 ], [ -56.5156, -5.0321 ], [ -56.513, -5.0223 ], [ -56.5075, -5.0244 ], [ -56.5007, -5.0245 ], [ -56.4969, -5.0201 ], [ -56.5013, -5.0356 ], [ -56.4931, -5.0376 ], [ -56.4891, -5.0122 ], [ -56.4883, -5.0175 ], [ -56.4827, -5.0253 ], [ -56.4855, -5.0366 ], [ -56.4818, -5.041 ], [ -56.4717, -5.0388 ], [ -56.4865, -5.009 ], [ -56.4576, -5.0177 ], [ -56.4687, -5.0438 ], [ -56.4535, -5.0602 ], [ -56.468, -5.0715 ], [ -56.4695, -5.085 ], [ -56.5108, -5.0881 ], [ -56.4735, -5.0988 ], [ -56.4538, -5.0659 ], [ -56.459, -5.0786 ], [ -56.4507, -5.0643 ], [ -56.4387, -5.0749 ], [ -56.4424, -5.0406 ], [ -56.4282, -5.0428 ], [ -56.4301, -5.0409 ], [ -56.4239, -5.0374 ], [ -56.4217, -5.0344 ], [ -56.4212, -5.0324 ], [ -56.43, -5.0404 ], [ -56.4529, -5.0284 ], [ -56.4418, -5.0086 ], [ -56.4683, -4.9824 ], [ -56.4545, -4.9855 ], [ -56.4441, -4.9737 ], [ -56.4576, -4.9841 ], [ -56.4823, -4.9709 ], [ -56.4864, -4.9585 ], [ -56.475, -4.9515 ], [ -56.4705, -4.9555 ], [ -56.4697, -4.9556 ], [ -56.4684, -4.9539 ], [ -56.4771, -4.9501 ], [ -56.4803, -4.9543 ], [ -56.4841, -4.9508 ], [ -56.4857, -4.9557 ], [ -56.4956, -4.9345 ], [ -56.4899, -4.926 ], [ -56.4858, -4.9442 ], [ -56.4824, -4.9473 ], [ -56.4725, -4.9387 ], [ -56.4877, -4.9286 ], [ -56.4786, -4.9147 ], [ -56.4742, -4.9321 ], [ -56.4609, -4.9093 ], [ -56.4468, -4.9161 ], [ -56.4482, -4.9206 ], [ -56.4589, -4.9247 ], [ -56.4599, -4.9269 ], [ -56.447, -4.9208 ], [ -56.4376, -4.9316 ], [ -56.4515, -4.9068 ], [ -56.4426, -4.9072 ], [ -56.4341, -4.9292 ], [ -56.4162, -4.9349 ], [ -56.4137, -4.9557 ], [ -56.4228, -4.9532 ], [ -56.4258, -4.9601 ], [ -56.4273, -4.9538 ], [ -56.4287, -4.9539 ], [ -56.4305, -4.9524 ], [ -56.4309, -4.9527 ], [ -56.425, -4.9627 ], [ -56.4151, -4.9581 ], [ -56.4178, -4.9935 ], [ -56.4027, -5.0036 ], [ -56.4043, -5.0036 ], [ -56.4078, -5.0095 ], [ -56.413, -5.0115 ], [ -56.4081, -5.0105 ], [ -56.4025, -5.0046 ], [ -56.408, -5.0186 ], [ -56.3976, -5.0235 ], [ -56.4084, -5.0321 ], [ -56.402, -5.0461 ], [ -56.4098, -5.0432 ], [ -56.4139, -5.0463 ], [ -56.4222, -5.0458 ], [ -56.4245, -5.047 ], [ -56.4248, -5.0482 ], [ -56.4049, -5.0602 ], [ -56.3929, -5.0499 ], [ -56.4006, -5.0444 ], [ -56.3969, -5.0231 ], [ -56.3815, -5.0375 ], [ -56.3995, -5.0121 ], [ -56.3792, -5.0202 ], [ -56.3815, -5.0132 ], [ -56.4098, -4.9823 ], [ -56.3393, -5.0203 ], [ -56.3346, -5.0152 ], [ -56.3627, -4.9999 ], [ -56.3557, -4.9946 ], [ -56.3586, -4.9928 ], [ -56.3531, -4.9924 ], [ -56.353, -4.9905 ], [ -56.3858, -4.992 ], [ -56.3889, -4.9712 ], [ -56.3973, -4.9822 ], [ -56.4008, -4.9685 ], [ -56.4128, -4.9733 ], [ -56.4055, -4.949 ], [ -56.3887, -4.9649 ], [ -56.3819, -4.9567 ], [ -56.3755, -4.9808 ], [ -56.348, -4.972 ], [ -56.348, -4.9637 ], [ -56.3707, -4.9745 ], [ -56.3782, -4.9604 ], [ -56.3678, -4.9595 ], [ -56.3659, -4.9502 ], [ -56.4054, -4.9459 ], [ -56.3749, -4.9434 ], [ -56.4064, -4.9403 ], [ -56.3926, -4.9284 ], [ -56.4109, -4.9286 ], [ -56.4032, -4.9137 ], [ -56.4135, -4.9269 ], [ -56.4328, -4.9178 ], [ -56.4147, -4.91 ], [ -56.4168, -4.8998 ], [ -56.43, -4.8915 ], [ -56.4254, -4.9038 ], [ -56.4333, -4.9096 ], [ -56.4523, -4.8966 ], [ -56.4471, -4.8842 ], [ -56.436, -4.8927 ], [ -56.4476, -4.8767 ], [ -56.4375, -4.8798 ], [ -56.4303, -4.8501 ], [ -56.4195, -4.8588 ], [ -56.4299, -4.8745 ], [ -56.4141, -4.8653 ], [ -56.4239, -4.8877 ], [ -56.4089, -4.8881 ], [ -56.4122, -4.868 ], [ -56.3988, -4.8854 ], [ -56.4016, -4.9024 ], [ -56.4087, -4.8938 ], [ -56.4077, -4.9051 ], [ -56.3995, -4.9025 ], [ -56.3972, -4.8874 ], [ -56.3862, -4.9049 ], [ -56.378, -4.8843 ], [ -56.3596, -4.8935 ], [ -56.3604, -4.8645 ], [ -56.3813, -4.885 ], [ -56.382, -4.8751 ], [ -56.385, -4.8722 ], [ -56.3808, -4.8662 ], [ -56.3816, -4.8639 ], [ -56.3822, -4.8638 ], [ -56.3923, -4.8907 ], [ -56.3961, -4.8647 ], [ -56.4076, -4.8666 ], [ -56.399, -4.8543 ], [ -56.4091, -4.866 ], [ -56.4205, -4.8525 ], [ -56.4133, -4.8511 ], [ -56.4111, -4.8353 ], [ -56.4209, -4.8496 ], [ -56.4314, -4.8413 ], [ -56.4322, -4.8278 ], [ -56.4182, -4.8371 ], [ -56.4159, -4.8258 ], [ -56.4353, -4.8179 ], [ -56.4195, -4.8131 ], [ -56.4391, -4.7882 ], [ -56.4301, -4.7596 ], [ -56.3916, -4.7357 ], [ -56.3793, -4.7559 ], [ -56.3785, -4.7763 ], [ -56.3889, -4.7871 ], [ -56.4119, -4.7694 ], [ -56.4292, -4.7807 ], [ -56.4116, -4.7784 ], [ -56.425, -4.794 ], [ -56.4133, -4.7863 ], [ -56.4122, -4.8025 ], [ -56.4072, -4.7785 ], [ -56.3876, -4.79 ], [ -56.401, -4.7917 ], [ -56.4036, -4.7935 ], [ -56.4058, -4.7972 ], [ -56.3877, -4.7943 ], [ -56.3861, -4.8079 ], [ -56.3973, -4.8027 ], [ -56.3983, -4.8067 ], [ -56.4049, -4.8086 ], [ -56.4101, -4.8115 ], [ -56.4113, -4.8132 ], [ -56.3866, -4.8093 ], [ -56.407, -4.8236 ], [ -56.4005, -4.8459 ], [ -56.3852, -4.8221 ], [ -56.3833, -4.7867 ], [ -56.3661, -4.811 ], [ -56.3729, -4.8233 ], [ -56.3658, -4.8293 ], [ -56.3729, -4.8389 ], [ -56.3737, -4.8436 ], [ -56.3641, -4.8292 ], [ -56.3684, -4.8181 ], [ -56.3606, -4.8198 ], [ -56.3762, -4.7559 ], [ -56.363, -4.772 ], [ -56.3677, -4.7581 ], [ -56.3466, -4.7639 ], [ -56.3565, -4.832 ], [ -56.3464, -4.824 ], [ -56.3526, -4.8501 ], [ -56.3306, -4.8631 ], [ -56.3454, -4.8516 ], [ -56.34, -4.8416 ], [ -56.3344, -4.8444 ], [ -56.3308, -4.8373 ], [ -56.343, -4.8362 ], [ -56.3468, -4.8033 ], [ -56.3296, -4.8155 ], [ -56.346, -4.799 ], [ -56.3431, -4.7853 ], [ -56.3384, -4.7961 ], [ -56.3153, -4.796 ], [ -56.3149, -4.7894 ], [ -56.3356, -4.7895 ], [ -56.3267, -4.7778 ], [ -56.342, -4.7828 ], [ -56.344, -4.7633 ], [ -56.3327, -4.7726 ], [ -56.3316, -4.7478 ], [ -56.3165, -4.7652 ], [ -56.323, -4.7476 ], [ -56.3167, -4.7575 ], [ -56.3019, -4.7557 ], [ -56.3243, -4.7463 ], [ -56.3223, -4.7225 ], [ -56.3249, -4.7473 ], [ -56.3362, -4.7383 ], [ -56.3394, -4.7588 ], [ -56.3414, -4.7448 ], [ -56.3641, -4.7579 ], [ -56.3762, -4.7406 ], [ -56.3557, -4.7454 ], [ -56.3561, -4.744 ], [ -56.3535, -4.742 ], [ -56.3536, -4.7412 ], [ -56.3734, -4.733 ], [ -56.3807, -4.7452 ], [ -56.3879, -4.7214 ], [ -56.377, -4.72 ], [ -56.3766, -4.7285 ], [ -56.3719, -4.7278 ], [ -56.3636, -4.7317 ], [ -56.3589, -4.733 ], [ -56.358, -4.7329 ], [ -56.3762, -4.7199 ], [ -56.3232, -4.7132 ], [ -56.3099, -4.7222 ], [ -56.3169, -4.7143 ], [ -56.3005, -4.7103 ], [ -56.3016, -4.7177 ], [ -56.2995, -4.7178 ], [ -56.301, -4.7198 ], [ -56.2921, -4.728 ], [ -56.2702, -4.7065 ], [ -56.2651, -4.7295 ], [ -56.2843, -4.7292 ], [ -56.2852, -4.7297 ], [ -56.2859, -4.7389 ], [ -56.2737, -4.7393 ], [ -56.2793, -4.7431 ], [ -56.2751, -4.7614 ], [ -56.2754, -4.7475 ], [ -56.2676, -4.7382 ], [ -56.2626, -4.7752 ], [ -56.2519, -4.7773 ], [ -56.2628, -4.7842 ], [ -56.2441, -4.7908 ], [ -56.2611, -4.8156 ], [ -56.2615, -4.8264 ], [ -56.2576, -4.8299 ], [ -56.2585, -4.8165 ], [ -56.2431, -4.7967 ], [ -56.2441, -4.7869 ], [ -56.2355, -4.7945 ], [ -56.2421, -4.8041 ], [ -56.2431, -4.8069 ], [ -56.2429, -4.8091 ], [ -56.2466, -4.8122 ], [ -56.2477, -4.8157 ], [ -56.2404, -4.8143 ], [ -56.2357, -4.7987 ], [ -56.2282, -4.8216 ], [ -56.2341, -4.7965 ], [ -56.2172, -4.8085 ], [ -56.223, -4.7958 ], [ -56.2094, -4.7909 ], [ -56.2379, -4.7789 ], [ -56.2348, -4.7907 ], [ -56.24, -4.7727 ], [ -56.2466, -4.784 ], [ -56.2467, -4.7585 ], [ -56.2642, -4.7535 ], [ -56.2488, -4.7471 ], [ -56.2627, -4.7443 ], [ -56.2499, -4.7365 ], [ -56.262, -4.7145 ], [ -56.2394, -4.7406 ], [ -56.2449, -4.7507 ], [ -56.2348, -4.7459 ], [ -56.2468, -4.7204 ], [ -56.2244, -4.7368 ], [ -56.2182, -4.7228 ], [ -56.2074, -4.7417 ], [ -56.2019, -4.74 ], [ -56.1981, -4.7465 ], [ -56.1974, -4.7462 ], [ -56.198, -4.7406 ], [ -56.22, -4.7178 ], [ -56.2262, -4.727 ], [ -56.2622, -4.7055 ], [ -56.0928, -4.6841 ], [ -56.1543, -4.7204 ], [ -56.1881, -4.7797 ], [ -56.2253, -4.8169 ], [ -56.262, -4.8817 ], [ -56.2852, -5.0166 ], [ -56.2507, -5.091 ], [ -56.1371, -5.2384 ], [ -56.1266, -5.2811 ], [ -56.0368, -5.3762 ], [ -56.1067, -5.3778 ], [ -56.1551, -5.35 ], [ -56.1555, -5.3233 ], [ -56.1907, -5.3138 ], [ -56.323, -5.317 ], [ -56.3624, -5.2619 ], [ -56.4041, -5.2551 ], [ -56.4252, -5.2649 ], [ -56.4189, -5.2971 ], [ -56.4418, -5.3382 ], [ -56.4395, -5.3729 ], [ -56.4767, -5.3952 ], [ -56.473, -5.4359 ], [ -56.4946, -5.4601 ], [ -56.4793, -5.5002 ], [ -56.6819, -5.3414 ], [ -56.7255, -5.2891 ], [ -56.76, -5.2824 ], [ -56.7988, -5.2464 ], [ -56.7763, -5.2391 ], [ -56.8005, -5.2442 ], [ -56.8367, -5.1863 ] ], [ [ -56.33, -4.8278 ], [ -56.3145, -4.8236 ], [ -56.3144, -4.8458 ], [ -56.3114, -4.8305 ], [ -56.2902, -4.8441 ], [ -56.314, -4.8225 ], [ -56.2926, -4.8297 ], [ -56.2913, -4.8154 ], [ -56.3114, -4.8196 ], [ -56.3082, -4.8126 ], [ -56.3139, -4.8103 ], [ -56.309, -4.8011 ], [ -56.3108, -4.796 ], [ -56.3147, -4.8073 ], [ -56.3133, -4.8174 ], [ -56.3272, -4.8178 ], [ -56.3296, -4.8155 ], [ -56.33, -4.8278 ] ], [ [ -56.7938, -5.0764 ], [ -56.7884, -5.0863 ], [ -56.7935, -5.0764 ], [ -56.7938, -5.0764 ] ], [ [ -56.6804, -5.0534 ], [ -56.6793, -5.0522 ], [ -56.6811, -5.0533 ], [ -56.6804, -5.0534 ] ], [ [ -56.4502, -4.9953 ], [ -56.453, -4.9925 ], [ -56.4533, -4.9932 ], [ -56.4502, -4.9953 ] ], [ [ -56.4488, -4.9979 ], [ -56.4484, -4.9977 ], [ -56.4487, -4.997 ], [ -56.4488, -4.9979 ] ], [ [ -56.466, -4.9515 ], [ -56.4651, -4.9493 ], [ -56.4647, -4.945 ], [ -56.466, -4.9515 ] ], [ [ -56.445, -4.9279 ], [ -56.4451, -4.929 ], [ -56.445, -4.9296 ], [ -56.445, -4.9279 ] ], [ [ -56.4378, -4.9221 ], [ -56.4376, -4.922 ], [ -56.4378, -4.921 ], [ -56.4378, -4.9221 ] ], [ [ -56.3968, -5.0398 ], [ -56.3932, -5.0395 ], [ -56.3909, -5.0409 ], [ -56.393, -5.0394 ], [ -56.3968, -5.0398 ] ], [ [ -56.3796, -5.0126 ], [ -56.3784, -5.0115 ], [ -56.3788, -5.0078 ], [ -56.3796, -5.0126 ] ], [ [ -56.356, -4.8598 ], [ -56.3561, -4.8545 ], [ -56.3568, -4.8595 ], [ -56.356, -4.8598 ] ], [ [ -56.3732, -4.8231 ], [ -56.3745, -4.8231 ], [ -56.3742, -4.8233 ], [ -56.3732, -4.8231 ] ], [ [ -56.3702, -4.7747 ], [ -56.3701, -4.7746 ], [ -56.3703, -4.7746 ], [ -56.3702, -4.7747 ] ], [ [ -56.3696, -4.7746 ], [ -56.3688, -4.7736 ], [ -56.3695, -4.7739 ], [ -56.3696, -4.7746 ] ], [ [ -56.3682, -4.7732 ], [ -56.3682, -4.7729 ], [ -56.3686, -4.7729 ], [ -56.3682, -4.7732 ] ], [ [ -56.355, -4.8375 ], [ -56.3553, -4.8386 ], [ -56.3549, -4.8377 ], [ -56.355, -4.8375 ] ], [ [ -56.3285, -4.8604 ], [ -56.3263, -4.8613 ], [ -56.3268, -4.8589 ], [ -56.3285, -4.8604 ] ], [ [ -56.3441, -4.8183 ], [ -56.3438, -4.8169 ], [ -56.3442, -4.8158 ], [ -56.3441, -4.8183 ] ], [ [ -56.3363, -4.8154 ], [ -56.3364, -4.8154 ], [ -56.3363, -4.8155 ], [ -56.3359, -4.8154 ], [ -56.3363, -4.8154 ] ], [ [ -56.337, -4.8151 ], [ -56.3373, -4.8151 ], [ -56.3365, -4.8154 ], [ -56.337, -4.8151 ] ], [ [ -56.3282, -4.783 ], [ -56.3278, -4.7834 ], [ -56.3279, -4.783 ], [ -56.3282, -4.783 ] ], [ [ -56.3099, -4.7697 ], [ -56.3099, -4.7725 ], [ -56.3089, -4.7697 ], [ -56.3099, -4.7697 ] ], [ [ -56.3554, -4.7321 ], [ -56.3551, -4.7316 ], [ -56.3554, -4.7315 ], [ -56.3554, -4.7321 ] ], [ [ -56.3416, -4.7199 ], [ -56.3417, -4.7198 ], [ -56.3417, -4.7199 ], [ -56.3416, -4.7199 ] ], [ [ -56.339, -4.723 ], [ -56.3371, -4.7245 ], [ -56.3384, -4.7294 ], [ -56.3381, -4.7301 ], [ -56.3367, -4.7241 ], [ -56.339, -4.723 ] ], [ [ -56.3382, -4.8149 ], [ -56.3381, -4.815 ], [ -56.3375, -4.8151 ], [ -56.3382, -4.8149 ] ], [ [ -56.3393, -4.8144 ], [ -56.3393, -4.8147 ], [ -56.3386, -4.8147 ], [ -56.3393, -4.8144 ] ], [ [ -56.3256, -4.7707 ], [ -56.3255, -4.7711 ], [ -56.3252, -4.7692 ], [ -56.3256, -4.7707 ] ], [ [ -56.2642, -4.8249 ], [ -56.2643, -4.8249 ], [ -56.2641, -4.8251 ], [ -56.2639, -4.8251 ], [ -56.2642, -4.8249 ] ], [ [ -56.2652, -4.8237 ], [ -56.2657, -4.8236 ], [ -56.2654, -4.8241 ], [ -56.2652, -4.8237 ] ], [ [ -56.3281, -4.7549 ], [ -56.3284, -4.7548 ], [ -56.3283, -4.7549 ], [ -56.3281, -4.7549 ] ], [ [ -56.3273, -4.7556 ], [ -56.3271, -4.7556 ], [ -56.3273, -4.7551 ], [ -56.3273, -4.7556 ] ], [ [ -56.3597, -4.8198 ], [ -56.3603, -4.8198 ], [ -56.3602, -4.8199 ], [ -56.3597, -4.8198 ] ], [ [ -56.3587, -4.8206 ], [ -56.3585, -4.8204 ], [ -56.3589, -4.8194 ], [ -56.3587, -4.8206 ] ], [ [ -56.3463, -4.8591 ], [ -56.3465, -4.8591 ], [ -56.3464, -4.8592 ], [ -56.346, -4.8591 ], [ -56.3463, -4.8591 ] ], [ [ -56.3471, -4.8592 ], [ -56.3476, -4.8597 ], [ -56.3482, -4.8611 ], [ -56.3471, -4.8592 ] ], [ [ -56.3272, -4.768 ], [ -56.3259, -4.7685 ], [ -56.3274, -4.7676 ], [ -56.3272, -4.768 ] ], [ [ -56.2628, -4.826 ], [ -56.2635, -4.8255 ], [ -56.2624, -4.8266 ], [ -56.2628, -4.826 ] ], [ [ -56.3203, -4.815 ], [ -56.3202, -4.8147 ], [ -56.3205, -4.8146 ], [ -56.3203, -4.815 ] ], [ [ -56.3765, -4.8225 ], [ -56.3767, -4.8227 ], [ -56.3746, -4.8231 ], [ -56.3765, -4.8225 ] ], [ [ -56.4304, -5.0349 ], [ -56.4303, -5.0347 ], [ -56.4313, -5.0353 ], [ -56.4304, -5.0349 ] ], [ [ -56.5181, -5.0316 ], [ -56.5183, -5.0317 ], [ -56.5173, -5.032 ], [ -56.5181, -5.0316 ] ], [ [ -56.4844, -5.0009 ], [ -56.4834, -5.0008 ], [ -56.484, -5.0006 ], [ -56.4844, -5.0009 ] ], [ [ -56.7992, -5.0894 ], [ -56.7987, -5.0889 ], [ -56.8006, -5.0876 ], [ -56.7992, -5.0894 ] ] ], [ [ [ -56.6334, -4.7552 ], [ -56.6356, -4.7527 ], [ -56.6314, -4.7522 ], [ -56.6334, -4.7552 ] ] ], [ [ [ -56.2898, -4.718 ], [ -56.291, -4.7203 ], [ -56.3009, -4.7149 ], [ -56.2898, -4.718 ] ] ], [ [ [ -56.3205, -4.7144 ], [ -56.322, -4.713 ], [ -56.3158, -4.7123 ], [ -56.3205, -4.7144 ] ] ], [ [ [ -56.2886, -4.7185 ], [ -56.2959, -4.7097 ], [ -56.2808, -4.7078 ], [ -56.2886, -4.7185 ] ] ], [ [ [ -56.2781, -4.7086 ], [ -56.2787, -4.7076 ], [ -56.276, -4.7072 ], [ -56.2781, -4.7086 ] ] ] ] } },
{ "type": "Feature", "properties": { "tipo": "UC", "nome": "PARQUE NACIONAL DA SERRA DO DIVISOR" }, "geometry": { "type": "Polygon", "coordinates": [ [ [ -73.8858, -7.6338 ], [ -73.9823, -7.5584 ], [ -73.9812, -7.534 ], [ -73.9407, -7.5342 ], [ -73.9261, -7.4795 ], [ -73.9089, -7.4689 ], [ -73.9592, -7.3559 ], [ -73.8759, -7.3856 ], [ -73.8237, -7.342 ], [ -73.7273, -7.3441 ], [ -73.6959, -7.3107 ], [ -73.7115, -7.2444 ], [ -73.6502, -7.2836 ], [ -73.5923, -7.3477 ], [ -73.5601, -7.3458 ], [ -73.5203, -7.3678 ], [ -73.5024, -7.4153 ], [ -73.44, -7.4532 ], [ -73.3343, -7.4524 ], [ -73.2875, -7.4162 ], [ -73.2891, -7.4677 ], [ -73.2599, -7.4994 ], [ -73.2796, -7.5849 ], [ -73.3113, -7.6089 ], [ -73.306, -7.6727 ], [ -73.3206, -7.7056 ], [ -73.3714, -7.7394 ], [ -73.3677, -7.7768 ], [ -73.3972, -7.8 ], [ -73.413, -7.8915 ], [ -73.4617, -7.9552 ], [ -73.5091, -7.9843 ], [ -73.5073, -8.0551 ], [ -73.488, -8.0802 ], [ -73.4058, -8.0816 ], [ -73.3841, -8.1046 ], [ -73.3773, -8.1187 ], [ -73.4069, -8.1687 ], [ -73.3968, -8.2326 ], [ -73.3822, -8.2371 ], [ -73.2473, -8.2473 ], [ -73.1889, -8.2298 ], [ -73.1723, -8.245 ], [ -73.0969, -8.2535 ], [ -73.0387, -8.2287 ], [ -72.9467, -8.2168 ], [ -72.9449, -8.2007 ], [ -72.8911, -8.1827 ], [ -72.8138, -8.4098 ], [ -72.8304, -8.396 ], [ -72.8139, -8.4279 ], [ -72.827, -8.4252 ], [ -72.8213, -8.4388 ], [ -72.8376, -8.4523 ], [ -72.8247, -8.4604 ], [ -72.8444, -8.4588 ], [ -72.8366, -8.4712 ], [ -72.8563, -8.5008 ], [ -72.8371, -8.5045 ], [ -72.8478, -8.5153 ], [ -72.8352, -8.5281 ], [ -72.8144, -8.5263 ], [ -72.804, -8.5583 ], [ -72.825, -8.5651 ], [ -72.8114, -8.5863 ], [ -72.8193, -8.5776 ], [ -72.8518, -8.6108 ], [ -72.8322, -8.6325 ], [ -72.8376, -8.6551 ], [ -72.7974, -8.6768 ], [ -72.8216, -8.6983 ], [ -72.8079, -8.7106 ], [ -72.8371, -8.7485 ], [ -72.8223, -8.7575 ], [ -72.833, -8.7827 ], [ -72.7908, -8.7966 ], [ -72.807, -8.8317 ], [ -72.7803, -8.8181 ], [ -72.763, -8.8337 ], [ -72.7822, -8.8385 ], [ -72.764, -8.8553 ], [ -72.7806, -8.8546 ], [ -72.7698, -8.8595 ], [ -72.7826, -8.9001 ], [ -72.8734, -8.9393 ], [ -72.859, -9.0089 ], [ -72.9398, -9.065 ], [ -72.9573, -9.011 ], [ -72.938, -8.9875 ], [ -72.9694, -8.9767 ], [ -72.9996, -8.9155 ], [ -73.0568, -8.907 ], [ -73.154, -8.7099 ], [ -73.1803, -8.6847 ], [ -73.2511, -8.6846 ], [ -73.2926, -8.6576 ], [ -73.3202, -8.6101 ], [ -73.3416, -8.6161 ], [ -73.3316, -8.4722 ], [ -73.3894, -8.4688 ], [ -73.4127, -8.411 ], [ -73.4796, -8.3925 ], [ -73.5372, -8.3459 ], [ -73.53, -8.2725 ], [ -73.594, -8.2058 ], [ -73.5832, -8.1276 ], [ -73.6277, -8.0604 ], [ -73.6164, -8.034 ], [ -73.6462, -8.0034 ], [ -73.6773, -8.0052 ], [ -73.695, -7.9593 ], [ -73.7275, -7.9653 ], [ -73.7457, -7.9504 ], [ -73.7405, -7.9291 ], [ -73.7717, -7.9035 ], [ -73.7482, -7.8953 ], [ -73.7635, -7.8601 ], [ -73.7073, -7.8763 ], [ -73.6807, -7.8519 ], [ -73.6797, -7.7814 ], [ -73.7161, -7.7415 ], [ -73.821, -7.7176 ], [ -73.8376, -7.6683 ], [ -73.8645, -7.6754 ], [ -73.8858, -7.6338 ] ] ] } },
{ "type": "Feature", "properties": { "tipo": "UC", "nome": "FLORESTA NACIONAL DE HUMAITÁ" }, "geometry": { "type": "Polygon", "coordinates": [ [ [ -62.9593, -7.5543 ], [ -62.6736, -7.6715 ], [ -62.4474, -7.8305 ], [ -62.2753, -7.9267 ], [ -62.2636, -7.907 ], [ -62.1669, -7.9288 ], [ -62.167, -8.674 ], [ -62.1997, -8.6436 ], [ -62.1746, -8.6336 ], [ -62.1875, -8.5956 ], [ -62.2664, -8.5738 ], [ -62.2933, -8.5956 ], [ -62.284, -8.6395 ], [ -62.3383, -8.6063 ], [ -62.3265, -8.567 ], [ -62.3354, -8.5193 ], [ -62.3661, -8.4966 ], [ -62.3633, -8.3919 ], [ -62.3971, -8.3738 ], [ -62.4367, -8.3837 ], [ -62.4668, -8.339 ], [ -62.5205, -8.3862 ], [ -62.5339, -8.3571 ], [ -62.5477, -8.3641 ], [ -62.5567, -8.284 ], [ -62.598, -8.2765 ], [ -62.6187, -8.2437 ], [ -62.6482, -8.2376 ], [ -62.6557, -8.2016 ], [ -62.6854, -8.1764 ], [ -62.6704, -8.1408 ], [ -62.6809, -8.1007 ], [ -62.745, -8.0422 ], [ -62.7787, -8.0319 ], [ -62.7979, -7.8812 ], [ -62.8777, -7.8813 ], [ -62.9055, -7.8463 ], [ -62.9075, -7.7888 ], [ -62.9448, -7.7544 ], [ -62.8905, -7.6191 ], [ -62.9059, -7.5913 ], [ -62.9484, -7.5828 ], [ -62.9593, -7.5543 ] ] ] } },
{ "type": "Feature", "properties": { "tipo": "UC", "nome": "PARQUE ESTADUAL CRISTALINO" }, "geometry": { "type": "Polygon", "coordinates": [ [ [ -55.8919, -9.4321 ], [ -55.3782, -9.4736 ], [ -55.3792, -9.5088 ], [ -55.6274, -9.5413 ], [ -55.7811, -9.4949 ], [ -55.8041, -9.5555 ], [ -55.8962, -9.5296 ], [ -55.9565, -9.6116 ], [ -56.053, -9.6426 ], [ -55.8919, -9.4321 ] ] ] } },
{ "type": "Feature", "properties": { "tipo": "UC", "nome": "PARQUE ESTADUAL SUMAÚMA" }, "geometry": { "type": "Polygon", "coordinates": [ [ [ -59.9771, -3.0405 ], [ -59.9838, -3.0303 ], [ -59.976, -3.0309 ], [ -59.9771, -3.0405 ] ] ] } },
{ "type": "Feature", "properties": { "tipo": "UC", "nome": "ÁREA DE PROTEÇÃO AMBIENTAL TRIUNFO DO XINGU" }, "geometry": { "type": "Polygon", "coordinates": [ [ [ -52.7576, -6.0772 ], [ -52.6593, -6.049 ], [ -52.6179, -6.0174 ], [ -52.6033, -6.0291 ], [ -52.5756, -6.0879 ], [ -52.5143, -6.1478 ], [ -52.5113, -6.2086 ], [ -52.4937, -6.2207 ], [ -52.5005, -6.2725 ], [ -52.48, -6.3143 ], [ -52.4047, -6.3529 ], [ -52.3361, -6.448 ], [ -52.3375, -6.4769 ], [ -52.2798, -6.5624 ], [ -52.2224, -6.5938 ], [ -52.1399, -6.5537 ], [ -52.1151, -6.5619 ], [ -52.09, -6.5499 ], [ -52.0612, -6.6121 ], [ -51.9786, -6.7064 ], [ -51.994, -6.7245 ], [ -52.0155, -6.8466 ], [ -52.0486, -6.8864 ], [ -52.1042, -6.8922 ], [ -52.1352, -6.9275 ], [ -52.315, -6.9381 ], [ -52.4077, -7.0023 ], [ -52.4227, -6.9953 ], [ -52.4525, -7.0369 ], [ -52.4652, -7.1019 ], [ -52.4962, -7.1219 ], [ -52.5206, -7.1111 ], [ -52.5678, -7.1916 ], [ -52.5971, -7.2136 ], [ -52.6248, -7.1913 ], [ -52.6408, -7.1961 ], [ -52.6532, -7.1662 ], [ -52.661, -7.186 ], [ -52.6936, -7.1692 ], [ -52.6974, -7.1983 ], [ -52.7186, -7.176 ], [ -52.735, -7.1881 ], [ -52.7388, -7.1668 ], [ -52.7707, -7.1847 ], [ -52.7961, -7.1732 ], [ -52.8027, -7.1871 ], [ -52.8287, -7.1695 ], [ -52.8539, -7.1938 ], [ -52.9061, -7.1477 ], [ -52.918, -7.1598 ], [ -52.9314, -7.1139 ], [ -52.9515, -7.1073 ], [ -52.9467, -7.0948 ], [ -52.9926, -7.0487 ], [ -52.9332, -6.9963 ], [ -52.8715, -6.9768 ], [ -52.8903, -6.9607 ], [ -52.8729, -6.7948 ], [ -53.0027, -6.7328 ], [ -53.0508, -6.6179 ], [ -53.1447, -6.6777 ], [ -53.2528, -6.6294 ], [ -53.2999, -6.63 ], [ -53.3453, -6.6042 ], [ -53.3923, -6.6079 ], [ -53.4285, -6.5611 ], [ -53.5217, -6.5765 ], [ -53.5285, -6.6588 ], [ -53.5905, -6.7074 ], [ -53.6557, -6.6957 ], [ -53.6589, -6.6715 ], [ -53.6248, -6.6482 ], [ -53.6229, -6.487 ], [ -53.6898, -6.4804 ], [ -53.7218, -6.3071 ], [ -53.6796, -6.1944 ], [ -53.7125, -6.1676 ], [ -53.7204, -6.1842 ], [ -53.7399, -6.1744 ], [ -53.7648, -6.1883 ], [ -53.7901, -6.1639 ], [ -53.8078, -6.1732 ], [ -53.8074, -6.1605 ], [ -53.8388, -6.1518 ], [ -53.8508, -6.1148 ], [ -53.8892, -6.13 ], [ -53.9172, -6.1205 ], [ -53.924, -6.1056 ], [ -53.908, -6.1064 ], [ -53.9387, -6.0065 ], [ -53.932, -5.8741 ], [ -53.911, -5.8202 ], [ -53.8541, -5.8104 ], [ -53.8523, -5.7733 ], [ -53.8366, -5.7595 ], [ -53.7974, -5.7613 ], [ -53.7966, -5.7152 ], [ -53.6871, -5.6184 ], [ -53.5613, -5.6213 ], [ -53.4315, -5.6871 ], [ -53.4146, -5.7179 ], [ -53.3729, -5.7288 ], [ -53.3611, -5.7664 ], [ -53.2988, -5.81 ], [ -53.2622, -5.8071 ], [ -53.2834, -5.9467 ], [ -53.1579, -6.0622 ], [ -53.0991, -6.0857 ], [ -53.0535, -6.0795 ], [ -52.9648, -6.1291 ], [ -52.8583, -6.1371 ], [ -52.8068, -6.1377 ], [ -52.7576, -6.0772 ] ] ] } },
{ "type": "Feature", "properties": { "tipo": "UC", "nome": "PARQUE ESTADUAL SERRA DO ARACÁ" }, "geometry": { "type": "Polygon", "coordinates": [ [ [ -63.3794, 2.2343 ], [ -63.2655, 2.1483 ], [ -63.1692, 2.1761 ], [ -63.1183, 2.1669 ], [ -63.1036, 2.0994 ], [ -63.0342, 2.0238 ], [ -63.0, 2.0083 ], [ -62.9219, 2.0264 ], [ -62.8225, 2.0102 ], [ -62.7067, 1.9544 ], [ -62.6825, 1.9227 ], [ -62.7186, 1.8036 ], [ -62.708, 1.7075 ], [ -62.801, 1.6148 ], [ -62.7096, 1.4804 ], [ -62.7468, 1.2387 ], [ -62.7159, 1.208 ], [ -62.7124, 1.1428 ], [ -62.7277, 1.1208 ], [ -62.7167, 1.0826 ], [ -62.8094, 0.9436 ], [ -62.9005, 0.7458 ], [ -63.0047, 0.7928 ], [ -63.1773, 0.7551 ], [ -63.2401, 0.8276 ], [ -63.32, 0.8523 ], [ -63.3512, 0.8225 ], [ -63.3387, 0.7791 ], [ -63.3757, 0.7092 ], [ -63.4285, 0.7381 ], [ -63.5306, 0.855 ], [ -63.524, 0.971 ], [ -63.4973, 1.0258 ], [ -63.507, 1.0622 ], [ -63.571, 1.1015 ], [ -63.6132, 1.0982 ], [ -63.6359, 1.1242 ], [ -64.1314, 1.2541 ], [ -64.2245, 1.4834 ], [ -64.2281, 1.5068 ], [ -64.1832, 1.5331 ], [ -64.1698, 1.5742 ], [ -64.1255, 1.578 ], [ -64.0539, 1.6711 ], [ -64.0774, 1.7589 ], [ -64.0524, 1.809 ], [ -64.0688, 1.8615 ], [ -64.0573, 1.9294 ], [ -63.9726, 1.9907 ], [ -63.8922, 1.9888 ], [ -63.8456, 1.9644 ], [ -63.8184, 1.9913 ], [ -63.754, 1.9858 ], [ -63.7374, 2.0186 ], [ -63.6994, 2.0442 ], [ -63.6895, 2.0211 ], [ -63.6632, 2.0195 ], [ -63.6535, 2.0708 ], [ -63.631, 2.0725 ], [ -63.591, 2.1237 ], [ -63.5348, 2.133 ], [ -63.4951, 2.1091 ], [ -63.47, 2.1419 ], [ -63.4368, 2.1232 ], [ -63.3933, 2.1481 ], [ -63.3955, 2.1965 ], [ -63.3716, 2.2115 ], [ -63.3794, 2.2343 ] ] ] } },
{ "type": "Feature", "properties": { "tipo": "UC", "nome": "RESERVA BIOLÓGICA DO RIO TROMBETAS" }, "geometry": { "type": "Polygon", "coordinates": [ [ [ -56.7476, -0.6523 ], [ -56.6468, -0.7757 ], [ -56.6365, -0.8703 ], [ -56.6163, -0.8825 ], [ -56.605, -0.9374 ], [ -56.5759, -0.9612 ], [ -56.5789, -0.9814 ], [ -56.54, -1.0366 ], [ -56.504, -1.0498 ], [ -56.5012, -1.0742 ], [ -56.4898, -1.0599 ], [ -56.4466, -1.0694 ], [ -56.4497, -1.0905 ], [ -56.4209, -1.1175 ], [ -56.4267, -1.1386 ], [ -56.4119, -1.1318 ], [ -56.397, -1.1521 ], [ -56.3773, -1.1359 ], [ -56.3567, -1.1513 ], [ -56.3569, -1.2909 ], [ -56.3437, -1.2898 ], [ -56.3351, -1.3123 ], [ -56.3448, -1.3346 ], [ -56.3332, -1.43 ], [ -56.3079, -1.4383 ], [ -56.3054, -1.4632 ], [ -56.2936, -1.4572 ], [ -56.3046, -1.4874 ], [ -56.3462, -1.4634 ], [ -56.4002, -1.4566 ], [ -56.4192, -1.413 ], [ -56.442, -1.4045 ], [ -56.578, -1.4665 ], [ -56.6073, -1.4654 ], [ -56.653, -1.4275 ], [ -56.7351, -1.4639 ], [ -56.8222, -1.4582 ], [ -56.8525, -1.426 ], [ -56.8501, -1.3979 ], [ -56.8696, -1.3805 ], [ -56.8583, -1.3772 ], [ -56.9319, -1.2313 ], [ -56.9986, -1.1724 ], [ -57.0221, -1.1058 ], [ -57.0495, -1.0889 ], [ -57.014, -1.0038 ], [ -56.904, -0.908 ], [ -56.8235, -0.7074 ], [ -56.8145, -0.7163 ], [ -56.7949, -0.679 ], [ -56.7476, -0.6523 ] ] ] } },
{ "type": "Feature", "properties": { "tipo": "UC", "nome": "PARQUE NACIONAL DO JURUENA" }, "geometry": { "type": "Polygon", "coordinates": [ [ [ -58.7778, -9.0457 ], [ -58.8268, -9.0128 ], [ -58.8529, -9.0167 ], [ -58.891, -8.9818 ], [ -58.935, -8.973 ], [ -59.0185, -8.9069 ], [ -59.0098, -8.8965 ], [ -59.0267, -8.8594 ], [ -59.1282, -8.8021 ], [ -58.4468, -8.8034 ], [ -58.3292, -8.7229 ], [ -58.3521, -8.7061 ], [ -58.4113, -8.7243 ], [ -58.4482, -8.7127 ], [ -58.391, -8.6014 ], [ -58.4125, -8.5762 ], [ -58.4201, -8.4944 ], [ -58.3548, -8.3923 ], [ -58.35, -8.3446 ], [ -58.3172, -8.3251 ], [ -58.3327, -8.2865 ], [ -58.3272, -8.2149 ], [ -58.314, -8.207 ], [ -58.3248, -8.1707 ], [ -58.3159, -8.1437 ], [ -58.2897, -8.1273 ], [ -58.2905, -8.0826 ], [ -58.3171, -8.0514 ], [ -58.333, -7.9722 ], [ -58.3815, -7.9073 ], [ -58.3881, -7.8387 ], [ -58.3808, -7.8165 ], [ -58.2975, -7.7691 ], [ -58.2715, -7.6816 ], [ -58.2068, -7.6204 ], [ -58.2286, -7.5004 ], [ -58.2001, -7.418 ], [ -59.3667, -7.9333 ], [ -59.3477, -7.8443 ], [ -59.3052, -7.8077 ], [ -59.3511, -7.7272 ], [ -59.3273, -7.6685 ], [ -59.3309, -7.6288 ], [ -59.2917, -7.5853 ], [ -59.2809, -7.5164 ], [ -59.2928, -7.4822 ], [ -59.2395, -7.4036 ], [ -59.236, -7.3432 ], [ -59.1774, -7.3593 ], [ -59.1544, -7.3185 ], [ -59.0883, -7.3306 ], [ -59.0415, -7.2879 ], [ -59.0377, -7.2519 ], [ -58.9504, -7.2365 ], [ -58.9362, -7.2218 ], [ -58.9535, -7.1656 ], [ -58.9252, -7.137 ], [ -58.94, -7.0887 ], [ -58.9232, -7.057 ], [ -58.9652, -7.0289 ], [ -58.9466, -7.0127 ], [ -58.9381, -7.0278 ], [ -58.8759, -7.0386 ], [ -58.8682, -7.0128 ], [ -58.8089, -6.9758 ], [ -58.7497, -6.9805 ], [ -58.7281, -6.9653 ], [ -58.7243, -6.9351 ], [ -58.6777, -6.9402 ], [ -58.6691, -6.8943 ], [ -58.6489, -6.8815 ], [ -58.6134, -6.9092 ], [ -58.5612, -6.9055 ], [ -58.5174, -6.9595 ], [ -58.4951, -6.9533 ], [ -58.4641, -6.9708 ], [ -58.4315, -7.0221 ], [ -58.4044, -7.0356 ], [ -58.3609, -7.0252 ], [ -58.3503, -6.989 ], [ -58.3334, -7.0003 ], [ -58.2878, -7.0807 ], [ -58.2522, -7.0865 ], [ -58.2144, -7.1323 ], [ -58.1798, -7.2088 ], [ -58.1904, -7.2603 ], [ -58.1748, -7.2897 ], [ -58.1966, -7.3611 ], [ -58.151, -7.3843 ], [ -58.1219, -7.356 ], [ -58.0498, -7.4237 ], [ -57.9739, -7.5404 ], [ -57.9445, -7.6459 ], [ -57.9116, -7.6877 ], [ -57.8407, -7.8893 ], [ -57.9459, -8.0021 ], [ -57.9397, -8.0649 ], [ -57.9546, -8.0796 ], [ -57.9347, -8.1502 ], [ -57.8968, -8.1714 ], [ -57.9232, -8.1896 ], [ -57.9274, -8.2183 ], [ -57.8642, -8.2808 ], [ -57.8673, -8.3051 ], [ -57.897, -8.3244 ], [ -57.8559, -8.3895 ], [ -57.826, -8.5373 ], [ -57.8343, -8.5837 ], [ -57.8674, -8.6093 ], [ -57.8813, -8.6661 ], [ -57.8667, -8.6939 ], [ -57.8963, -8.7045 ], [ -57.9016, -8.7651 ], [ -57.8763, -8.7924 ], [ -57.8588, -8.7848 ], [ -57.7863, -8.8182 ], [ -57.7626, -8.8541 ], [ -57.7108, -8.8506 ], [ -57.6647, -8.8874 ], [ -57.7108, -8.9144 ], [ -57.7386, -8.9565 ], [ -57.7813, -8.9466 ], [ -57.8051, -8.9616 ], [ -57.7894, -9.0103 ], [ -57.809, -9.0377 ], [ -57.7274, -9.0921 ], [ -57.7212, -9.1382 ], [ -57.8712, -9.136 ], [ -57.9395, -9.1125 ], [ -58.0215, -9.1523 ], [ -58.0926, -9.1664 ], [ -58.1926, -9.1411 ], [ -58.261, -9.0997 ], [ -58.2774, -9.1311 ], [ -58.3533, -9.1506 ], [ -58.3989, -9.2002 ], [ -58.5317, -9.1323 ], [ -58.5761, -9.0448 ], [ -58.6136, -9.0882 ], [ -58.6258, -9.0414 ], [ -58.7778, -9.0457 ] ] ] } },
{ "type": "Feature", "properties": { "tipo": "UC", "nome": "FLORESTA ESTADUAL DE RENDIMENTO SUSTENTADO MUTUM" }, "geometry": { "type": "Polygon", "coordinates": [ [ [ -62.4765, -9.3616 ], [ -62.4765, -9.4356 ], [ -62.4952, -9.4356 ], [ -62.4949, -9.5253 ], [ -62.5988, -9.5253 ], [ -62.5873, -9.4777 ], [ -62.5373, -9.4705 ], [ -62.5497, -9.4484 ], [ -62.5345, -9.4415 ], [ -62.5364, -9.4136 ], [ -62.5099, -9.4055 ], [ -62.5001, -9.3716 ], [ -62.4765, -9.3616 ] ] ] } },
{ "type": "Feature", "properties": { "tipo": "UC", "nome": "RESERVA EXTRATIVISTA RIO OURO PRETO" }, "geometry": { "type": "MultiPolygon", "coordinates": [ [ [ [ -65.1003, -10.9235 ], [ -65.1008, -10.9239 ], [ -65.1016, -10.9239 ], [ -65.1003, -10.9235 ] ] ], [ [ [ -64.7815, -10.5882 ], [ -64.7223, -10.5933 ], [ -64.7121, -10.6114 ], [ -64.7283, -10.6196 ], [ -64.7288, -10.6477 ], [ -64.6744, -10.6291 ], [ -64.5765, -10.6276 ], [ -64.5834, -10.6134 ], [ -64.4723, -10.6072 ], [ -64.4722, -10.6762 ], [ -64.4299, -10.685 ], [ -64.4299, -10.7212 ], [ -64.4079, -10.7211 ], [ -64.4078, -10.7573 ], [ -64.3667, -10.7572 ], [ -64.4106, -10.7923 ], [ -64.4114, -10.8249 ], [ -64.4471, -10.8353 ], [ -64.4122, -10.8417 ], [ -64.3778, -10.8258 ], [ -64.3712, -10.9032 ], [ -64.435, -10.9036 ], [ -64.4352, -10.8447 ], [ -64.5033, -10.8585 ], [ -64.5032, -10.9036 ], [ -64.572, -10.9037 ], [ -64.572, -10.8766 ], [ -64.618, -10.8676 ], [ -64.618, -10.8495 ], [ -64.6417, -10.8403 ], [ -64.6874, -10.8403 ], [ -64.7104, -10.8584 ], [ -64.8245, -10.8495 ], [ -64.8244, -10.8829 ], [ -64.8555, -10.8523 ], [ -64.8613, -10.8716 ], [ -64.8698, -10.8546 ], [ -64.8896, -10.8781 ], [ -64.8755, -10.8505 ], [ -64.8911, -10.8422 ], [ -64.9861, -10.899 ], [ -65.0405, -10.9882 ], [ -65.1523, -11.0635 ], [ -65.1643, -11.0558 ], [ -65.2204, -10.9919 ], [ -65.2045, -10.9673 ], [ -65.1477, -10.9987 ], [ -65.1407, -10.9565 ], [ -65.1008, -10.9557 ], [ -65.1008, -10.9239 ], [ -65.0807, -10.936 ], [ -65.046, -10.9149 ], [ -65.0842, -10.9137 ], [ -65.0758, -10.9041 ], [ -65.1469, -10.8473 ], [ -65.1148, -10.8323 ], [ -65.1223, -10.8164 ], [ -65.0151, -10.7525 ], [ -65.0162, -10.7193 ], [ -65.0428, -10.7237 ], [ -65.0353, -10.7003 ], [ -64.9964, -10.7034 ], [ -64.9976, -10.7526 ], [ -64.9827, -10.7252 ], [ -64.9793, -10.7398 ], [ -64.9648, -10.7356 ], [ -64.9855, -10.6904 ], [ -64.9477, -10.7043 ], [ -64.953, -10.723 ], [ -64.9017, -10.7087 ], [ -64.9391, -10.6694 ], [ -64.9092, -10.6116 ], [ -64.7819, -10.6063 ], [ -64.7815, -10.5882 ] ] ], [ [ [ -65.0201, -10.7504 ], [ -65.0204, -10.7503 ], [ -65.0205, -10.7498 ], [ -65.0201, -10.7504 ] ] ] ] } },
{ "type": "Feature", "properties": { "tipo": "UC", "nome": "PARQUE ESTADUAL IGARAPÉS DO JURUENA" }, "geometry": { "type": "Polygon", "coordinates": [ [ [ -58.4462, -8.8011 ], [ -58.5063, -8.8934 ], [ -58.5642, -8.8823 ], [ -58.5567, -8.913 ], [ -58.5733, -8.927 ], [ -58.556, -8.9389 ], [ -58.6072, -9.0027 ], [ -59.4268, -8.9996 ], [ -59.4697, -8.9125 ], [ -59.4136, -8.8016 ], [ -58.4462, -8.8011 ] ] ] } },
{ "type": "Feature", "properties": { "tipo": "UC", "nome": "ESTAÇÃO ECOLÓGICA DA TERRA DO MEIO" }, "geometry": { "type": "Polygon", "coordinates": [ [ [ -53.6423, -4.5576 ], [ -53.6555, -4.5648 ], [ -53.6742, -4.5473 ], [ -53.6424, -4.517 ], [ -53.6747, -4.488 ], [ -53.6673, -4.4421 ], [ -53.5814, -4.3682 ], [ -53.5376, -4.3983 ], [ -53.4972, -4.3842 ], [ -53.4703, -4.2833 ], [ -53.4303, -4.246 ], [ -53.3943, -4.2372 ], [ -53.3945, -4.1898 ], [ -53.3628, -4.1217 ], [ -53.268, -4.2031 ], [ -53.2045, -4.2881 ], [ -53.0533, -4.373 ], [ -53.0378, -4.4269 ], [ -52.9906, -4.3686 ], [ -52.8663, -4.3178 ], [ -52.7469, -4.3261 ], [ -52.7332, -4.3674 ], [ -52.8304, -4.4151 ], [ -52.8698, -4.5711 ], [ -52.9766, -4.8264 ], [ -53.0563, -4.9425 ], [ -53.0741, -5.0353 ], [ -53.0405, -5.3461 ], [ -52.9894, -5.4804 ], [ -53.0156, -5.5073 ], [ -53.012, -5.5332 ], [ -53.0363, -5.5499 ], [ -53.0732, -5.5442 ], [ -53.1343, -5.562 ], [ -53.2103, -5.5431 ], [ -53.2703, -5.4907 ], [ -53.3252, -5.5364 ], [ -53.3595, -5.5429 ], [ -53.3489, -5.5568 ], [ -53.373, -5.5639 ], [ -53.3834, -5.5935 ], [ -53.4151, -5.6007 ], [ -53.4495, -5.6559 ], [ -53.4427, -5.6807 ], [ -53.5609, -5.6209 ], [ -53.6867, -5.6181 ], [ -53.7962, -5.7149 ], [ -53.797, -5.7609 ], [ -53.8362, -5.7591 ], [ -53.8518, -5.7729 ], [ -53.8536, -5.81 ], [ -53.9105, -5.8199 ], [ -53.9315, -5.8738 ], [ -53.9382, -6.0061 ], [ -53.9075, -6.106 ], [ -53.9235, -6.1052 ], [ -53.9167, -6.1201 ], [ -53.8887, -6.1296 ], [ -53.8503, -6.1144 ], [ -53.8384, -6.1514 ], [ -53.8069, -6.1601 ], [ -53.8073, -6.1728 ], [ -53.7896, -6.1635 ], [ -53.7644, -6.1879 ], [ -53.7395, -6.174 ], [ -53.7199, -6.1838 ], [ -53.712, -6.1672 ], [ -53.6791, -6.194 ], [ -53.7214, -6.3067 ], [ -53.6893, -6.4801 ], [ -53.6225, -6.4866 ], [ -53.6243, -6.6478 ], [ -53.6585, -6.6711 ], [ -53.6552, -6.6953 ], [ -53.5901, -6.707 ], [ -53.528, -6.6584 ], [ -53.5212, -6.5761 ], [ -53.428, -6.5607 ], [ -53.3918, -6.6075 ], [ -53.3449, -6.6038 ], [ -53.2995, -6.6296 ], [ -53.2524, -6.6291 ], [ -53.1442, -6.6773 ], [ -53.0504, -6.6175 ], [ -53.0022, -6.7325 ], [ -52.8768, -6.7831 ], [ -52.8685, -6.8219 ], [ -52.8898, -6.9603 ], [ -52.8711, -6.9764 ], [ -52.9327, -6.996 ], [ -52.9932, -7.049 ], [ -52.9663, -7.081 ], [ -53.0114, -7.0937 ], [ -53.0817, -7.0855 ], [ -53.1243, -7.2167 ], [ -53.2018, -7.2614 ], [ -53.3798, -7.177 ], [ -53.4054, -7.208 ], [ -53.4372, -7.1981 ], [ -53.4805, -7.2455 ], [ -53.5839, -7.2147 ], [ -53.6736, -7.2489 ], [ -53.6971, -7.2161 ], [ -53.6902, -7.1724 ], [ -53.7109, -7.1658 ], [ -53.763, -7.2697 ], [ -53.7947, -7.2652 ], [ -53.8417, -7.3536 ], [ -53.8656, -7.3403 ], [ -53.8923, -7.2762 ], [ -53.9403, -7.2483 ], [ -53.9377, -7.1571 ], [ -54.0139, -7.1195 ], [ -54.0074, -7.0326 ], [ -54.0205, -6.9869 ], [ -54.0476, -6.9721 ], [ -54.0515, -6.9228 ], [ -54.0711, -6.9186 ], [ -54.1401, -6.8367 ], [ -54.1553, -6.8502 ], [ -54.1751, -6.8375 ], [ -54.1566, -6.8192 ], [ -54.1833, -6.7946 ], [ -54.1564, -6.7509 ], [ -54.1892, -6.7082 ], [ -54.1688, -6.6977 ], [ -54.1605, -6.6295 ], [ -54.1904, -6.5878 ], [ -54.1537, -6.5563 ], [ -54.1536, -6.5219 ], [ -54.2846, -6.5266 ], [ -54.345, -6.4546 ], [ -54.2743, -6.3883 ], [ -54.3806, -5.983 ], [ -54.3754, -5.8684 ], [ -54.3956, -5.8369 ], [ -54.3858, -5.8116 ], [ -54.4343, -5.7222 ], [ -54.398, -5.5744 ], [ -54.4301, -5.479 ], [ -54.3517, -5.4734 ], [ -54.3745, -5.4226 ], [ -54.4064, -5.4128 ], [ -54.3624, -5.3987 ], [ -54.353, -5.3778 ], [ -54.3137, -5.3791 ], [ -54.3434, -5.1898 ], [ -54.3861, -5.0873 ], [ -54.3883, -5.0158 ], [ -54.433, -4.9188 ], [ -54.4031, -4.8835 ], [ -54.3823, -4.7866 ], [ -54.197, -4.753 ], [ -54.044, -4.7565 ], [ -53.8747, -4.6283 ], [ -53.63, -4.5925 ], [ -53.6199, -4.5794 ], [ -53.6423, -4.5576 ] ] ] } },
{ "type": "Feature", "properties": { "tipo": "UC", "nome": "ÁREA DE PROTEÇÃO AMBIENTAL DO JUÁ" }, "geometry": { "type": "Polygon", "coordinates": [ [ [ -54.7882, -2.4442 ], [ -54.7813, -2.4331 ], [ -54.7701, -2.4357 ], [ -54.7704, -2.4403 ], [ -54.7882, -2.4442 ] ] ] } },
{ "type": "Feature", "properties": { "tipo": "UC", "nome": "ÁREA DE PROTEÇÃO AMBIENTAL DO RIO PRETO" }, "geometry": { "type": "MultiPolygon", "coordinates": [ [ [ [ -46.0737, -10.6037 ], [ -46.0665, -10.6038 ], [ -46.076, -10.6041 ], [ -46.0737, -10.6037 ] ] ], [ [ [ -45.8186, -10.3612 ], [ -45.8206, -10.3624 ], [ -45.8185, -10.3609 ], [ -45.8186, -10.3612 ] ] ], [ [ [ -45.8051, -10.3546 ], [ -45.8047, -10.355 ], [ -45.8173, -10.3601 ], [ -45.8051, -10.3546 ] ] ], [ [ [ -45.7511, -10.352 ], [ -45.7808, -10.351 ], [ -45.7849, -10.3513 ], [ -45.7805, -10.3508 ], [ -45.7536, -10.3519 ], [ -45.7478, -10.3496 ], [ -45.7511, -10.352 ] ] ], [ [ [ -45.7374, -10.3401 ], [ -45.7387, -10.3428 ], [ -45.7413, -10.3447 ], [ -45.7374, -10.3401 ] ] ], [ [ [ -45.7095, -10.2752 ], [ -45.7125, -10.2811 ], [ -45.7133, -10.2824 ], [ -45.7095, -10.2752 ] ] ], [ [ [ -45.7134, -10.1677 ], [ -45.7025, -10.1773 ], [ -45.7155, -10.1673 ], [ -45.7134, -10.1677 ] ] ] ] } },
{ "type": "Feature", "properties": { "tipo": "UC", "nome": "ESTAÇÃO ECOLÓGICA JUAMI-JAPURÁ" }, "geometry": { "type": "Polygon", "coordinates": [ [ [ -67.5, -1.8667 ], [ -67.5196, -1.8888 ], [ -67.5748, -1.8819 ], [ -67.6759, -1.8998 ], [ -67.7512, -1.9797 ], [ -67.8154, -2.0027 ], [ -67.8467, -2.0636 ], [ -67.8965, -2.0817 ], [ -67.9431, -2.1464 ], [ -67.988, -2.1534 ], [ -68.0333, -2.2109 ], [ -68.0703, -2.2053 ], [ -68.1577, -2.2596 ], [ -68.1882, -2.2967 ], [ -68.1735, -2.3445 ], [ -68.1996, -2.3658 ], [ -68.2333, -2.3667 ], [ -68.2391, -2.5517 ], [ -68.3077, -2.5297 ], [ -68.3568, -2.6159 ], [ -68.4021, -2.6193 ], [ -68.4829, -2.5934 ], [ -68.5389, -2.6039 ], [ -68.5621, -2.6557 ], [ -68.6121, -2.6464 ], [ -68.6528, -2.7115 ], [ -68.7629, -2.7776 ], [ -68.8051, -2.778 ], [ -68.8397, -2.8055 ], [ -68.8788, -2.793 ], [ -68.9565, -2.8157 ], [ -68.9999, -2.781 ], [ -69.0562, -2.8406 ], [ -69.1396, -2.7342 ], [ -69.1729, -2.7355 ], [ -69.1949, -2.5937 ], [ -69.0549, -2.4605 ], [ -68.9508, -2.4168 ], [ -68.8158, -2.4338 ], [ -68.8118, -2.4016 ], [ -68.7728, -2.3762 ], [ -68.7978, -2.3341 ], [ -68.7676, -2.3091 ], [ -68.7121, -2.2886 ], [ -68.5853, -2.299 ], [ -68.538, -2.2794 ], [ -68.5209, -2.2375 ], [ -68.4656, -2.2268 ], [ -68.5045, -2.1625 ], [ -68.4805, -2.1121 ], [ -68.4196, -2.0786 ], [ -68.4271, -2.0298 ], [ -68.4126, -1.9993 ], [ -68.3132, -1.962 ], [ -68.1869, -1.8469 ], [ -68.1666, -1.7938 ], [ -68.1828, -1.7365 ], [ -68.1638, -1.6501 ], [ -67.8654, -1.6612 ], [ -67.8022, -1.6439 ], [ -67.7237, -1.6605 ], [ -67.6688, -1.7137 ], [ -67.5023, -1.7964 ], [ -67.5, -1.8667 ] ] ] } },
{ "type": "Feature", "properties": { "tipo": "UC", "nome": "RESERVA DE DESENVOLVIMENTO SUSTENTÁVEL CUJUBIM" }, "geometry": { "type": "Polygon", "coordinates": [ [ [ -69.4336, -5.3533 ], [ -69.4116, -5.3367 ], [ -69.5437, -5.2411 ], [ -69.5195, -5.1496 ], [ -69.471, -5.1225 ], [ -69.4265, -5.0384 ], [ -69.4293, -4.9646 ], [ -69.3787, -4.9974 ], [ -69.3571, -4.9873 ], [ -69.3302, -5.0046 ], [ -69.2807, -4.9801 ], [ -69.1956, -4.8462 ], [ -69.1289, -4.8167 ], [ -69.0209, -4.6772 ], [ -68.9112, -4.646 ], [ -68.8695, -4.6052 ], [ -68.7883, -4.5728 ], [ -68.7589, -4.58 ], [ -68.6799, -4.5517 ], [ -68.6748, -4.5301 ], [ -68.6069, -4.5176 ], [ -68.5611, -4.4481 ], [ -68.5073, -4.4217 ], [ -68.5002, -4.3732 ], [ -68.4738, -4.3324 ], [ -68.4161, -4.3522 ], [ -68.3959, -4.3938 ], [ -68.3468, -4.431 ], [ -68.3253, -4.5868 ], [ -68.2903, -4.6491 ], [ -68.27, -4.6551 ], [ -68.2812, -4.664 ], [ -68.2376, -4.6716 ], [ -68.2068, -4.6203 ], [ -68.2087, -4.6436 ], [ -68.1796, -4.6264 ], [ -68.1785, -4.6505 ], [ -68.1526, -4.6503 ], [ -68.1331, -4.6758 ], [ -68.1322, -4.7119 ], [ -68.1475, -4.7154 ], [ -68.1353, -4.7192 ], [ -68.1397, -4.7479 ], [ -68.1249, -4.7412 ], [ -68.1191, -4.7536 ], [ -68.1199, -4.7769 ], [ -68.138, -4.7884 ], [ -68.1145, -4.8211 ], [ -68.1249, -4.8482 ], [ -68.1138, -4.8617 ], [ -68.1462, -4.8947 ], [ -68.1346, -4.9137 ], [ -68.1553, -4.9212 ], [ -68.1424, -4.9374 ], [ -68.178, -4.9365 ], [ -68.1654, -4.9703 ], [ -68.1933, -4.9735 ], [ -68.1817, -5.0061 ], [ -68.2013, -5.0347 ], [ -68.1875, -5.0412 ], [ -68.2169, -5.0441 ], [ -68.2119, -5.0876 ], [ -68.2583, -5.1203 ], [ -68.2763, -5.2379 ], [ -68.2989, -5.2482 ], [ -68.2798, -5.2885 ], [ -68.2892, -5.3139 ], [ -68.333, -5.3274 ], [ -68.339, -5.3488 ], [ -68.3255, -5.3476 ], [ -68.3233, -5.3754 ], [ -68.3332, -5.3899 ], [ -68.3483, -5.3835 ], [ -68.3536, -5.4181 ], [ -68.3963, -5.4522 ], [ -68.3707, -5.5026 ], [ -68.3924, -5.5525 ], [ -68.3765, -5.5804 ], [ -68.3865, -5.6537 ], [ -68.3688, -5.67 ], [ -68.386, -5.7096 ], [ -68.3443, -5.8176 ], [ -68.4072, -5.9353 ], [ -68.4087, -5.979 ], [ -68.4388, -5.9921 ], [ -68.4441, -6.023 ], [ -68.496, -6.0487 ], [ -68.5418, -6.1001 ], [ -68.577, -6.1004 ], [ -68.6022, -6.1248 ], [ -68.6836, -6.1507 ], [ -68.6926, -6.2493 ], [ -68.6384, -6.253 ], [ -68.65, -6.287 ], [ -68.6863, -6.3133 ], [ -68.672, -6.3279 ], [ -68.682, -6.3546 ], [ -68.663, -6.4046 ], [ -68.74, -6.4269 ], [ -68.7519, -6.3983 ], [ -68.8113, -6.3875 ], [ -68.8229, -6.4243 ], [ -68.8733, -6.4241 ], [ -68.873, -6.4007 ], [ -68.9043, -6.3606 ], [ -68.9183, -6.3587 ], [ -68.923, -6.3767 ], [ -68.9941, -6.3591 ], [ -69.0274, -6.3961 ], [ -69.1012, -6.3701 ], [ -69.149, -6.4138 ], [ -69.1803, -6.4049 ], [ -69.2251, -6.4313 ], [ -69.2365, -6.4128 ], [ -69.2099, -6.3448 ], [ -69.2752, -6.2822 ], [ -69.3113, -6.3063 ], [ -69.333, -6.361 ], [ -69.4058, -6.3534 ], [ -69.5038, -6.3981 ], [ -69.5399, -6.4652 ], [ -69.5863, -6.4652 ], [ -69.6087, -6.4377 ], [ -69.6895, -6.4342 ], [ -69.6981, -6.4187 ], [ -69.7567, -6.4372 ], [ -69.8764, -6.3832 ], [ -69.8492, -6.3444 ], [ -69.7969, -6.3457 ], [ -69.7688, -6.2627 ], [ -69.7414, -6.2422 ], [ -69.7608, -6.21 ], [ -69.7535, -6.1958 ], [ -69.6878, -6.1876 ], [ -69.5898, -6.1008 ], [ -69.5539, -6.1016 ], [ -69.5179, -6.0796 ], [ -69.4988, -6.0197 ], [ -69.4507, -5.9716 ], [ -69.4594, -5.9414 ], [ -69.4352, -5.9207 ], [ -69.4555, -5.8736 ], [ -69.4378, -5.8507 ], [ -69.4417, -5.6947 ], [ -69.3965, -5.6542 ], [ -69.4046, -5.3911 ], [ -69.4342, -5.3775 ], [ -69.4336, -5.3533 ] ] ] } },
{ "type": "Feature", "properties": { "tipo": "UC", "nome": "RESERVA EXTRATIVISTA MARINHA DE GURUPI-PIRIÁ" }, "geometry": { "type": "MultiPolygon", "coordinates": [ [ [ [ -46.345, -1.1044 ], [ -46.3436, -1.1029 ], [ -46.3454, -1.1057 ], [ -46.345, -1.1044 ] ] ], [ [ [ -46.3427, -1.1043 ], [ -46.3172, -1.0208 ], [ -46.2705, -0.9713 ], [ -46.2542, -0.9097 ], [ -46.2076, -0.8898 ], [ -46.18, -0.9257 ], [ -46.1845, -0.9467 ], [ -46.2034, -0.9386 ], [ -46.2175, -0.9594 ], [ -46.1985, -0.9566 ], [ -46.219, -0.9925 ], [ -46.2128, -1.0307 ], [ -46.1859, -1.036 ], [ -46.1654, -1.0035 ], [ -46.1432, -1.0512 ], [ -46.1598, -1.07 ], [ -46.0721, -1.1254 ], [ -46.0953, -1.1921 ], [ -46.115, -1.199 ], [ -46.1283, -1.1685 ], [ -46.1185, -1.1544 ], [ -46.1296, -1.1527 ], [ -46.1148, -1.1522 ], [ -46.1191, -1.1298 ], [ -46.1412, -1.1355 ], [ -46.1482, -1.1754 ], [ -46.181, -1.1895 ], [ -46.177, -1.1727 ], [ -46.2012, -1.1719 ], [ -46.2074, -1.1453 ], [ -46.2327, -1.1544 ], [ -46.2323, -1.1731 ], [ -46.2682, -1.1909 ], [ -46.2443, -1.2024 ], [ -46.2725, -1.224 ], [ -46.2538, -1.2307 ], [ -46.2847, -1.2556 ], [ -46.2915, -1.2985 ], [ -46.3244, -1.3037 ], [ -46.3113, -1.254 ], [ -46.2956, -1.2499 ], [ -46.308, -1.2407 ], [ -46.2979, -1.2465 ], [ -46.287, -1.1941 ], [ -46.2986, -1.1875 ], [ -46.285, -1.1926 ], [ -46.2745, -1.1634 ], [ -46.2973, -1.1771 ], [ -46.2868, -1.1484 ], [ -46.3069, -1.1248 ], [ -46.2763, -1.1294 ], [ -46.2687, -1.1184 ], [ -46.2834, -1.1226 ], [ -46.2915, -1.1109 ], [ -46.2689, -1.1153 ], [ -46.274, -1.1034 ], [ -46.2657, -1.1016 ], [ -46.2629, -1.1181 ], [ -46.24, -1.0867 ], [ -46.2542, -1.0765 ], [ -46.2529, -1.0458 ], [ -46.2697, -1.0439 ], [ -46.2585, -1.0883 ], [ -46.274, -1.0867 ], [ -46.2853, -1.0512 ], [ -46.2866, -1.0734 ], [ -46.302, -1.0678 ], [ -46.2798, -1.086 ], [ -46.2861, -1.0988 ], [ -46.3333, -1.0875 ], [ -46.3353, -1.1236 ], [ -46.3456, -1.1184 ], [ -46.3511, -1.1361 ], [ -46.3427, -1.1043 ] ] ], [ [ [ -46.3475, -1.0817 ], [ -46.348, -1.0828 ], [ -46.347, -1.0801 ], [ -46.3475, -1.0817 ] ] ], [ [ [ -46.3135, -0.9354 ], [ -46.3084, -0.9965 ], [ -46.3139, -1.0069 ], [ -46.3369, -0.9594 ], [ -46.3135, -0.9354 ] ] ], [ [ [ -46.1965, -0.9497 ], [ -46.1965, -0.9466 ], [ -46.1942, -0.9478 ], [ -46.1965, -0.9497 ] ] ], [ [ [ -46.2096, -0.9513 ], [ -46.2011, -0.9416 ], [ -46.1964, -0.9431 ], [ -46.2096, -0.9513 ] ] ], [ [ [ -46.1456, -0.9442 ], [ -46.1518, -0.93 ], [ -46.1452, -0.9312 ], [ -46.1456, -0.9442 ] ] ] ] } },
{ "type": "Feature", "properties": { "tipo": "UC", "nome": "PARQUE ESTADUAL Zé BOLO FLô" }, "geometry": { "type": "Polygon", "coordinates": [ [ [ -56.0625, -15.6344 ], [ -56.0568, -15.6279 ], [ -56.0527, -15.6338 ], [ -56.0625, -15.6344 ] ] ] } },
{ "type": "Feature", "properties": { "tipo": "UC", "nome": "ÁREA DE PROTEçãO AMBIENTAL DE UPAON-AçU / MIRITIBA / ALTO PREGUIçAS" }, "geometry": { "type": "MultiPolygon", "coordinates": [ [ [ [ -44.3302, -3.2496 ], [ -44.2993, -3.1576 ], [ -44.2818, -3.031 ], [ -44.2472, -2.9437 ], [ -44.321, -2.9348 ], [ -44.3737, -2.8918 ], [ -44.3731, -2.7732 ], [ -44.3579, -2.7602 ], [ -44.3086, -2.7735 ], [ -44.2549, -2.731 ], [ -44.2829, -2.7163 ], [ -44.2704, -2.6469 ], [ -44.2336, -2.6224 ], [ -44.2496, -2.6107 ], [ -44.1063, -2.5441 ], [ -44.1729, -2.473 ], [ -44.152, -2.4335 ], [ -44.1196, -2.4091 ], [ -44.0812, -2.425 ], [ -44.0801, -2.4133 ], [ -44.0854, -2.4096 ], [ -44.0961, -2.4071 ], [ -44.0267, -2.3998 ], [ -44.0253, -2.4511 ], [ -44.0401, -2.4488 ], [ -44.0439, -2.4372 ], [ -44.0511, -2.4301 ], [ -44.0536, -2.4299 ], [ -44.0444, -2.4392 ], [ -44.0445, -2.4445 ], [ -44.0731, -2.4385 ], [ -44.0673, -2.4505 ], [ -44.0946, -2.4535 ], [ -44.1238, -2.4755 ], [ -44.0584, -2.4593 ], [ -44.0771, -2.4667 ], [ -44.062, -2.4689 ], [ -44.0627, -2.4917 ], [ -44.0568, -2.4968 ], [ -44.0554, -2.4679 ], [ -44.0015, -2.4786 ], [ -43.9994, -3.2493 ], [ -44.3302, -3.2496 ] ] ], [ [ [ -44.0847, -2.4111 ], [ -44.0856, -2.4169 ], [ -44.091, -2.4119 ], [ -44.0847, -2.4111 ] ] ] ] } },
{ "type": "Feature", "properties": { "tipo": "UC", "nome": "ESTAÇÃO ECOLÓGICA DO JARI" }, "geometry": { "type": "Polygon", "coordinates": [ [ [ -52.532, -0.1429 ], [ -52.5377, -0.2018 ], [ -52.5218, -0.2518 ], [ -52.6934, -0.5127 ], [ -52.7732, -0.4834 ], [ -53.0337, -0.5681 ], [ -53.1485, -0.6522 ], [ -53.1354, -0.7163 ], [ -53.16, -0.7699 ], [ -53.2322, -0.8558 ], [ -53.233, -0.8277 ], [ -53.2705, -0.8043 ], [ -53.2923, -0.7424 ], [ -53.2836, -0.7192 ], [ -53.3092, -0.71 ], [ -53.3109, -0.6799 ], [ -53.2423, -0.6196 ], [ -53.2117, -0.6143 ], [ -53.2099, -0.5855 ], [ -53.4104, -0.3789 ], [ -53.3721, -0.3784 ], [ -53.2362, -0.2691 ], [ -53.1947, -0.2586 ], [ -53.1882, -0.2852 ], [ -53.1302, -0.3486 ], [ -53.1002, -0.4334 ], [ -52.8279, -0.4322 ], [ -52.8011, -0.3964 ], [ -52.737, -0.3981 ], [ -52.7202, -0.4022 ], [ -52.6967, -0.449 ], [ -52.6765, -0.421 ], [ -52.6941, -0.3865 ], [ -52.6705, -0.3552 ], [ -52.6799, -0.304 ], [ -52.7398, -0.2768 ], [ -52.7497, -0.2383 ], [ -52.8271, -0.1818 ], [ -52.8397, -0.1454 ], [ -52.9141, -0.1534 ], [ -52.9357, -0.1386 ], [ -52.5523, -0.1304 ], [ -52.532, -0.1429 ] ] ] } },
{ "type": "Feature", "properties": { "tipo": "UC", "nome": "RESERVA PARTICULAR DO PATRIMÔNIO NATURAL CRISTALINO I" }, "geometry": { "type": "Polygon", "coordinates": [ [ [ -55.9136, -9.566 ], [ -55.8971, -9.5261 ], [ -55.854, -9.5437 ], [ -55.8701, -9.5847 ], [ -55.9136, -9.566 ] ] ] } },
{ "type": "Feature", "properties": { "tipo": "UC", "nome": "PARQUE NACIONAL DO MONTE RORAIMA" }, "geometry": { "type": "MultiPolygon", "coordinates": [ [ [ [ -60.6302, 4.8867 ], [ -60.6301, 4.8856 ], [ -60.6309, 4.8866 ], [ -60.6302, 4.8867 ] ] ], [ [ [ -60.7317, 5.2061 ], [ -60.682, 5.2323 ], [ -60.5692, 5.1957 ], [ -60.4555, 5.2022 ], [ -60.4344, 5.1813 ], [ -60.4133, 5.2135 ], [ -60.3384, 5.2003 ], [ -60.2096, 5.2696 ], [ -60.1888, 5.2322 ], [ -60.1349, 5.2464 ], [ -60.0908, 5.1394 ], [ -60.1214, 5.1063 ], [ -60.148, 5.0159 ], [ -60.1828, 4.9913 ], [ -60.1963, 4.9188 ], [ -60.2537, 4.9933 ], [ -60.3149, 4.9576 ], [ -60.3129, 5.1543 ], [ -60.3428, 5.1636 ], [ -60.4181, 5.1402 ], [ -60.4837, 5.1672 ], [ -60.5522, 5.1434 ], [ -60.5775, 5.1536 ], [ -60.5994, 5.1299 ], [ -60.5563, 5.1098 ], [ -60.5653, 5.0653 ], [ -60.5294, 4.8905 ], [ -60.547, 4.8033 ], [ -60.5638, 4.8057 ], [ -60.6294, 4.8847 ], [ -60.6114, 4.9178 ], [ -60.5876, 4.9259 ], [ -60.5818, 4.9573 ], [ -60.6166, 5.0436 ], [ -60.6412, 5.0556 ], [ -60.6402, 5.1155 ], [ -60.6543, 5.1156 ], [ -60.6566, 5.1565 ], [ -60.6828, 5.194 ], [ -60.7317, 5.2061 ] ] ] ] } },
{ "type": "Feature", "properties": { "tipo": "UC", "nome": "PARQUE NATURAL MUNICIPAL LAGOA DAS GARÇAS" }, "geometry": { "type": "MultiPolygon", "coordinates": [ [ [ [ -58.7676, -11.4211 ], [ -58.7652, -11.4237 ], [ -58.7675, -11.4239 ], [ -58.7676, -11.4211 ] ] ], [ [ [ -58.7664, -11.4153 ], [ -58.765, -11.4197 ], [ -58.7679, -11.4198 ], [ -58.7664, -11.4153 ] ] ], [ [ [ -58.7628, -11.4103 ], [ -58.7665, -11.4151 ], [ -58.7654, -11.4101 ], [ -58.7628, -11.4103 ] ] ] ] } },
{ "type": "Feature", "properties": { "tipo": "UC", "nome": "ESTAÇÃO ECOLÓGICA DA SERRA DAS ARARAS" }, "geometry": { "type": "Polygon", "coordinates": [ [ [ -57.3146, -15.8274 ], [ -57.1948, -15.5694 ], [ -57.1029, -15.4532 ], [ -57.1026, -15.4822 ], [ -57.0768, -15.4652 ], [ -57.0633, -15.4747 ], [ -57.2819, -15.8501 ], [ -57.3146, -15.8274 ] ] ] } },
{ "type": "Feature", "properties": { "tipo": "UC", "nome": "MONUMENTO NATURAL CANYONS E CORREDEIRAS DO RIO SONO" }, "geometry": { "type": "Polygon", "coordinates": [ [ [ -46.663, -10.1812 ], [ -46.6688, -10.185 ], [ -46.6683, -10.1773 ], [ -46.6762, -10.1734 ], [ -46.6802, -10.1626 ], [ -46.6906, -10.1643 ], [ -46.7132, -10.152 ], [ -46.7236, -10.1598 ], [ -46.7576, -10.1485 ], [ -46.7604, -10.1537 ], [ -46.7694, -10.1577 ], [ -46.7778, -10.1524 ], [ -46.7876, -10.1633 ], [ -46.8168, -10.1605 ], [ -46.8389, -10.1845 ], [ -46.8593, -10.1934 ], [ -46.8951, -10.1954 ], [ -46.9442, -10.1799 ], [ -46.9254, -10.1717 ], [ -46.8681, -10.1918 ], [ -46.8389, -10.1833 ], [ -46.8284, -10.1579 ], [ -46.787, -10.1588 ], [ -46.7744, -10.1405 ], [ -46.7703, -10.1555 ], [ -46.7591, -10.1454 ], [ -46.7197, -10.1533 ], [ -46.7044, -10.1392 ], [ -46.7084, -10.1524 ], [ -46.6763, -10.1586 ], [ -46.663, -10.1812 ] ] ] } },
{ "type": "Feature", "properties": { "tipo": "UC", "nome": "ESTAÇÃO ECOLÓGICA SERRA DOS TRÊS IRMÃOS" }, "geometry": { "type": "MultiPolygon", "coordinates": [ [ [ [ -64.8711, -9.3441 ], [ -64.8976, -9.331 ], [ -64.9025, -9.3034 ], [ -64.927, -9.271 ], [ -64.9534, -9.2738 ], [ -64.9192, -9.2199 ], [ -64.9398, -9.132 ], [ -64.9167, -9.0427 ], [ -64.8936, -9.0433 ], [ -64.87, -9.0118 ], [ -64.8159, -8.9862 ], [ -64.7834, -8.9889 ], [ -64.753, -9.0204 ], [ -64.6987, -8.9879 ], [ -64.6708, -9.0144 ], [ -64.6, -9.0122 ], [ -64.5376, -9.0716 ], [ -64.5502, -9.0802 ], [ -64.5566, -9.0762 ], [ -64.5572, -9.0769 ], [ -64.5588, -9.0767 ], [ -64.5594, -9.077 ], [ -64.5513, -9.0815 ], [ -64.5548, -9.0938 ], [ -64.5782, -9.0876 ], [ -64.5761, -9.0932 ], [ -64.5726, -9.0953 ], [ -64.5764, -9.1002 ], [ -64.5649, -9.0926 ], [ -64.563, -9.0986 ], [ -64.5505, -9.0932 ], [ -64.5469, -9.1142 ], [ -64.5862, -9.1382 ], [ -64.5978, -9.1362 ], [ -64.5963, -9.1412 ], [ -64.603, -9.1484 ], [ -64.609, -9.1457 ], [ -64.6101, -9.1601 ], [ -64.6325, -9.1068 ], [ -64.7721, -9.2339 ], [ -64.8425, -9.2323 ], [ -64.8675, -9.2651 ], [ -64.8579, -9.2929 ], [ -64.8711, -9.3441 ] ], [ [ -64.5408, -9.0708 ], [ -64.5407, -9.0707 ], [ -64.5408, -9.0707 ], [ -64.5408, -9.0708 ] ], [ [ -64.5454, -9.0738 ], [ -64.5452, -9.0739 ], [ -64.5452, -9.0738 ], [ -64.5454, -9.0738 ] ], [ [ -64.5451, -9.0738 ], [ -64.545, -9.0736 ], [ -64.5452, -9.0737 ], [ -64.5451, -9.0738 ] ], [ [ -64.5501, -9.0712 ], [ -64.5501, -9.0709 ], [ -64.5503, -9.0709 ], [ -64.5501, -9.0712 ] ], [ [ -64.5503, -9.0709 ], [ -64.5505, -9.0708 ], [ -64.5505, -9.0709 ], [ -64.5503, -9.0709 ] ], [ [ -64.5548, -9.0732 ], [ -64.5548, -9.0731 ], [ -64.5549, -9.0732 ], [ -64.5548, -9.0732 ] ], [ [ -64.5547, -9.0731 ], [ -64.5547, -9.073 ], [ -64.5548, -9.0731 ], [ -64.5547, -9.0731 ] ], [ [ -64.5594, -9.0772 ], [ -64.56, -9.0771 ], [ -64.5597, -9.0776 ], [ -64.5594, -9.0772 ] ], [ [ -64.5556, -9.0797 ], [ -64.5557, -9.0798 ], [ -64.5556, -9.0798 ], [ -64.5556, -9.0797 ] ], [ [ -64.5557, -9.0798 ], [ -64.5558, -9.08 ], [ -64.5558, -9.0801 ], [ -64.5557, -9.0798 ] ], [ [ -64.5542, -9.086 ], [ -64.5543, -9.0861 ], [ -64.5542, -9.0861 ], [ -64.5542, -9.086 ] ], [ [ -64.5757, -9.0936 ], [ -64.5759, -9.0937 ], [ -64.5757, -9.0937 ], [ -64.5757, -9.0936 ] ], [ [ -64.5735, -9.0987 ], [ -64.5735, -9.099 ], [ -64.5734, -9.099 ], [ -64.5735, -9.0987 ] ], [ [ -64.5628, -9.0986 ], [ -64.5629, -9.0988 ], [ -64.5627, -9.0989 ], [ -64.5628, -9.0986 ] ], [ [ -64.5521, -9.1019 ], [ -64.5521, -9.102 ], [ -64.552, -9.1019 ], [ -64.5521, -9.1019 ] ], [ [ -64.5521, -9.102 ], [ -64.5522, -9.1021 ], [ -64.5521, -9.1021 ], [ -64.5521, -9.102 ] ], [ [ -64.5723, -9.1257 ], [ -64.5726, -9.1256 ], [ -64.5726, -9.1257 ], [ -64.5723, -9.1257 ] ], [ [ -64.5973, -9.1394 ], [ -64.5974, -9.1394 ], [ -64.5974, -9.1395 ], [ -64.5973, -9.1394 ] ], [ [ -64.5597, -9.0777 ], [ -64.5597, -9.078 ], [ -64.5597, -9.0783 ], [ -64.5596, -9.0782 ], [ -64.5597, -9.0777 ] ], [ [ -64.5598, -9.0784 ], [ -64.5598, -9.0785 ], [ -64.5597, -9.0783 ], [ -64.5598, -9.0784 ] ], [ [ -64.5599, -9.0786 ], [ -64.5598, -9.0786 ], [ -64.5598, -9.0785 ], [ -64.5599, -9.0786 ] ], [ [ -64.56, -9.0787 ], [ -64.5599, -9.0787 ], [ -64.5599, -9.0786 ], [ -64.56, -9.0787 ] ], [ [ -64.5601, -9.0788 ], [ -64.56, -9.0788 ], [ -64.56, -9.0787 ], [ -64.5601, -9.0788 ] ], [ [ -64.5733, -9.0993 ], [ -64.5733, -9.0991 ], [ -64.5734, -9.0991 ], [ -64.5733, -9.0993 ] ], [ [ -64.5736, -9.0992 ], [ -64.5735, -9.0991 ], [ -64.5736, -9.0991 ], [ -64.5736, -9.0992 ] ], [ [ -64.5558, -9.0802 ], [ -64.5559, -9.0805 ], [ -64.5559, -9.0807 ], [ -64.5558, -9.0802 ] ], [ [ -64.5504, -9.0706 ], [ -64.5504, -9.0705 ], [ -64.5505, -9.0706 ], [ -64.5504, -9.0706 ] ], [ [ -64.5513, -9.0743 ], [ -64.5513, -9.0742 ], [ -64.5514, -9.0742 ], [ -64.5513, -9.0743 ] ], [ [ -64.5767, -9.0873 ], [ -64.5768, -9.0874 ], [ -64.5766, -9.0873 ], [ -64.5767, -9.0873 ] ] ], [ [ [ -64.6047, -9.1512 ], [ -64.6047, -9.1513 ], [ -64.6048, -9.1513 ], [ -64.6047, -9.1512 ] ] ], [ [ [ -64.5497, -9.09 ], [ -64.5472, -9.0838 ], [ -64.5223, -9.1141 ], [ -64.5297, -9.1277 ], [ -64.5453, -9.1175 ], [ -64.5405, -9.0947 ], [ -64.5468, -9.0942 ], [ -64.5461, -9.0886 ], [ -64.549, -9.0917 ], [ -64.5499, -9.0914 ], [ -64.5496, -9.091 ], [ -64.5497, -9.09 ] ], [ [ -64.5271, -9.1172 ], [ -64.5271, -9.117 ], [ -64.5274, -9.117 ], [ -64.5271, -9.1172 ] ], [ [ -64.5416, -9.094 ], [ -64.5417, -9.094 ], [ -64.5417, -9.0941 ], [ -64.5416, -9.094 ] ], [ [ -64.5415, -9.094 ], [ -64.5415, -9.0939 ], [ -64.5413, -9.0937 ], [ -64.5416, -9.0938 ], [ -64.5416, -9.094 ], [ -64.5415, -9.094 ] ], [ [ -64.5435, -9.0935 ], [ -64.5434, -9.0932 ], [ -64.5435, -9.0932 ], [ -64.5435, -9.0935 ] ], [ [ -64.5456, -9.0891 ], [ -64.5458, -9.0893 ], [ -64.5455, -9.0892 ], [ -64.5456, -9.0891 ] ], [ [ -64.5385, -9.1193 ], [ -64.5384, -9.1193 ], [ -64.5385, -9.1192 ], [ -64.5385, -9.1193 ] ], [ [ -64.5277, -9.1169 ], [ -64.528, -9.1169 ], [ -64.5277, -9.117 ], [ -64.5277, -9.1169 ] ] ], [ [ [ -64.576, -9.0922 ], [ -64.576, -9.0924 ], [ -64.5761, -9.0922 ], [ -64.576, -9.0922 ] ] ], [ [ [ -64.5499, -9.09 ], [ -64.5497, -9.09 ], [ -64.5499, -9.0901 ], [ -64.5499, -9.09 ] ] ], [ [ [ -64.5471, -9.0839 ], [ -64.5471, -9.0838 ], [ -64.547, -9.0838 ], [ -64.5471, -9.0839 ] ] ], [ [ [ -64.5469, -9.0837 ], [ -64.5419, -9.075 ], [ -64.5402, -9.0758 ], [ -64.5469, -9.0837 ] ] ], [ [ [ -64.5395, -9.0764 ], [ -64.5391, -9.0728 ], [ -64.5371, -9.0723 ], [ -64.5376, -9.0744 ], [ -64.5395, -9.0764 ] ] ] ] } },
{ "type": "Feature", "properties": { "tipo": "UC", "nome": "PARQUE ESTADUAL GUARIBA" }, "geometry": { "type": "Polygon", "coordinates": [ [ [ -60.8206, -8.6417 ], [ -60.7992, -8.6437 ], [ -60.735, -8.5768 ], [ -60.5044, -8.6569 ], [ -60.5222, -8.6786 ], [ -60.534, -8.8008 ], [ -60.8477, -8.8008 ], [ -60.8562, -8.7804 ], [ -60.837, -8.7095 ], [ -60.8477, -8.6749 ], [ -60.8206, -8.6417 ] ] ] } },
{ "type": "Feature", "properties": { "tipo": "UC", "nome": "RESERVA EXTRATIVISTA BARREIRO DAS ANTAS" }, "geometry": { "type": "Polygon", "coordinates": [ [ [ -64.785, -11.5151 ], [ -64.8014, -11.3489 ], [ -64.7782, -11.3438 ], [ -64.6878, -11.3969 ], [ -64.6276, -11.5075 ], [ -64.4891, -11.4576 ], [ -64.3351, -11.5993 ], [ -64.3727, -11.646 ], [ -64.433, -11.6314 ], [ -64.5139, -11.6355 ], [ -64.5687, -11.6703 ], [ -64.6307, -11.6613 ], [ -64.6815, -11.6294 ], [ -64.7768, -11.6202 ], [ -64.8157, -11.6875 ], [ -64.8446, -11.6911 ], [ -64.838, -11.6329 ], [ -64.8777, -11.5188 ], [ -64.785, -11.5151 ] ] ] } },
{ "type": "Feature", "properties": { "tipo": "UC", "nome": "RESERVA DE DESENVOLVIMENTO SUSTENTÁVEL PIAGAÇU PURUS" }, "geometry": { "type": "Polygon", "coordinates": [ [ [ -62.2698, -4.062 ], [ -62.182, -4.1167 ], [ -62.1458, -4.0864 ], [ -62.0323, -4.0805 ], [ -61.901, -4.1311 ], [ -61.8685, -4.1239 ], [ -61.8551, -4.1044 ], [ -61.8711, -4.1535 ], [ -61.7838, -4.0999 ], [ -61.7332, -4.157 ], [ -61.7386, -4.2477 ], [ -61.8141, -4.2992 ], [ -61.8673, -4.2931 ], [ -61.8618, -4.323 ], [ -61.8934, -4.3514 ], [ -61.8842, -4.3837 ], [ -61.9041, -4.4142 ], [ -61.9881, -4.3826 ], [ -62.0593, -4.447 ], [ -62.0671, -4.4676 ], [ -62.0555, -4.4811 ], [ -62.0047, -4.4505 ], [ -61.9747, -4.4772 ], [ -62.0609, -4.5174 ], [ -62.0671, -4.6303 ], [ -62.1079, -4.6972 ], [ -62.1817, -4.7683 ], [ -62.1916, -4.8082 ], [ -62.2421, -4.7882 ], [ -62.2914, -4.8167 ], [ -62.3067, -4.868 ], [ -62.3338, -4.8674 ], [ -62.3534, -4.9313 ], [ -62.3781, -4.9467 ], [ -62.4414, -5.0556 ], [ -62.5591, -5.1482 ], [ -62.5593, -5.1935 ], [ -62.581, -5.2002 ], [ -62.5934, -5.2486 ], [ -62.6145, -5.2603 ], [ -62.6061, -5.2866 ], [ -62.8524, -5.3361 ], [ -62.817, -5.1558 ], [ -62.8405, -5.1465 ], [ -62.8433, -5.0962 ], [ -62.8763, -5.0947 ], [ -62.9084, -5.0597 ], [ -62.9105, -5.0413 ], [ -62.8842, -5.011 ], [ -62.9081, -4.9622 ], [ -62.9519, -4.9547 ], [ -62.9041, -4.9157 ], [ -62.8993, -4.8817 ], [ -62.9374, -4.916 ], [ -62.9303, -4.9233 ], [ -62.9509, -4.9268 ], [ -62.9882, -4.8924 ], [ -63.0067, -4.8946 ], [ -63.0352, -4.9344 ], [ -63.1443, -4.9812 ], [ -63.123, -5.0193 ], [ -63.1823, -5.0533 ], [ -63.2365, -5.053 ], [ -63.2524, -5.03 ], [ -63.2995, -5.0353 ], [ -63.3148, -5.1043 ], [ -63.3493, -5.0709 ], [ -63.3357, -4.9899 ], [ -63.2432, -4.8991 ], [ -63.2064, -4.7897 ], [ -63.1127, -4.7497 ], [ -63.1218, -4.7452 ], [ -62.8967, -4.4627 ], [ -62.8675, -4.4833 ], [ -62.7938, -4.4679 ], [ -62.785, -4.4833 ], [ -62.806, -4.5069 ], [ -62.7959, -4.5133 ], [ -62.7725, -4.496 ], [ -62.7616, -4.4583 ], [ -62.7267, -4.4773 ], [ -62.6948, -4.4333 ], [ -62.6937, -4.3922 ], [ -62.6579, -4.389 ], [ -62.6531, -4.4189 ], [ -62.6179, -4.4419 ], [ -62.5939, -4.4328 ], [ -62.5881, -4.4086 ], [ -62.5521, -4.4155 ], [ -62.5317, -4.4003 ], [ -62.5523, -4.3732 ], [ -62.5157, -4.3499 ], [ -62.4745, -4.2948 ], [ -62.4756, -4.2753 ], [ -62.4888, -4.2862 ], [ -62.482, -4.2619 ], [ -62.4552, -4.2518 ], [ -62.4368, -4.2213 ], [ -62.4078, -4.2287 ], [ -62.4103, -4.2151 ], [ -62.3781, -4.2471 ], [ -62.262, -4.2313 ], [ -62.2942, -4.1877 ], [ -62.2827, -4.1662 ], [ -62.3375, -4.1349 ], [ -62.3354, -4.1197 ], [ -62.365, -4.1055 ], [ -62.3608, -4.0904 ], [ -62.3042, -4.0854 ], [ -62.2698, -4.062 ] ], [ [ -62.623, -4.5802 ], [ -62.6427, -4.6094 ], [ -62.7052, -4.5912 ], [ -62.7826, -4.6051 ], [ -62.8305, -4.6353 ], [ -62.8596, -4.6041 ], [ -62.9723, -4.6088 ], [ -62.97, -4.6243 ], [ -63.0316, -4.7022 ], [ -62.9884, -4.7437 ], [ -63.0021, -4.7697 ], [ -62.9768, -4.8446 ], [ -62.939, -4.8677 ], [ -62.9098, -4.8657 ], [ -62.8826, -4.8521 ], [ -62.8795, -4.8277 ], [ -62.7661, -4.8591 ], [ -62.7462, -4.8364 ], [ -62.684, -4.8211 ], [ -62.6931, -4.8063 ], [ -62.6726, -4.7653 ], [ -62.6344, -4.7654 ], [ -62.6021, -4.7928 ], [ -62.502, -4.7554 ], [ -62.4877, -4.7297 ], [ -62.45, -4.7599 ], [ -62.3749, -4.7621 ], [ -62.3504, -4.7355 ], [ -62.3186, -4.7582 ], [ -62.306, -4.7453 ], [ -62.3116, -4.7117 ], [ -62.2682, -4.7394 ], [ -62.2403, -4.737 ], [ -62.1978, -4.696 ], [ -62.2012, -4.6793 ], [ -62.1749, -4.6779 ], [ -62.1626, -4.6369 ], [ -62.2297, -4.6462 ], [ -62.2496, -4.6351 ], [ -62.2423, -4.6202 ], [ -62.2614, -4.6238 ], [ -62.2704, -4.6034 ], [ -62.3132, -4.5969 ], [ -62.327, -4.5802 ], [ -62.3467, -4.5798 ], [ -62.4003, -4.6245 ], [ -62.4588, -4.6205 ], [ -62.4681, -4.5915 ], [ -62.5032, -4.5695 ], [ -62.5206, -4.5746 ], [ -62.5196, -4.5926 ], [ -62.5805, -4.5796 ], [ -62.5709, -4.5532 ], [ -62.6107, -4.5933 ], [ -62.623, -4.5802 ] ], [ [ -62.1981, -4.3862 ], [ -62.2144, -4.4029 ], [ -62.2069, -4.4218 ], [ -62.2266, -4.4113 ], [ -62.2261, -4.4277 ], [ -62.1764, -4.436 ], [ -62.1391, -4.4741 ], [ -62.1063, -4.4683 ], [ -62.1036, -4.4576 ], [ -62.0954, -4.4596 ], [ -62.091, -4.4532 ], [ -62.0967, -4.4587 ], [ -62.0968, -4.4561 ], [ -62.1203, -4.4421 ], [ -62.1248, -4.4362 ], [ -62.0796, -4.4296 ], [ -62.0692, -4.4051 ], [ -62.0838, -4.3997 ], [ -62.0572, -4.3567 ], [ -62.0745, -4.3336 ], [ -62.0896, -4.3436 ], [ -62.1128, -4.3312 ], [ -62.1221, -4.2838 ], [ -62.1416, -4.2842 ], [ -62.2096, -4.3055 ], [ -62.1841, -4.332 ], [ -62.2115, -4.3505 ], [ -62.1981, -4.3862 ] ] ] } },
{ "type": "Feature", "properties": { "tipo": "UC", "nome": "RESERVA DE DESENVOLVIMENTO SUSTENTáVEL  ITATUPã-BAQUIá" }, "geometry": { "type": "Polygon", "coordinates": [ [ [ -51.4574, -0.6484 ], [ -51.3599, -0.5801 ], [ -51.3622, -0.6315 ], [ -51.3064, -0.6777 ], [ -51.261, -0.6677 ], [ -51.2315, -0.7023 ], [ -51.2012, -0.7118 ], [ -51.1777, -0.6939 ], [ -51.252, -0.8746 ], [ -51.4286, -0.8597 ], [ -51.4729, -0.7329 ], [ -51.4574, -0.6484 ] ] ] } },
{ "type": "Feature", "properties": { "tipo": "UC", "nome": "FLORESTA NACIONAL DE TEFÉ" }, "geometry": { "type": "Polygon", "coordinates": [ [ [ -64.9853, -3.4859 ], [ -64.9666, -3.5339 ], [ -65.0007, -3.5552 ], [ -64.9881, -3.5593 ], [ -65.0015, -3.5833 ], [ -64.989, -3.5862 ], [ -64.9961, -3.6223 ], [ -64.9789, -3.6159 ], [ -64.975, -3.6288 ], [ -65.0283, -3.6547 ], [ -65.0404, -3.6759 ], [ -65.0175, -3.6914 ], [ -64.9929, -3.7448 ], [ -65.0034, -3.7803 ], [ -64.9903, -3.8084 ], [ -65.0127, -3.8131 ], [ -64.9992, -3.8116 ], [ -65.0106, -3.8265 ], [ -64.9988, -3.8331 ], [ -65.0278, -3.867 ], [ -65.017, -3.9482 ], [ -65.0352, -3.9487 ], [ -65.0442, -3.9676 ], [ -65.0196, -3.9692 ], [ -65.0223, -3.9916 ], [ -65.0936, -4.0635 ], [ -65.0866, -4.1028 ], [ -65.1098, -4.1174 ], [ -65.081, -4.1417 ], [ -65.0959, -4.1385 ], [ -65.0994, -4.1717 ], [ -65.1127, -4.1696 ], [ -65.1161, -4.1901 ], [ -65.1351, -4.1793 ], [ -65.1503, -4.2089 ], [ -65.1426, -4.2346 ], [ -65.1728, -4.2263 ], [ -65.1863, -4.2389 ], [ -65.1815, -4.2729 ], [ -65.2005, -4.2663 ], [ -65.2183, -4.3242 ], [ -65.2268, -4.316 ], [ -65.2396, -4.339 ], [ -65.2712, -4.3203 ], [ -65.2797, -4.3421 ], [ -65.2998, -4.3407 ], [ -65.3164, -4.3768 ], [ -65.2907, -4.3917 ], [ -65.3074, -4.3918 ], [ -65.3082, -4.4156 ], [ -65.3547, -4.3944 ], [ -65.4324, -4.4453 ], [ -65.4374, -4.4171 ], [ -65.4718, -4.4355 ], [ -65.472, -4.4783 ], [ -65.4897, -4.4967 ], [ -65.5616, -4.4469 ], [ -65.7006, -4.4397 ], [ -65.7461, -4.4809 ], [ -65.7837, -4.4632 ], [ -65.8396, -4.4647 ], [ -65.8834, -4.5049 ], [ -66.0045, -4.5383 ], [ -66.0329, -4.5383 ], [ -66.0568, -4.5139 ], [ -66.0883, -4.5222 ], [ -66.1506, -4.599 ], [ -66.2069, -4.5725 ], [ -66.2766, -4.4491 ], [ -66.2494, -4.373 ], [ -66.2113, -4.3431 ], [ -66.1748, -4.2739 ], [ -66.1859, -4.2594 ], [ -66.1777, -4.2017 ], [ -66.2015, -4.1579 ], [ -66.1823, -4.1284 ], [ -66.1795, -4.0565 ], [ -66.1294, -4.0081 ], [ -66.1086, -3.9613 ], [ -66.1172, -3.9419 ], [ -66.0838, -3.9085 ], [ -66.0357, -3.9509 ], [ -66.0296, -4.0 ], [ -65.9931, -4.0436 ], [ -66.0031, -4.0677 ], [ -65.9759, -4.0907 ], [ -65.9304, -4.0787 ], [ -65.8768, -4.1068 ], [ -65.8406, -4.0793 ], [ -65.8356, -4.0342 ], [ -65.7974, -3.9824 ], [ -65.6552, -3.9306 ], [ -65.6283, -3.8982 ], [ -65.6028, -3.8918 ], [ -65.5831, -3.8557 ], [ -65.5107, -3.8247 ], [ -65.4568, -3.7465 ], [ -65.3379, -3.6795 ], [ -65.3002, -3.6275 ], [ -65.2431, -3.5938 ], [ -65.2027, -3.5293 ], [ -65.0326, -3.4862 ], [ -65.02, -3.5033 ], [ -64.9984, -3.4972 ], [ -64.9946, -3.4895 ], [ -64.9853, -3.4859 ] ] ] } },
{ "type": "Feature", "properties": { "tipo": "UC", "nome": "ESTAÇÃO ECOLÓGICA DE CUNIÃ" }, "geometry": { "type": "MultiPolygon", "coordinates": [ [ [ [ -63.5954, -8.5032 ], [ -63.5368, -8.5739 ], [ -63.5593, -8.5884 ], [ -63.6037, -8.5826 ], [ -63.6258, -8.5367 ], [ -63.629, -8.5532 ], [ -63.6308, -8.536 ], [ -63.6401, -8.5417 ], [ -63.6365, -8.4863 ], [ -63.603, -8.4956 ], [ -63.5914, -8.4766 ], [ -63.5717, -8.4776 ], [ -63.5954, -8.5032 ] ] ], [ [ [ -63.0514, -8.1257 ], [ -63.1586, -8.1757 ], [ -63.2333, -8.1896 ], [ -63.2583, -8.1676 ], [ -63.2495, -8.1568 ], [ -63.3057, -8.1362 ], [ -63.3383, -8.1491 ], [ -63.3957, -8.0874 ], [ -63.4228, -8.085 ], [ -63.4436, -8.1065 ], [ -63.4449, -8.1703 ], [ -63.4862, -8.1745 ], [ -63.5006, -8.1928 ], [ -63.5013, -8.2692 ], [ -63.5661, -8.2693 ], [ -63.5659, -8.377 ], [ -63.5735, -8.3621 ], [ -63.6319, -8.3383 ], [ -63.6616, -8.345 ], [ -63.6864, -8.3137 ], [ -63.7282, -8.3049 ], [ -63.7659, -8.3072 ], [ -63.7912, -8.3333 ], [ -63.8592, -8.2906 ], [ -63.8869, -8.2487 ], [ -63.8108, -8.2209 ], [ -63.7678, -8.1752 ], [ -63.7241, -8.1697 ], [ -63.7059, -8.1466 ], [ -63.6399, -8.1479 ], [ -63.5972, -8.0904 ], [ -63.501, -8.0984 ], [ -63.5012, -8.0489 ], [ -63.4436, -8.0362 ], [ -63.3715, -7.9735 ], [ -62.9014, -7.9732 ], [ -62.9241, -8.0321 ], [ -63.0514, -8.1257 ] ] ] ] } },
{ "type": "Feature", "properties": { "tipo": "UC", "nome": "ÁREA DE PROTEÇÃO AMBIENTAL DO ARQUIPÉLAGO DO MARAJÓ" }, "geometry": { "type": "MultiPolygon", "coordinates": [ [ [ [ -51.0283, -0.8458 ], [ -51.106, -0.9263 ], [ -51.1258, -0.96 ], [ -51.15, -0.9717 ], [ -51.1475, -0.9107 ], [ -51.1083, -0.8445 ], [ -50.9662, -0.7692 ], [ -51.036, -0.829 ], [ -51.0168, -0.8396 ], [ -51.0283, -0.8458 ] ] ], [ [ [ -51.1254, -0.8336 ], [ -51.1251, -0.8651 ], [ -51.1432, -0.8796 ], [ -51.1254, -0.8336 ] ] ], [ [ [ -51.1116, -0.8343 ], [ -51.1222, -0.8618 ], [ -51.1201, -0.8272 ], [ -51.1116, -0.8343 ] ] ], [ [ [ -51.0134, -0.8416 ], [ -51.0098, -0.8143 ], [ -50.9678, -0.7823 ], [ -50.9973, -0.8511 ], [ -51.0281, -0.8499 ], [ -51.0134, -0.8416 ] ] ], [ [ [ -51.1535, -0.721 ], [ -51.1325, -0.6987 ], [ -51.1264, -0.8082 ], [ -51.158, -0.8423 ], [ -51.1675, -0.7917 ], [ -51.1535, -0.721 ] ] ], [ [ [ -51.1616, -0.7521 ], [ -51.1651, -0.7638 ], [ -51.1714, -0.749 ], [ -51.1607, -0.7295 ], [ -51.1616, -0.7521 ] ] ], [ [ [ -50.8379, -0.7192 ], [ -50.9313, -0.7262 ], [ -51.0954, -0.8364 ], [ -51.1121, -0.8158 ], [ -51.1031, -0.7262 ], [ -51.0667, -0.6733 ], [ -51.0218, -0.6608 ], [ -50.9317, -0.5835 ], [ -50.843, -0.5607 ], [ -50.8108, -0.6747 ], [ -50.8379, -0.7192 ] ], [ [ -50.8637, -0.5738 ], [ -50.8803, -0.5882 ], [ -50.888, -0.6105 ], [ -50.8637, -0.5738 ] ] ], [ [ [ -51.11, -0.6913 ], [ -51.1183, -0.6935 ], [ -51.1144, -0.6775 ], [ -51.0919, -0.6687 ], [ -51.11, -0.6913 ] ] ], [ [ [ -51.1086, -0.6317 ], [ -51.0873, -0.5826 ], [ -51.0371, -0.5443 ], [ -51.016, -0.5519 ], [ -51.0076, -0.5919 ], [ -51.0284, -0.6301 ], [ -51.0531, -0.648 ], [ -51.1086, -0.6317 ] ] ], [ [ [ -50.967, -0.5342 ], [ -50.9893, -0.5531 ], [ -50.9806, -0.5286 ], [ -50.967, -0.5342 ] ] ], [ [ [ -50.9993, -0.5557 ], [ -51.0281, -0.5393 ], [ -51.0508, -0.5418 ], [ -51.0508, -0.5205 ], [ -51.0234, -0.5195 ], [ -51.0149, -0.5099 ], [ -51.0102, -0.4892 ], [ -50.9686, -0.4713 ], [ -50.983, -0.5073 ], [ -50.9525, -0.4769 ], [ -50.9993, -0.5557 ] ] ], [ [ [ -51.3372, -0.5078 ], [ -51.4334, -0.5201 ], [ -51.4068, -0.4838 ], [ -51.357, -0.471 ], [ -51.3584, -0.4879 ], [ -51.3388, -0.4599 ], [ -51.2258, -0.4429 ], [ -51.3372, -0.5078 ] ] ], [ [ [ -50.8991, -0.4246 ], [ -50.8952, -0.466 ], [ -50.8953, -0.4262 ], [ -50.8453, -0.4165 ], [ -50.8138, -0.4006 ], [ -50.8563, -0.4489 ], [ -50.8668, -0.505 ], [ -50.9057, -0.5275 ], [ -50.8659, -0.5105 ], [ -50.8626, -0.5269 ], [ -50.9998, -0.5772 ], [ -50.9661, -0.5428 ], [ -50.8859, -0.3795 ], [ -50.8569, -0.364 ], [ -50.8114, -0.377 ], [ -50.8236, -0.399 ], [ -50.8991, -0.4246 ] ] ], [ [ [ -50.9454, -0.4661 ], [ -50.973, -0.4673 ], [ -51.0179, -0.4853 ], [ -51.0242, -0.5152 ], [ -51.052, -0.5177 ], [ -51.0588, -0.5472 ], [ -51.0817, -0.5571 ], [ -51.0772, -0.4839 ], [ -50.9982, -0.4208 ], [ -51.0156, -0.4234 ], [ -51.0059, -0.3991 ], [ -50.9005, -0.374 ], [ -50.9454, -0.4661 ] ] ], [ [ [ -51.222, -0.5145 ], [ -51.2583, -0.492 ], [ -51.15, -0.4108 ], [ -51.152, -0.4798 ], [ -51.222, -0.5145 ] ] ], [ [ [ -50.9152, -0.4358 ], [ -50.9265, -0.4511 ], [ -50.9225, -0.4336 ], [ -50.9152, -0.4358 ] ] ], [ [ [ -51.0502, -0.4056 ], [ -51.0176, -0.3962 ], [ -51.034, -0.4339 ], [ -51.0707, -0.4504 ], [ -51.0502, -0.4056 ] ] ], [ [ [ -50.9455, -0.3305 ], [ -50.9499, -0.3625 ], [ -50.9856, -0.3875 ], [ -50.9881, -0.3702 ], [ -50.9986, -0.3853 ], [ -51.035, -0.3832 ], [ -51.0695, -0.4126 ], [ -51.1035, -0.5322 ], [ -51.1444, -0.5335 ], [ -51.1674, -0.5053 ], [ -51.1362, -0.4857 ], [ -51.1318, -0.3837 ], [ -51.0889, -0.3303 ], [ -51.0671, -0.3432 ], [ -51.0338, -0.3273 ], [ -51.0152, -0.2988 ], [ -51.0173, -0.2807 ], [ -50.9455, -0.3305 ] ] ], [ [ [ -51.2496, -0.4214 ], [ -51.2294, -0.3798 ], [ -51.2392, -0.4102 ], [ -51.2259, -0.4125 ], [ -51.2496, -0.4214 ] ] ], [ [ [ -51.1956, -0.4032 ], [ -51.1935, -0.397 ], [ -51.1793, -0.3909 ], [ -51.1956, -0.4032 ] ] ], [ [ [ -51.2025, -0.4 ], [ -51.217, -0.3977 ], [ -51.1867, -0.349 ], [ -51.1416, -0.3229 ], [ -51.1599, -0.3731 ], [ -51.2025, -0.4 ] ] ], [ [ [ -51.315, -0.3228 ], [ -51.308, -0.3222 ], [ -51.3222, -0.3491 ], [ -51.315, -0.3228 ] ] ], [ [ [ -51.1355, -0.3426 ], [ -51.1354, -0.3282 ], [ -51.1272, -0.3173 ], [ -51.1355, -0.3426 ] ] ], [ [ [ -51.3273, -0.3291 ], [ -51.3508, -0.3452 ], [ -51.3273, -0.2758 ], [ -51.3052, -0.2568 ], [ -51.3039, -0.2973 ], [ -51.3273, -0.3291 ] ] ], [ [ [ -51.0531, -0.264 ], [ -51.0304, -0.2688 ], [ -51.0182, -0.2961 ], [ -51.0402, -0.3246 ], [ -51.0659, -0.3403 ], [ -51.0758, -0.3188 ], [ -51.0531, -0.264 ] ] ], [ [ [ -51.1163, -0.1936 ], [ -51.1455, -0.2358 ], [ -51.1566, -0.2972 ], [ -51.2568, -0.3907 ], [ -51.3752, -0.4545 ], [ -51.4083, -0.4548 ], [ -51.4008, -0.4151 ], [ -51.3175, -0.3551 ], [ -51.2958, -0.3136 ], [ -51.2845, -0.3214 ], [ -51.2818, -0.3021 ], [ -51.2944, -0.3008 ], [ -51.2725, -0.2382 ], [ -51.2057, -0.1442 ], [ -51.1858, -0.1391 ], [ -51.1736, -0.1547 ], [ -51.1586, -0.1378 ], [ -51.1152, -0.1438 ], [ -51.1333, -0.1694 ], [ -51.1095, -0.1463 ], [ -51.1163, -0.1936 ] ] ], [ [ [ -50.8958, -0.2632 ], [ -50.8896, -0.278 ], [ -50.9345, -0.324 ], [ -50.9732, -0.3092 ], [ -51.0403, -0.2416 ], [ -51.0238, -0.2291 ], [ -50.9624, -0.2632 ], [ -50.8958, -0.2632 ] ] ], [ [ [ -51.1272, -0.2767 ], [ -51.1303, -0.2752 ], [ -51.1281, -0.2707 ], [ -51.1272, -0.2767 ] ] ], [ [ [ -51.1448, -0.2661 ], [ -51.1428, -0.2456 ], [ -51.142, -0.2462 ], [ -51.1448, -0.2661 ] ] ], [ [ [ -51.1165, -0.2223 ], [ -51.0942, -0.2 ], [ -51.0897, -0.2291 ], [ -51.1274, -0.2659 ], [ -51.1326, -0.2292 ], [ -51.1165, -0.2223 ] ] ], [ [ [ -51.0838, -0.2089 ], [ -51.0855, -0.2242 ], [ -51.0887, -0.222 ], [ -51.0838, -0.2089 ] ] ], [ [ [ -51.1028, -0.1957 ], [ -51.1292, -0.2202 ], [ -51.1229, -0.2086 ], [ -51.1028, -0.1957 ] ] ], [ [ [ -51.0794, -0.1664 ], [ -51.0828, -0.1706 ], [ -51.0847, -0.1619 ], [ -51.0794, -0.1664 ] ] ], [ [ [ -51.2442, -0.1536 ], [ -51.2514, -0.156 ], [ -51.2517, -0.1518 ], [ -51.2447, -0.1413 ], [ -51.2442, -0.1536 ] ] ], [ [ [ -51.1802, -0.1386 ], [ -51.1836, -0.1349 ], [ -51.1693, -0.1342 ], [ -51.1802, -0.1386 ] ] ], [ [ [ -51.1633, -0.1313 ], [ -51.1538, -0.1318 ], [ -51.1594, -0.1363 ], [ -51.1633, -0.1313 ] ] ], [ [ [ -51.128, -0.1377 ], [ -51.1395, -0.1275 ], [ -51.1072, -0.1067 ], [ -51.0949, -0.1073 ], [ -51.0998, -0.1273 ], [ -51.128, -0.1377 ] ] ], [ [ [ -51.1645, -0.124 ], [ -51.1798, -0.1231 ], [ -51.177, -0.1205 ], [ -51.1645, -0.124 ] ] ], [ [ [ -51.1368, -0.1202 ], [ -51.1382, -0.1153 ], [ -51.131, -0.1143 ], [ -51.1368, -0.1202 ] ] ], [ [ [ -50.7573, -1.0913 ], [ -50.7846, -1.0673 ], [ -50.7831, -1.0568 ], [ -50.7161, -1.1156 ], [ -50.7135, -1.1837 ], [ -50.7183, -1.158 ], [ -50.7573, -1.0913 ] ] ], [ [ [ -50.9211, -0.9061 ], [ -50.9254, -0.8914 ], [ -50.8973, -0.8544 ], [ -50.862, -0.8459 ], [ -50.8615, -0.8698 ], [ -50.8289, -0.8151 ], [ -50.8065, -0.8717 ], [ -50.8423, -0.9052 ], [ -50.9211, -0.9061 ] ] ], [ [ [ -50.8126, -0.7741 ], [ -50.8062, -0.8274 ], [ -50.8175, -0.8196 ], [ -50.8257, -0.7975 ], [ -50.8126, -0.7741 ] ] ], [ [ [ -50.8991, -0.7629 ], [ -50.8313, -0.7401 ], [ -50.8545, -0.7673 ], [ -50.832, -0.7561 ], [ -50.839, -0.8274 ], [ -50.8778, -0.8258 ], [ -50.9308, -0.8586 ], [ -50.9777, -0.8568 ], [ -50.9769, -0.8188 ], [ -50.9468, -0.7635 ], [ -50.9242, -0.7507 ], [ -50.9497, -0.8157 ], [ -50.9228, -0.7953 ], [ -50.9255, -0.7669 ], [ -50.899, -0.7383 ], [ -50.8357, -0.7343 ], [ -50.8991, -0.7629 ] ] ], [ [ [ -50.8034, -0.772 ], [ -50.8064, -0.7764 ], [ -50.8102, -0.7683 ], [ -50.8028, -0.7575 ], [ -50.8034, -0.772 ] ] ], [ [ [ -50.8179, -0.7218 ], [ -50.813, -0.7198 ], [ -50.802, -0.7386 ], [ -50.8201, -0.7672 ], [ -50.8179, -0.7218 ] ] ], [ [ [ -50.8101, -0.6317 ], [ -50.8081, -0.6227 ], [ -50.8012, -0.6647 ], [ -50.8101, -0.6317 ] ] ], [ [ [ -50.8127, -0.6193 ], [ -50.8375, -0.5523 ], [ -50.8136, -0.5584 ], [ -50.8127, -0.6193 ] ] ], [ [ [ -50.7451, -0.5724 ], [ -50.7512, -0.5761 ], [ -50.7506, -0.571 ], [ -50.7451, -0.5724 ] ] ], [ [ [ -50.6984, -0.4427 ], [ -50.6591, -0.5017 ], [ -50.7106, -0.516 ], [ -50.7207, -0.4807 ], [ -50.6984, -0.4427 ] ] ], [ [ [ -50.853, -0.4481 ], [ -50.808, -0.4026 ], [ -50.7889, -0.4709 ], [ -50.854, -0.5224 ], [ -50.853, -0.4481 ] ] ], [ [ [ -50.7815, -0.4594 ], [ -50.7886, -0.449 ], [ -50.7845, -0.4509 ], [ -50.7815, -0.4594 ] ] ], [ [ [ -50.7801, -0.4022 ], [ -50.7707, -0.3971 ], [ -50.7558, -0.438 ], [ -50.7724, -0.4538 ], [ -50.7942, -0.4405 ], [ -50.7801, -0.4022 ] ] ], [ [ [ -50.7847, -0.3981 ], [ -50.7953, -0.4346 ], [ -50.8061, -0.3987 ], [ -50.7975, -0.3816 ], [ -50.7847, -0.3981 ] ] ], [ [ [ -50.3912, -0.3004 ], [ -50.3959, -0.2922 ], [ -50.3795, -0.3009 ], [ -50.3912, -0.3004 ] ] ], [ [ [ -50.7588, -0.2933 ], [ -50.7889, -0.3212 ], [ -50.7957, -0.3525 ], [ -50.9231, -0.3456 ], [ -50.7559, -0.2183 ], [ -50.7952, -0.2558 ], [ -50.7633, -0.2365 ], [ -50.7588, -0.2933 ] ] ], [ [ [ -50.4298, -0.2832 ], [ -50.4609, -0.2554 ], [ -50.4272, -0.2181 ], [ -50.4291, -0.2566 ], [ -50.4202, -0.2128 ], [ -50.4069, -0.2047 ], [ -50.3969, -0.2208 ], [ -50.3974, -0.1936 ], [ -50.3751, -0.2245 ], [ -50.3988, -0.2786 ], [ -50.4298, -0.2832 ] ] ], [ [ [ -50.3761, -0.2038 ], [ -50.348, -0.2041 ], [ -50.332, -0.2281 ], [ -50.361, -0.2605 ], [ -50.3813, -0.2507 ], [ -50.3707, -0.2302 ], [ -50.3761, -0.2038 ] ] ], [ [ [ -50.4596, -0.2342 ], [ -50.4476, -0.1908 ], [ -50.4376, -0.193 ], [ -50.4055, -0.1809 ], [ -50.4019, -0.193 ], [ -50.4596, -0.2342 ] ] ], [ [ [ -50.4518, -0.1844 ], [ -50.4651, -0.2422 ], [ -50.511, -0.2269 ], [ -50.5185, -0.2154 ], [ -50.4929, -0.2134 ], [ -50.5355, -0.1948 ], [ -50.5157, -0.19 ], [ -50.5056, -0.1668 ], [ -50.4476, -0.1476 ], [ -50.4412, -0.168 ], [ -50.4694, -0.1992 ], [ -50.4518, -0.1844 ] ] ], [ [ [ -50.3737, -0.1998 ], [ -50.397, -0.1751 ], [ -50.3662, -0.1693 ], [ -50.3418, -0.1975 ], [ -50.3737, -0.1998 ] ] ], [ [ [ -50.5308, -0.169 ], [ -50.5156, -0.1778 ], [ -50.5207, -0.1845 ], [ -50.5584, -0.1871 ], [ -50.5308, -0.169 ] ] ], [ [ [ -50.4343, -0.1533 ], [ -50.4045, -0.17 ], [ -50.4398, -0.189 ], [ -50.4343, -0.1533 ] ] ], [ [ [ -50.4396, -0.1438 ], [ -50.4689, -0.1427 ], [ -50.3906, -0.1007 ], [ -50.3801, -0.1179 ], [ -50.3954, -0.1489 ], [ -50.4396, -0.1438 ] ] ], [ [ [ -50.6707, -0.0628 ], [ -50.6718, -0.0719 ], [ -50.6514, -0.0712 ], [ -50.6427, -0.0592 ], [ -50.6254, -0.0941 ], [ -50.7242, -0.1731 ], [ -50.7078, -0.1567 ], [ -50.7052, -0.1287 ], [ -50.7285, -0.1742 ], [ -50.8105, -0.22 ], [ -50.8378, -0.208 ], [ -50.8776, -0.216 ], [ -50.9015, -0.2547 ], [ -50.9624, -0.2558 ], [ -50.9709, -0.2376 ], [ -51.038, -0.2211 ], [ -51.0346, -0.1898 ], [ -50.9993, -0.1841 ], [ -51.0255, -0.1841 ], [ -51.0289, -0.1682 ], [ -50.9734, -0.0522 ], [ -50.8552, -0.0448 ], [ -50.7915, -0.0166 ], [ -50.679, 0.0023 ], [ -50.647, -0.057 ], [ -50.6707, -0.0628 ] ] ], [ [ [ -50.6281, -0.0734 ], [ -50.6317, -0.0657 ], [ -50.6208, -0.0716 ], [ -50.6281, -0.0734 ] ] ], [ [ [ -50.4307, -0.0618 ], [ -50.3807, -0.029 ], [ -50.3573, -0.0455 ], [ -50.3614, -0.0621 ], [ -50.4307, -0.0618 ] ] ], [ [ [ -50.6219, -0.0595 ], [ -50.6314, -0.0177 ], [ -50.5997, -0.0333 ], [ -50.5717, -0.0333 ], [ -50.6219, -0.0595 ] ] ], [ [ [ -50.627, -0.0457 ], [ -50.6314, -0.0479 ], [ -50.6507, -0.0108 ], [ -50.627, -0.0457 ] ] ], [ [ [ -50.6128, 0.002 ], [ -50.5888, -0.025 ], [ -50.6361, -0.0086 ], [ -50.6419, 0.0045 ], [ -50.6128, 0.002 ] ] ], [ [ [ -50.4994, 0.0102 ], [ -50.4887, -0.0202 ], [ -50.5146, -0.0046 ], [ -50.5173, 0.0092 ], [ -50.4994, 0.0102 ] ] ], [ [ [ -50.8522, -0.0285 ], [ -50.9688, -0.0349 ], [ -50.9475, 0.0013 ], [ -50.7804, 0.0497 ], [ -50.7179, 0.0362 ], [ -50.7356, 0.0092 ], [ -50.8522, -0.0285 ] ] ], [ [ [ -50.6914, 0.0278 ], [ -50.663, 0.0176 ], [ -50.7031, 0.0132 ], [ -50.6914, 0.0278 ] ] ], [ [ [ -50.5294, 0.0726 ], [ -50.512, 0.0652 ], [ -50.5168, 0.0647 ], [ -50.5294, 0.0726 ] ] ], [ [ [ -50.4477, 0.1501 ], [ -50.4346, 0.0454 ], [ -50.4369, -0.0052 ], [ -50.4769, -0.0234 ], [ -50.4836, 0.0003 ], [ -50.5158, 0.0314 ], [ -50.5275, 0.009 ], [ -50.6027, 0.0419 ], [ -50.6621, 0.1274 ], [ -50.6541, 0.1601 ], [ -50.5899, 0.2087 ], [ -50.4899, 0.1787 ], [ -50.4477, 0.1501 ] ], [ [ -50.5814, 0.04 ], [ -50.5607, 0.0749 ], [ -50.4981, 0.0569 ], [ -50.4442, 0.0559 ], [ -50.4409, 0.0403 ], [ -50.4385, 0.0534 ], [ -50.4428, 0.0595 ], [ -50.5593, 0.0803 ], [ -50.5937, 0.06 ], [ -50.5814, 0.04 ] ] ], [ [ [ -50.5423, 0.2572 ], [ -50.5341, 0.2604 ], [ -50.534, 0.258 ], [ -50.5423, 0.2572 ] ] ], [ [ [ -50.6173, 0.295 ], [ -50.6075, 0.3088 ], [ -50.6042, 0.3021 ], [ -50.6173, 0.295 ] ] ], [ [ [ -50.6009, 0.3101 ], [ -50.6056, 0.3125 ], [ -50.601, 0.3197 ], [ -50.6009, 0.3101 ] ] ], [ [ [ -50.4404, 0.4411 ], [ -50.418, 0.4379 ], [ -50.4365, 0.4517 ], [ -50.4194, 0.5628 ], [ -50.3633, 0.621 ], [ -50.3402, 0.5904 ], [ -50.3364, 0.3994 ], [ -50.289, 0.3017 ], [ -50.3336, 0.2484 ], [ -50.3865, 0.2548 ], [ -50.4092, 0.2426 ], [ -50.4168, 0.1704 ], [ -50.5286, 0.2067 ], [ -50.5478, 0.2367 ], [ -50.4965, 0.2902 ], [ -50.4849, 0.2897 ], [ -50.4783, 0.2628 ], [ -50.4695, 0.2574 ], [ -50.4503, 0.2598 ], [ -50.4331, 0.2756 ], [ -50.472, 0.2612 ], [ -50.4855, 0.2988 ], [ -50.4517, 0.4015 ], [ -50.4318, 0.3944 ], [ -50.4404, 0.4411 ] ], [ [ -50.4317, 0.3943 ], [ -50.4315, 0.3944 ], [ -50.4318, 0.3944 ], [ -50.4317, 0.3943 ] ] ], [ [ [ -50.3251, -0.1606 ], [ -50.3123, -0.1715 ], [ -50.3276, -0.19 ], [ -50.355, -0.1748 ], [ -50.3251, -0.1606 ] ] ], [ [ [ -50.3345, -0.145 ], [ -50.3241, -0.1549 ], [ -50.3732, -0.1591 ], [ -50.3345, -0.145 ] ] ], [ [ [ -50.3121, -0.138 ], [ -50.3186, -0.157 ], [ -50.3306, -0.1378 ], [ -50.3121, -0.138 ] ] ], [ [ [ -50.3367, -0.1374 ], [ -50.3902, -0.1612 ], [ -50.3695, -0.0953 ], [ -50.3186, -0.0896 ], [ -50.3126, -0.104 ], [ -50.3367, -0.1374 ] ] ], [ [ [ -50.2167, -0.0665 ], [ -50.2195, -0.0605 ], [ -50.2115, -0.062 ], [ -50.2167, -0.0665 ] ] ], [ [ [ -50.2189, -0.0519 ], [ -50.2332, -0.0578 ], [ -50.2352, -0.0481 ], [ -50.2189, -0.0519 ] ] ], [ [ [ -50.1944, -0.05 ], [ -50.1972, -0.052 ], [ -50.2003, -0.0435 ], [ -50.1944, -0.05 ] ] ], [ [ [ -50.2313, 0.2563 ], [ -50.2041, 0.2594 ], [ -50.2326, 0.2477 ], [ -50.2442, 0.2587 ], [ -50.2313, 0.2563 ] ] ], [ [ [ -50.1904, 0.2584 ], [ -50.2404, 0.2672 ], [ -50.1408, 0.346 ], [ -50.0698, 0.3483 ], [ -50.0758, 0.3237 ], [ -50.1904, 0.2584 ] ] ], [ [ [ -50.3331, 0.4113 ], [ -50.3311, 0.413 ], [ -50.326, 0.3887 ], [ -50.3331, 0.4113 ] ] ], [ [ [ -50.3335, 0.4879 ], [ -50.331, 0.4229 ], [ -50.3367, 0.4373 ], [ -50.3335, 0.4879 ] ] ], [ [ [ -50.2499, 0.3459 ], [ -50.2941, 0.3419 ], [ -50.3075, 0.4201 ], [ -50.2927, 0.5563 ], [ -50.2747, 0.5665 ], [ -50.2639, 0.5856 ], [ -50.2323, 0.6044 ], [ -50.2282, 0.5806 ], [ -50.2002, 0.5663 ], [ -50.1922, 0.583 ], [ -50.1964, 0.5952 ], [ -50.1667, 0.5999 ], [ -50.1813, 0.5834 ], [ -50.1554, 0.593 ], [ -50.1096, 0.5662 ], [ -50.1179, 0.5866 ], [ -50.1424, 0.5928 ], [ -50.101, 0.6521 ], [ -50.0599, 0.6096 ], [ -50.0404, 0.5421 ], [ -50.0547, 0.508 ], [ -50.2499, 0.3459 ] ] ], [ [ [ -50.3013, 0.5458 ], [ -50.3055, 0.5299 ], [ -50.309, 0.5381 ], [ -50.3013, 0.5458 ] ] ], [ [ [ -50.3024, 0.5647 ], [ -50.3069, 0.5489 ], [ -50.312, 0.5541 ], [ -50.3142, 0.5685 ], [ -50.3024, 0.5647 ] ] ], [ [ [ -50.2901, 0.5701 ], [ -50.2902, 0.5647 ], [ -50.2933, 0.5648 ], [ -50.2901, 0.5701 ] ] ], [ [ [ -50.2816, 0.571 ], [ -50.2759, 0.57 ], [ -50.2793, 0.5658 ], [ -50.2816, 0.571 ] ] ], [ [ [ -50.3028, 0.5784 ], [ -50.3011, 0.5735 ], [ -50.3052, 0.5699 ], [ -50.3028, 0.5784 ] ] ], [ [ [ -50.2818, 0.5723 ], [ -50.2872, 0.5743 ], [ -50.2835, 0.5821 ], [ -50.2703, 0.5812 ], [ -50.2818, 0.5723 ] ] ], [ [ [ -50.3233, 0.5846 ], [ -50.3181, 0.5842 ], [ -50.3109, 0.5916 ], [ -50.3142, 0.5706 ], [ -50.3233, 0.5846 ] ] ], [ [ [ -50.225, 0.5905 ], [ -50.1976, 0.5876 ], [ -50.2029, 0.5761 ], [ -50.225, 0.5905 ] ] ], [ [ [ -50.3007, 0.5902 ], [ -50.2999, 0.5814 ], [ -50.3069, 0.5871 ], [ -50.3007, 0.5902 ] ] ], [ [ [ -50.318, 0.595 ], [ -50.3192, 0.5869 ], [ -50.3238, 0.5893 ], [ -50.318, 0.595 ] ] ], [ [ [ -50.2914, 0.5996 ], [ -50.2917, 0.5895 ], [ -50.2947, 0.59 ], [ -50.2914, 0.5996 ] ] ], [ [ [ -50.2092, 0.6094 ], [ -50.2008, 0.6003 ], [ -50.2205, 0.5964 ], [ -50.2092, 0.6094 ] ] ], [ [ [ -50.317, 0.6028 ], [ -50.3184, 0.6001 ], [ -50.3254, 0.6081 ], [ -50.317, 0.6028 ] ] ], [ [ [ -50.2857, 0.5882 ], [ -50.279, 0.6046 ], [ -50.2533, 0.6069 ], [ -50.2474, 0.6271 ], [ -50.2337, 0.6104 ], [ -50.2857, 0.5882 ] ] ], [ [ [ -50.2674, 0.6093 ], [ -50.2653, 0.6071 ], [ -50.2697, 0.6059 ], [ -50.2674, 0.6093 ] ] ], [ [ [ -50.2568, 0.6182 ], [ -50.254, 0.6195 ], [ -50.2538, 0.6115 ], [ -50.2568, 0.6182 ] ] ], [ [ [ -50.2907, 0.6228 ], [ -50.2908, 0.6045 ], [ -50.2946, 0.6055 ], [ -50.2907, 0.6228 ] ] ], [ [ [ -50.3197, 0.6294 ], [ -50.3057, 0.5999 ], [ -50.3215, 0.6108 ], [ -50.3197, 0.6294 ] ] ], [ [ [ -50.2646, 0.6176 ], [ -50.2617, 0.6174 ], [ -50.2639, 0.613 ], [ -50.2646, 0.6176 ] ] ], [ [ [ -50.275, 0.6232 ], [ -50.283, 0.6086 ], [ -50.2847, 0.6107 ], [ -50.275, 0.6232 ] ] ], [ [ [ -50.2136, 0.6184 ], [ -50.2205, 0.6154 ], [ -50.2215, 0.6196 ], [ -50.2136, 0.6184 ] ] ], [ [ [ -50.281, 0.6263 ], [ -50.2843, 0.616 ], [ -50.2887, 0.6202 ], [ -50.281, 0.6263 ] ] ], [ [ [ -50.2676, 0.6259 ], [ -50.2691, 0.619 ], [ -50.2729, 0.6191 ], [ -50.2676, 0.6259 ] ] ], [ [ [ -50.2373, 0.6294 ], [ -50.2271, 0.618 ], [ -50.2304, 0.6165 ], [ -50.2373, 0.6294 ] ] ], [ [ [ -50.2937, 0.6369 ], [ -50.3063, 0.6225 ], [ -50.3135, 0.6315 ], [ -50.2937, 0.6369 ] ] ], [ [ [ -50.1841, 0.6364 ], [ -50.1848, 0.6263 ], [ -50.2018, 0.6311 ], [ -50.1841, 0.6364 ] ] ], [ [ [ -50.2737, 0.7338 ], [ -50.1882, 0.7469 ], [ -50.2283, 0.7382 ], [ -50.2737, 0.7338 ] ] ], [ [ [ -49.6483, -1.9077 ], [ -49.6506, -1.9123 ], [ -49.6541, -1.9043 ], [ -49.6483, -1.9077 ] ] ], [ [ [ -49.6607, -1.9003 ], [ -49.6589, -1.8973 ], [ -49.6559, -1.9008 ], [ -49.6607, -1.9003 ] ] ], [ [ [ -49.8145, -1.8972 ], [ -49.8175, -1.8922 ], [ -49.7588, -1.8931 ], [ -49.8145, -1.8972 ] ] ], [ [ [ -49.6606, -1.8903 ], [ -49.6588, -1.8873 ], [ -49.6575, -1.8883 ], [ -49.6606, -1.8903 ] ] ], [ [ [ -49.7349, -1.9032 ], [ -49.741, -1.8932 ], [ -49.6872, -1.8685 ], [ -49.6629, -1.8804 ], [ -49.6636, -1.9014 ], [ -49.7349, -1.9032 ] ] ], [ [ [ -49.7477, -1.8888 ], [ -49.7497, -1.8864 ], [ -49.7462, -1.882 ], [ -49.7477, -1.8888 ] ] ], [ [ [ -49.7995, -1.8844 ], [ -49.8, -1.8815 ], [ -49.7936, -1.8809 ], [ -49.7995, -1.8844 ] ] ], [ [ [ -49.8087, -1.8762 ], [ -49.822, -1.8851 ], [ -49.8235, -1.8816 ], [ -49.8087, -1.8762 ] ] ], [ [ [ -49.6557, -1.8839 ], [ -49.6572, -1.8842 ], [ -49.662, -1.877 ], [ -49.6557, -1.8839 ] ] ], [ [ [ -49.6744, -1.8738 ], [ -49.6761, -1.8693 ], [ -49.6658, -1.8716 ], [ -49.6744, -1.8738 ] ] ], [ [ [ -49.6671, -1.8693 ], [ -49.6753, -1.8633 ], [ -49.6711, -1.8617 ], [ -49.6671, -1.8693 ] ] ], [ [ [ -49.6897, -1.8654 ], [ -49.6909, -1.863 ], [ -49.6874, -1.8601 ], [ -49.6897, -1.8654 ] ] ], [ [ [ -49.8556, -1.8665 ], [ -49.8609, -1.8644 ], [ -49.8597, -1.8605 ], [ -49.8556, -1.8665 ] ] ], [ [ [ -49.7407, -1.8539 ], [ -49.7311, -1.8616 ], [ -49.7474, -1.8703 ], [ -49.7614, -1.8613 ], [ -49.7407, -1.8539 ] ] ], [ [ [ -49.774, -1.8618 ], [ -49.781, -1.8647 ], [ -49.7804, -1.8602 ], [ -49.774, -1.8618 ] ] ], [ [ [ -49.7775, -1.8541 ], [ -49.7959, -1.8546 ], [ -49.7943, -1.8516 ], [ -49.7775, -1.8541 ] ] ], [ [ [ -49.9263, -1.8486 ], [ -49.9291, -1.8444 ], [ -49.9265, -1.8435 ], [ -49.9263, -1.8486 ] ] ], [ [ [ -49.641, -1.8248 ], [ -49.6227, -1.8334 ], [ -49.6424, -1.8492 ], [ -49.6529, -1.8665 ], [ -49.6859, -1.8513 ], [ -49.641, -1.8248 ] ] ], [ [ [ -49.826, -1.8469 ], [ -49.8304, -1.8416 ], [ -49.8241, -1.8391 ], [ -49.8125, -1.8456 ], [ -49.826, -1.8469 ] ] ], [ [ [ -49.7042, -1.8456 ], [ -49.7098, -1.8459 ], [ -49.7053, -1.8351 ], [ -49.7042, -1.8456 ] ] ], [ [ [ -49.7631, -1.8482 ], [ -49.7756, -1.8429 ], [ -49.755, -1.8282 ], [ -49.7298, -1.8324 ], [ -49.7631, -1.8482 ] ] ], [ [ [ -49.6534, -1.8265 ], [ -49.6764, -1.8344 ], [ -49.6752, -1.8305 ], [ -49.6534, -1.8265 ] ] ], [ [ [ -50.1435, -1.8085 ], [ -50.148, -1.8073 ], [ -50.1456, -1.8029 ], [ -50.1435, -1.8085 ] ] ], [ [ [ -50.1532, -1.8061 ], [ -50.1577, -1.8053 ], [ -50.1519, -1.7995 ], [ -50.1532, -1.8061 ] ] ], [ [ [ -50.1037, -1.7959 ], [ -50.1332, -1.7996 ], [ -50.1319, -1.7962 ], [ -50.1037, -1.7959 ] ] ], [ [ [ -49.8774, -1.7866 ], [ -49.8712, -1.7885 ], [ -49.8722, -1.791 ], [ -49.8774, -1.7866 ] ] ], [ [ [ -50.1407, -1.7907 ], [ -50.1422, -1.7894 ], [ -50.1317, -1.7842 ], [ -50.1407, -1.7907 ] ] ], [ [ [ -50.0495, -1.7635 ], [ -50.0641, -1.758 ], [ -50.0547, -1.7488 ], [ -50.0495, -1.7635 ] ] ], [ [ [ -50.067, -1.7549 ], [ -50.0709, -1.7541 ], [ -50.069, -1.7484 ], [ -50.067, -1.7549 ] ] ], [ [ [ -50.0378, -1.7364 ], [ -50.0395, -1.7472 ], [ -50.0548, -1.7322 ], [ -50.0378, -1.7364 ] ] ], [ [ [ -50.0496, 0.0212 ], [ -50.0401, 0.0086 ], [ -50.0451, 0.0091 ], [ -50.0496, 0.0212 ] ] ], [ [ [ -49.7512, 0.2865 ], [ -49.7244, 0.2466 ], [ -49.711, 0.2403 ], [ -49.7051, 0.1962 ], [ -49.7287, 0.1952 ], [ -49.7767, 0.1463 ], [ -49.8195, 0.0967 ], [ -49.8484, 0.0311 ], [ -49.8923, 0.0077 ], [ -49.8817, -0.006 ], [ -49.9984, -0.0527 ], [ -50.0135, -0.0496 ], [ -50.038, 0.0146 ], [ -50.0571, 0.0282 ], [ -50.0741, 0.0347 ], [ -50.1971, 0.0513 ], [ -50.3416, 0.0392 ], [ -50.3572, 0.0584 ], [ -50.3574, 0.1064 ], [ -50.3325, 0.1262 ], [ -50.3066, 0.1195 ], [ -50.3306, 0.1308 ], [ -50.3502, 0.1197 ], [ -50.3395, 0.1624 ], [ -50.3112, 0.1693 ], [ -50.3394, 0.1874 ], [ -50.3659, 0.095 ], [ -50.3955, 0.1395 ], [ -50.3871, 0.2383 ], [ -50.3054, 0.2222 ], [ -50.2692, 0.2418 ], [ -50.2127, 0.2245 ], [ -50.1477, 0.2285 ], [ -50.0677, 0.2856 ], [ -50.0545, 0.281 ], [ -50.0511, 0.2976 ], [ -50.0388, 0.291 ], [ -50.0386, 0.308 ], [ -50.0135, 0.3079 ], [ -50.0111, 0.2796 ], [ -50.0056, 0.3193 ], [ -49.984, 0.3297 ], [ -49.9573, 0.334 ], [ -49.9462, 0.3098 ], [ -49.9368, 0.3256 ], [ -49.9055, 0.3173 ], [ -49.8579, 0.3382 ], [ -49.8343, 0.3132 ], [ -49.8047, 0.3351 ], [ -49.793, 0.317 ], [ -49.7922, 0.3372 ], [ -49.7686, 0.3448 ], [ -49.7472, 0.3279 ], [ -49.7512, 0.2865 ] ] ], [ [ [ -49.6709, 0.1892 ], [ -49.6501, 0.2056 ], [ -49.6209, 0.1861 ], [ -49.636, 0.1648 ], [ -49.6668, 0.1691 ], [ -49.6709, 0.1892 ] ] ], [ [ [ -49.7035, 0.2243 ], [ -49.6828, 0.2093 ], [ -49.6973, 0.1976 ], [ -49.7035, 0.2243 ] ] ], [ [ [ -49.6808, 0.3697 ], [ -49.6695, 0.343 ], [ -49.6548, 0.3528 ], [ -49.6207, 0.3183 ], [ -49.6118, 0.2868 ], [ -49.6545, 0.2196 ], [ -49.6997, 0.2243 ], [ -49.7076, 0.244 ], [ -49.7328, 0.2642 ], [ -49.7471, 0.2913 ], [ -49.745, 0.3525 ], [ -49.6808, 0.3697 ] ] ], [ [ [ -50.0289, 0.314 ], [ -50.0379, 0.3132 ], [ -50.0366, 0.3182 ], [ -50.0289, 0.314 ] ] ], [ [ [ -50.0601, 0.4551 ], [ -50.0618, 0.4609 ], [ -50.0521, 0.4613 ], [ -50.0601, 0.4551 ] ] ], [ [ [ -50.0442, 0.4625 ], [ -50.0408, 0.4633 ], [ -50.0404, 0.4599 ], [ -50.0442, 0.4625 ] ] ], [ [ [ -50.1514, 0.6045 ], [ -50.15, 0.5964 ], [ -50.1528, 0.5973 ], [ -50.1514, 0.6045 ] ] ], [ [ [ -49.642, -1.8528 ], [ -49.6354, -1.8494 ], [ -49.6407, -1.8605 ], [ -49.642, -1.8528 ] ] ], [ [ [ -49.5474, -1.8269 ], [ -49.5662, -1.8339 ], [ -49.6085, -1.836 ], [ -49.6532, -1.814 ], [ -49.5948, -1.7852 ], [ -49.5418, -1.7984 ], [ -49.5474, -1.8269 ] ] ], [ [ [ -49.5339, -1.7533 ], [ -49.5253, -1.7557 ], [ -49.5466, -1.7703 ], [ -49.585, -1.7673 ], [ -49.5339, -1.7533 ] ] ], [ [ [ -49.4488, -1.7822 ], [ -49.4629, -1.7582 ], [ -49.3875, -1.7451 ], [ -49.4488, -1.7822 ] ] ], [ [ [ -49.3669, -1.749 ], [ -49.3809, -1.7603 ], [ -49.3589, -1.7292 ], [ -49.3669, -1.749 ] ] ], [ [ [ -49.3913, -1.7233 ], [ -49.3866, -1.7233 ], [ -49.3891, -1.7259 ], [ -49.3913, -1.7233 ] ] ], [ [ [ -49.4932, -1.7353 ], [ -49.4966, -1.7352 ], [ -49.4914, -1.7094 ], [ -49.4666, -1.7106 ], [ -49.4932, -1.7353 ] ] ], [ [ [ -49.4421, -1.6831 ], [ -49.4333, -1.6921 ], [ -49.4588, -1.7196 ], [ -49.4655, -1.6955 ], [ -49.4421, -1.6831 ] ] ], [ [ [ -49.27, -1.6953 ], [ -49.283, -1.6924 ], [ -49.2705, -1.6861 ], [ -49.27, -1.6953 ] ] ], [ [ [ -49.2361, -1.6925 ], [ -49.2405, -1.6928 ], [ -49.238, -1.6844 ], [ -49.2361, -1.6925 ] ] ], [ [ [ -49.3697, -1.6853 ], [ -49.4066, -1.6918 ], [ -49.3917, -1.6769 ], [ -49.3697, -1.6853 ] ] ], [ [ [ -49.286, -1.6757 ], [ -49.3239, -1.6915 ], [ -49.3081, -1.6749 ], [ -49.286, -1.6757 ] ] ], [ [ [ -49.3294, -1.6896 ], [ -49.3349, -1.6891 ], [ -49.3332, -1.6828 ], [ -49.3114, -1.6671 ], [ -49.3294, -1.6896 ] ] ], [ [ [ -49.3761, -1.6683 ], [ -49.4222, -1.6894 ], [ -49.4226, -1.6859 ], [ -49.3761, -1.6683 ] ] ], [ [ [ -49.4112, -1.6755 ], [ -49.4333, -1.6778 ], [ -49.4327, -1.6718 ], [ -49.4112, -1.6755 ] ] ], [ [ [ -49.3394, -1.6562 ], [ -49.3259, -1.6587 ], [ -49.3589, -1.692 ], [ -49.3652, -1.6645 ], [ -49.3394, -1.6562 ] ] ], [ [ [ -49.4543, -1.6517 ], [ -49.4463, -1.6767 ], [ -49.4798, -1.6749 ], [ -49.4933, -1.6575 ], [ -49.4543, -1.6517 ] ] ], [ [ [ -49.4414, -1.6616 ], [ -49.443, -1.6565 ], [ -49.4351, -1.6538 ], [ -49.4414, -1.6616 ] ] ], [ [ [ -49.4166, -1.6481 ], [ -49.399, -1.661 ], [ -49.416, -1.6614 ], [ -49.4166, -1.6481 ] ] ], [ [ [ -49.3131, -1.6543 ], [ -49.3139, -1.6502 ], [ -49.2987, -1.6521 ], [ -49.3131, -1.6543 ] ] ], [ [ [ -49.2331, -1.6457 ], [ -49.2456, -1.6384 ], [ -49.2418, -1.6352 ], [ -49.2244, -1.6368 ], [ -49.2331, -1.6457 ] ] ], [ [ [ -49.3238, -1.6293 ], [ -49.323, -1.6256 ], [ -49.3172, -1.6263 ], [ -49.3238, -1.6293 ] ] ], [ [ [ -48.4192, -0.2971 ], [ -48.4058, -0.2862 ], [ -48.3898, -0.301 ], [ -48.4031, -0.352 ], [ -48.4473, -0.3928 ], [ -48.469, -0.4656 ], [ -48.486, -0.4747 ], [ -48.4737, -0.4946 ], [ -48.4905, -0.528 ], [ -48.4898, -0.6051 ], [ -48.514, -0.619 ], [ -48.49, -0.7382 ], [ -48.506, -0.7396 ], [ -48.5281, -0.7081 ], [ -48.5309, -0.7055 ], [ -48.5411, -0.7011 ], [ -48.5471, -0.6961 ], [ -48.5481, -0.6964 ], [ -48.4983, -0.7683 ], [ -48.5035, -0.8711 ], [ -48.5237, -0.9153 ], [ -48.6134, -0.9617 ], [ -48.6149, -1.0742 ], [ -48.7718, -1.1917 ], [ -48.7348, -1.1892 ], [ -48.7332, -1.2078 ], [ -48.7855, -1.3544 ], [ -48.8151, -1.4114 ], [ -48.8473, -1.4138 ], [ -48.8211, -1.4402 ], [ -48.874, -1.4667 ], [ -48.8902, -1.4956 ], [ -49.1305, -1.5708 ], [ -49.1415, -1.6111 ], [ -49.1795, -1.6279 ], [ -49.262, -1.6289 ], [ -49.2597, -1.6129 ], [ -49.2728, -1.623 ], [ -49.2781, -1.6085 ], [ -49.3035, -1.5939 ], [ -49.2821, -1.6255 ], [ -49.306, -1.6313 ], [ -49.3192, -1.601 ], [ -49.3059, -1.5919 ], [ -49.3242, -1.595 ], [ -49.3362, -1.5742 ], [ -49.3415, -1.575 ], [ -49.3426, -1.5843 ], [ -49.3162, -1.6157 ], [ -49.3446, -1.6399 ], [ -49.3476, -1.6293 ], [ -49.3509, -1.6294 ], [ -49.3626, -1.6524 ], [ -49.386, -1.6584 ], [ -49.4097, -1.6384 ], [ -49.3939, -1.6404 ], [ -49.3738, -1.6275 ], [ -49.39, -1.6255 ], [ -49.4197, -1.6424 ], [ -49.4235, -1.6195 ], [ -49.4486, -1.6124 ], [ -49.4279, -1.6322 ], [ -49.4445, -1.6445 ], [ -49.4566, -1.637 ], [ -49.4515, -1.612 ], [ -49.4623, -1.635 ], [ -49.4879, -1.6144 ], [ -49.5168, -1.6629 ], [ -49.502, -1.6557 ], [ -49.4681, -1.7021 ], [ -49.4921, -1.7045 ], [ -49.5083, -1.7191 ], [ -49.5009, -1.7371 ], [ -49.5258, -1.7317 ], [ -49.5338, -1.7095 ], [ -49.6112, -1.744 ], [ -49.6761, -1.8054 ], [ -49.7336, -1.7996 ], [ -49.701, -1.7962 ], [ -49.7249, -1.7838 ], [ -49.7024, -1.7587 ], [ -49.7183, -1.7583 ], [ -49.722, -1.7188 ], [ -49.7412, -1.7904 ], [ -49.8089, -1.8173 ], [ -49.9479, -1.7511 ], [ -50.0233, -1.7556 ], [ -50.0348, -1.7272 ], [ -50.0585, -1.7172 ], [ -50.1165, -1.7714 ], [ -50.18, -1.7909 ], [ -50.1967, -1.7762 ], [ -50.1943, -1.7983 ], [ -50.2264, -1.7655 ], [ -50.2811, -1.7591 ], [ -50.2998, -1.781 ], [ -50.2885, -1.8089 ], [ -50.3831, -1.8394 ], [ -50.4877, -1.7892 ], [ -50.526, -1.7529 ], [ -50.5071, -1.7485 ], [ -50.4739, -1.7775 ], [ -50.5056, -1.7462 ], [ -50.581, -1.7168 ], [ -50.6062, -1.6642 ], [ -50.6488, -1.6376 ], [ -50.6542, -1.6096 ], [ -50.7358, -1.5468 ], [ -50.7999, -1.4059 ], [ -50.761, -1.3781 ], [ -50.7304, -1.4031 ], [ -50.6866, -1.4136 ], [ -50.6809, -1.4088 ], [ -50.6803, -1.3954 ], [ -50.6641, -1.4249 ], [ -50.6757, -1.4693 ], [ -50.6599, -1.4251 ], [ -50.6609, -1.4013 ], [ -50.6825, -1.3897 ], [ -50.6864, -1.4099 ], [ -50.7305, -1.4011 ], [ -50.7582, -1.3763 ], [ -50.7825, -1.3838 ], [ -50.8069, -1.3532 ], [ -50.7551, -1.1748 ], [ -50.798, -1.0894 ], [ -50.7846, -1.0751 ], [ -50.7645, -1.0877 ], [ -50.7116, -1.1961 ], [ -50.7033, -1.1387 ], [ -50.7255, -1.0957 ], [ -50.5789, -1.1526 ], [ -50.5771, -1.1379 ], [ -50.652, -1.0913 ], [ -50.5686, -1.0863 ], [ -50.5564, -1.0675 ], [ -50.6093, -1.059 ], [ -50.6255, -1.0808 ], [ -50.6862, -1.0863 ], [ -50.7202, -1.0692 ], [ -50.7478, -1.0308 ], [ -50.7145, -1.0278 ], [ -50.7007, -0.9472 ], [ -50.6597, -0.9462 ], [ -50.6769, -0.9245 ], [ -50.6542, -0.8949 ], [ -50.6488, -0.8648 ], [ -50.6158, -0.8623 ], [ -50.5951, -0.8378 ], [ -50.6008, -0.8355 ], [ -50.6165, -0.8585 ], [ -50.6472, -0.8541 ], [ -50.6578, -0.8916 ], [ -50.7032, -0.9426 ], [ -50.7192, -0.9257 ], [ -50.7134, -0.8619 ], [ -50.7201, -0.828 ], [ -50.7286, -0.828 ], [ -50.7202, -0.9544 ], [ -50.7439, -0.9644 ], [ -50.73, -0.9689 ], [ -50.7088, -0.9484 ], [ -50.7151, -1.021 ], [ -50.754, -1.0316 ], [ -50.7303, -1.0699 ], [ -50.699, -1.0881 ], [ -50.7311, -1.087 ], [ -50.783, -1.033 ], [ -50.7977, -0.9577 ], [ -50.7742, -0.8381 ], [ -50.7489, -0.8631 ], [ -50.762, -0.896 ], [ -50.7442, -0.868 ], [ -50.7883, -0.7874 ], [ -50.7985, -0.8083 ], [ -50.8004, -0.7785 ], [ -50.7956, -0.7668 ], [ -50.7885, -0.7865 ], [ -50.7854, -0.661 ], [ -50.7358, -0.5582 ], [ -50.6976, -0.6014 ], [ -50.6786, -0.59 ], [ -50.6887, -0.5544 ], [ -50.673, -0.5458 ], [ -50.6972, -0.5485 ], [ -50.7102, -0.5211 ], [ -50.6399, -0.4948 ], [ -50.6779, -0.468 ], [ -50.6539, -0.4508 ], [ -50.6868, -0.443 ], [ -50.6736, -0.4332 ], [ -50.6748, -0.4135 ], [ -50.6779, -0.4346 ], [ -50.701, -0.4313 ], [ -50.6957, -0.373 ], [ -50.6436, -0.2668 ], [ -50.573, -0.2 ], [ -50.5364, -0.2004 ], [ -50.5713, -0.2402 ], [ -50.5447, -0.2228 ], [ -50.5419, -0.2731 ], [ -50.5284, -0.2119 ], [ -50.5185, -0.2291 ], [ -50.4922, -0.2366 ], [ -50.4893, -0.2586 ], [ -50.483, -0.242 ], [ -50.466, -0.2516 ], [ -50.476, -0.2785 ], [ -50.4599, -0.266 ], [ -50.4461, -0.2863 ], [ -50.4, -0.2956 ], [ -50.4175, -0.3271 ], [ -50.3951, -0.3036 ], [ -50.3742, -0.3043 ], [ -50.347, -0.3454 ], [ -50.3653, -0.3052 ], [ -50.395, -0.2822 ], [ -50.3828, -0.2608 ], [ -50.3578, -0.2665 ], [ -50.3283, -0.2397 ], [ -50.3369, -0.2028 ], [ -50.3078, -0.1745 ], [ -50.3068, -0.1385 ], [ -50.3219, -0.1183 ], [ -50.3001, -0.0997 ], [ -50.2425, -0.1267 ], [ -50.1221, -0.1273 ], [ -49.8428, -0.1988 ], [ -49.8025, -0.1919 ], [ -49.7579, -0.2193 ], [ -49.6133, -0.2539 ], [ -49.6096, -0.2399 ], [ -49.5241, -0.238 ], [ -49.482, -0.221 ], [ -49.4479, -0.2301 ], [ -49.4543, -0.2216 ], [ -49.4355, -0.213 ], [ -49.4273, -0.2561 ], [ -49.4111, -0.2313 ], [ -49.3783, -0.255 ], [ -49.4142, -0.2183 ], [ -49.3898, -0.1901 ], [ -49.3303, -0.1634 ], [ -49.2379, -0.1665 ], [ -49.1968, -0.1477 ], [ -49.18, -0.1618 ], [ -49.1165, -0.1731 ], [ -49.0205, -0.1618 ], [ -48.9774, -0.2002 ], [ -48.986, -0.2144 ], [ -48.9818, -0.2205 ], [ -48.9728, -0.2016 ], [ -48.9111, -0.2461 ], [ -48.8992, -0.23 ], [ -48.8853, -0.2354 ], [ -48.8892, -0.2246 ], [ -48.8051, -0.2204 ], [ -48.7756, -0.2432 ], [ -48.6933, -0.2608 ], [ -48.6334, -0.2353 ], [ -48.4999, -0.2488 ], [ -48.4719, -0.2351 ], [ -48.4192, -0.2971 ] ], [ [ -50.3128, -1.8071 ], [ -50.3475, -1.8051 ], [ -50.336, -1.8079 ], [ -50.3128, -1.8071 ] ], [ [ -50.3524, -1.8046 ], [ -50.3918, -1.795 ], [ -50.3788, -1.7992 ], [ -50.3524, -1.8046 ] ], [ [ -50.4239, -1.7876 ], [ -50.4238, -1.7878 ], [ -50.4227, -1.7879 ], [ -50.4239, -1.7876 ] ], [ [ -50.4621, -1.7837 ], [ -50.4567, -1.7823 ], [ -50.47, -1.7808 ], [ -50.4621, -1.7837 ] ], [ [ -50.391, -1.0262 ], [ -50.3611, -1.0304 ], [ -50.3378, -1.0948 ], [ -50.3024, -1.1103 ], [ -50.2652, -1.1058 ], [ -50.2382, -1.1512 ], [ -50.2402, -1.1842 ], [ -50.1929, -1.2016 ], [ -50.1933, -1.2235 ], [ -50.1537, -1.2297 ], [ -50.1258, -1.2787 ], [ -50.0946, -1.2885 ], [ -50.1038, -1.3027 ], [ -50.0857, -1.3204 ], [ -50.0528, -1.3105 ], [ -50.0345, -1.3315 ], [ -49.9817, -1.3164 ], [ -50.0237, -1.372 ], [ -50.0504, -1.3375 ], [ -50.088, -1.3494 ], [ -50.1314, -1.3203 ], [ -50.2446, -1.3585 ], [ -50.2444, -1.3838 ], [ -50.2848, -1.4002 ], [ -50.2907, -1.4211 ], [ -50.2794, -1.4903 ], [ -50.2885, -1.5409 ], [ -50.2657, -1.578 ], [ -50.2923, -1.5958 ], [ -50.2028, -1.6038 ], [ -50.0483, -1.51 ], [ -49.9287, -1.5098 ], [ -49.8583, -1.442 ], [ -49.7345, -1.4494 ], [ -49.6695, -1.4111 ], [ -49.6181, -1.3339 ], [ -49.5901, -1.3325 ], [ -49.5265, -1.1882 ], [ -49.5656, -1.2111 ], [ -49.6046, -1.2699 ], [ -49.6821, -1.2627 ], [ -49.708, -1.2328 ], [ -49.7691, -1.2626 ], [ -49.8222, -1.2303 ], [ -49.8735, -1.1679 ], [ -49.8803, -1.108 ], [ -49.9106, -1.0831 ], [ -49.9313, -1.0952 ], [ -50.215, -1.0657 ], [ -50.2499, -0.9717 ], [ -50.2967, -0.9724 ], [ -50.3023, -0.9601 ], [ -50.4074, -0.9691 ], [ -50.4408, -1.0256 ], [ -50.4566, -1.0114 ], [ -50.4762, -1.0271 ], [ -50.5213, -1.0106 ], [ -50.5533, -1.0589 ], [ -50.5304, -1.0727 ], [ -50.5207, -1.056 ], [ -50.5008, -1.0613 ], [ -50.4672, -1.039 ], [ -50.4106, -1.0442 ], [ -50.391, -1.0262 ] ], [ [ -49.7409, -1.6761 ], [ -49.7347, -1.694 ], [ -49.7343, -1.6806 ], [ -49.7409, -1.6761 ] ], [ [ -48.8595, -1.3842 ], [ -48.859, -1.3816 ], [ -48.8657, -1.3775 ], [ -48.8595, -1.3842 ] ], [ [ -48.8554, -1.3754 ], [ -48.8575, -1.3784 ], [ -48.8503, -1.3781 ], [ -48.8554, -1.3754 ] ], [ [ -48.5313, -0.6838 ], [ -48.5322, -0.6821 ], [ -48.5324, -0.6833 ], [ -48.5313, -0.6838 ] ], [ [ -48.5629, -0.6131 ], [ -48.5643, -0.6384 ], [ -48.5784, -0.6436 ], [ -48.5632, -0.6837 ], [ -48.5483, -0.7021 ], [ -48.5488, -0.6813 ], [ -48.5272, -0.6523 ], [ -48.5434, -0.6189 ], [ -48.5236, -0.5897 ], [ -48.5446, -0.5815 ], [ -48.5405, -0.6066 ], [ -48.5629, -0.6131 ] ] ], [ [ [ -48.9422, -0.2105 ], [ -48.9388, -0.2153 ], [ -48.947, -0.2111 ], [ -48.9422, -0.2105 ] ] ], [ [ [ -48.8754, -0.1925 ], [ -48.9215, -0.2141 ], [ -48.9281, -0.1628 ], [ -48.8983, -0.1552 ], [ -48.8754, -0.1925 ] ] ], [ [ [ -48.7509, -0.1814 ], [ -48.7607, -0.1864 ], [ -48.7577, -0.1742 ], [ -48.7509, -0.1814 ] ] ], [ [ [ -48.9435, -0.1804 ], [ -48.9454, -0.1788 ], [ -48.9443, -0.1747 ], [ -48.9435, -0.1804 ] ] ], [ [ [ -49.1904, -0.135 ], [ -49.1553, -0.151 ], [ -49.1798, -0.1575 ], [ -49.1904, -0.135 ] ] ], [ [ [ -49.1381, -0.1529 ], [ -49.1471, -0.1278 ], [ -49.1349, -0.1243 ], [ -49.1098, -0.1522 ], [ -49.1381, -0.1529 ] ] ], [ [ [ -49.1679, -0.1343 ], [ -49.1675, -0.1302 ], [ -49.161, -0.1337 ], [ -49.1679, -0.1343 ] ] ], [ [ [ -49.1012, -0.1317 ], [ -49.104, -0.1261 ], [ -49.0906, -0.1319 ], [ -49.1012, -0.1317 ] ] ], [ [ [ -49.3654, 0.0003 ], [ -49.3651, -0.0264 ], [ -49.3892, -0.0611 ], [ -49.4183, -0.0466 ], [ -49.4032, -0.064 ], [ -49.4352, -0.0865 ], [ -49.4496, -0.1215 ], [ -49.499, -0.1358 ], [ -49.7245, -0.1424 ], [ -49.8321, -0.1007 ], [ -49.8125, -0.057 ], [ -49.7066, 0.0357 ], [ -49.6058, 0.0848 ], [ -49.4421, 0.0734 ], [ -49.3966, 0.0504 ], [ -49.4008, 0.0214 ], [ -49.3654, 0.0003 ] ] ], [ [ [ -49.1615, 0.0596 ], [ -49.1686, 0.0559 ], [ -49.1686, 0.0588 ], [ -49.1615, 0.0596 ] ] ], [ [ [ -49.6292, 0.2318 ], [ -49.6352, 0.2273 ], [ -49.635, 0.2384 ], [ -49.6292, 0.2318 ] ] ], [ [ [ -49.6336, 0.3373 ], [ -49.6311, 0.332 ], [ -49.6349, 0.3332 ], [ -49.6336, 0.3373 ] ] ], [ [ [ -49.6245, 0.3543 ], [ -49.6236, 0.3442 ], [ -49.6348, 0.3574 ], [ -49.6245, 0.3543 ] ] ], [ [ [ -49.6359, 0.3492 ], [ -49.6363, 0.348 ], [ -49.6418, 0.3526 ], [ -49.6359, 0.3492 ] ] ] ] } },
{ "type": "Feature", "properties": { "tipo": "UC", "nome": "PARQUE NACIONAL DO JAÚ" }, "geometry": { "type": "Polygon", "coordinates": [ [ [ -63.0011, -2.8235 ], [ -63.1993, -2.8314 ], [ -63.2398, -2.8004 ], [ -63.2852, -2.7117 ], [ -63.3349, -2.7001 ], [ -63.4622, -2.7131 ], [ -63.7067, -2.8219 ], [ -63.7237, -2.8028 ], [ -63.722, -2.7352 ], [ -63.7647, -2.593 ], [ -63.791, -2.5501 ], [ -63.9619, -2.5722 ], [ -63.9833, -2.5592 ], [ -63.9832, -2.5359 ], [ -63.9166, -2.4477 ], [ -63.737, -2.4234 ], [ -63.7411, -2.3925 ], [ -63.7728, -2.3691 ], [ -63.7898, -2.3022 ], [ -63.705, -2.2316 ], [ -63.6679, -2.2282 ], [ -63.6369, -2.2482 ], [ -63.5916, -2.2298 ], [ -63.5687, -2.1922 ], [ -63.5857, -2.1088 ], [ -63.5717, -2.0655 ], [ -63.5365, -2.0389 ], [ -63.4509, -2.0236 ], [ -63.438, -1.9795 ], [ -63.3627, -1.9706 ], [ -63.3262, -1.9348 ], [ -63.2896, -1.9319 ], [ -63.2554, -1.895 ], [ -63.1731, -1.9025 ], [ -63.1574, -1.886 ], [ -63.1382, -1.8943 ], [ -63.0941, -1.8686 ], [ -63.0431, -1.8649 ], [ -63.0177, -1.8144 ], [ -62.9505, -1.8062 ], [ -62.9351, -1.7767 ], [ -62.8862, -1.7573 ], [ -62.8775, -1.7263 ], [ -62.853, -1.7333 ], [ -62.8186, -1.709 ], [ -62.7844, -1.7277 ], [ -62.7707, -1.7162 ], [ -62.7861, -1.7053 ], [ -62.777, -1.6974 ], [ -62.7439, -1.7212 ], [ -62.7346, -1.7141 ], [ -62.7387, -1.7328 ], [ -62.7101, -1.7352 ], [ -62.7137, -1.75 ], [ -62.6685, -1.733 ], [ -62.6603, -1.7489 ], [ -62.6532, -1.7279 ], [ -62.6483, -1.7594 ], [ -62.6011, -1.7906 ], [ -62.5975, -1.8224 ], [ -62.5557, -1.8228 ], [ -62.5605, -1.8671 ], [ -62.5328, -1.8634 ], [ -62.5079, -1.8804 ], [ -62.4836, -1.8644 ], [ -62.4691, -1.8864 ], [ -62.4517, -1.8813 ], [ -62.442, -1.8105 ], [ -62.4141, -1.8377 ], [ -62.3961, -1.8004 ], [ -62.3746, -1.8176 ], [ -62.3641, -1.805 ], [ -62.3755, -1.7937 ], [ -62.3489, -1.8019 ], [ -62.3169, -1.7859 ], [ -62.315, -1.8047 ], [ -62.3131, -1.7851 ], [ -62.274, -1.7714 ], [ -62.2515, -1.7794 ], [ -62.2447, -1.7618 ], [ -62.2012, -1.7478 ], [ -62.2077, -1.7204 ], [ -62.2216, -1.7178 ], [ -62.2028, -1.7117 ], [ -62.1797, -1.7444 ], [ -62.1552, -1.724 ], [ -62.1592, -1.7081 ], [ -62.11, -1.7403 ], [ -62.0663, -1.7117 ], [ -62.0659, -1.7486 ], [ -61.9916, -1.7567 ], [ -61.9664, -1.7389 ], [ -61.9625, -1.7113 ], [ -61.9333, -1.7314 ], [ -61.8334, -1.6996 ], [ -61.8107, -1.6701 ], [ -61.6488, -1.6344 ], [ -61.6292, -1.644 ], [ -61.6158, -1.6294 ], [ -61.5711, -1.6317 ], [ -61.5384, -1.671 ], [ -61.507, -1.6713 ], [ -61.53, -1.5716 ], [ -61.5179, -1.5485 ], [ -61.4514, -1.6091 ], [ -61.416, -1.6203 ], [ -61.4035, -1.7045 ], [ -61.4117, -1.7667 ], [ -61.3734, -1.8115 ], [ -61.3728, -1.8567 ], [ -61.3522, -1.8855 ], [ -61.389, -1.9055 ], [ -61.4549, -1.9085 ], [ -61.4588, -1.8973 ], [ -61.4467, -1.9429 ], [ -61.4919, -1.9652 ], [ -61.5266, -1.9524 ], [ -61.5393, -2.0251 ], [ -61.5746, -2.0626 ], [ -61.5659, -2.0901 ], [ -61.6068, -2.1044 ], [ -61.5965, -2.1125 ], [ -61.6109, -2.1346 ], [ -61.5979, -2.1259 ], [ -61.5803, -2.145 ], [ -61.595, -2.1685 ], [ -61.5672, -2.2224 ], [ -61.5794, -2.252 ], [ -61.5964, -2.2709 ], [ -61.6217, -2.2655 ], [ -61.6573, -2.2866 ], [ -61.683, -2.2731 ], [ -61.689, -2.2952 ], [ -61.7041, -2.2607 ], [ -61.7281, -2.2891 ], [ -61.7387, -2.2678 ], [ -61.7412, -2.3192 ], [ -61.7586, -2.3239 ], [ -61.7497, -2.3725 ], [ -61.7617, -2.4012 ], [ -61.7722, -2.3919 ], [ -61.772, -2.404 ], [ -61.8281, -2.4177 ], [ -61.8686, -2.3927 ], [ -61.8977, -2.3988 ], [ -61.9128, -2.4885 ], [ -62.0043, -2.4914 ], [ -62.0197, -2.5107 ], [ -62.0452, -2.4946 ], [ -62.0476, -2.5197 ], [ -62.0869, -2.5066 ], [ -62.0963, -2.5319 ], [ -62.1164, -2.523 ], [ -62.1335, -2.5418 ], [ -62.1482, -2.5308 ], [ -62.226, -2.5978 ], [ -62.2698, -2.6019 ], [ -62.3029, -2.649 ], [ -62.4101, -2.6821 ], [ -62.4188, -2.7132 ], [ -62.4618, -2.7313 ], [ -62.4901, -2.7206 ], [ -62.5358, -2.7302 ], [ -62.5759, -2.7877 ], [ -62.5769, -2.8189 ], [ -62.6295, -2.8446 ], [ -62.6761, -2.9023 ], [ -62.7162, -2.9047 ], [ -62.7799, -2.9598 ], [ -62.8289, -2.9727 ], [ -62.8592, -2.9584 ], [ -62.9291, -2.8531 ], [ -63.0011, -2.8235 ] ] ] } },
{ "type": "Feature", "properties": { "tipo": "UC", "nome": "RESERVA EXTRATIVISTA TAPAJÓS ARAPIUNS" }, "geometry": { "type": "Polygon", "coordinates": [ [ [ -55.2221, -3.0813 ], [ -55.3407, -3.3858 ], [ -55.9999, -3.6982 ], [ -55.8163, -2.9956 ], [ -55.7615, -2.9908 ], [ -55.7434, -2.9673 ], [ -55.7253, -2.9695 ], [ -55.7353, -2.9468 ], [ -55.7004, -2.9408 ], [ -55.7035, -2.9173 ], [ -55.6807, -2.9158 ], [ -55.6823, -2.8893 ], [ -55.6632, -2.8816 ], [ -55.7122, -2.7914 ], [ -55.6865, -2.7688 ], [ -55.6893, -2.7276 ], [ -55.7122, -2.7202 ], [ -55.7064, -2.711 ], [ -55.696, -2.7225 ], [ -55.674, -2.7147 ], [ -55.6779, -2.6864 ], [ -55.6538, -2.6932 ], [ -55.6528, -2.6744 ], [ -55.6434, -2.6826 ], [ -55.6164, -2.6599 ], [ -55.5958, -2.6972 ], [ -55.6075, -2.6548 ], [ -55.5943, -2.6416 ], [ -55.578, -2.6526 ], [ -55.5722, -2.6342 ], [ -55.5207, -2.6183 ], [ -55.4864, -2.5844 ], [ -55.4671, -2.6062 ], [ -55.4481, -2.5967 ], [ -55.4557, -2.5822 ], [ -55.4074, -2.5904 ], [ -55.405, -2.5747 ], [ -55.3798, -2.5782 ], [ -55.3701, -2.5584 ], [ -55.3453, -2.5711 ], [ -55.3315, -2.5509 ], [ -55.3053, -2.5811 ], [ -55.3015, -2.5566 ], [ -55.2882, -2.5779 ], [ -55.2465, -2.5626 ], [ -55.2352, -2.5744 ], [ -55.2411, -2.5498 ], [ -55.2041, -2.5338 ], [ -55.1897, -2.4742 ], [ -55.1656, -2.4655 ], [ -55.1779, -2.4631 ], [ -55.1606, -2.4352 ], [ -55.1887, -2.4331 ], [ -55.1821, -2.408 ], [ -55.166, -2.4202 ], [ -55.1797, -2.3983 ], [ -55.0904, -2.3982 ], [ -55.0939, -2.3863 ], [ -55.056, -2.3572 ], [ -55.0554, -2.3318 ], [ -55.0354, -2.3472 ], [ -55.032, -2.3329 ], [ -55.0133, -2.316 ], [ -55.0316, -2.4143 ], [ -55.0685, -2.4567 ], [ -55.0723, -2.4325 ], [ -55.0877, -2.4986 ], [ -55.1145, -2.5374 ], [ -55.1342, -2.5315 ], [ -55.1346, -2.5149 ], [ -55.1371, -2.5127 ], [ -55.1359, -2.5466 ], [ -55.1214, -2.5407 ], [ -55.1444, -2.6301 ], [ -55.1635, -2.6072 ], [ -55.1588, -2.6214 ], [ -55.1789, -2.6236 ], [ -55.1534, -2.6298 ], [ -55.1675, -2.6583 ], [ -55.168, -2.7962 ], [ -55.2199, -2.7942 ], [ -55.2296, -2.8042 ], [ -55.1783, -2.8091 ], [ -55.1643, -2.8792 ], [ -55.2089, -2.9025 ], [ -55.2073, -2.931 ], [ -55.2189, -2.93 ], [ -55.2227, -2.9362 ], [ -55.2085, -2.9413 ], [ -55.2309, -2.9578 ], [ -55.2335, -3.0114 ], [ -55.2456, -3.0096 ], [ -55.2473, -3.0125 ], [ -55.2312, -3.0254 ], [ -55.2397, -3.0199 ], [ -55.2504, -3.024 ], [ -55.2251, -3.0333 ], [ -55.2221, -3.0813 ] ] ] } },
{ "type": "Feature", "properties": { "tipo": "UC", "nome": "RESERVA DE DESENVOLVIMENTO SUSTENTÁVEL BARARATI" }, "geometry": { "type": "Polygon", "coordinates": [ [ [ -58.2208, -7.5391 ], [ -58.2026, -7.6217 ], [ -58.2769, -7.6982 ], [ -58.2918, -7.7705 ], [ -58.3786, -7.8252 ], [ -58.3768, -7.8811 ], [ -58.4676, -7.9212 ], [ -58.5729, -7.9093 ], [ -58.5666, -7.878 ], [ -58.5292, -7.8559 ], [ -58.5089, -7.79 ], [ -58.5249, -7.7739 ], [ -58.5012, -7.7378 ], [ -58.5356, -7.7223 ], [ -58.5192, -7.6795 ], [ -58.4971, -7.6762 ], [ -58.4578, -7.6285 ], [ -58.4098, -7.6175 ], [ -58.3911, -7.5867 ], [ -58.4154, -7.5539 ], [ -58.4036, -7.5377 ], [ -58.4356, -7.5226 ], [ -58.1993, -7.417 ], [ -58.2208, -7.5391 ] ] ] } },
{ "type": "Feature", "properties": { "tipo": "UC", "nome": "RESERVA BIOLÓGICA CULUENE" }, "geometry": { "type": "Polygon", "coordinates": [ [ [ -53.2488, -13.8023 ], [ -53.2513, -13.8298 ], [ -53.3136, -13.8534 ], [ -53.3371, -13.8139 ], [ -53.2975, -13.7977 ], [ -53.2488, -13.8023 ] ] ] } },
{ "type": "Feature", "properties": { "tipo": "UC", "nome": "FLORESTA ESTADUAL SUCUNDURI" }, "geometry": { "type": "Polygon", "coordinates": [ [ [ -59.3799, -7.9742 ], [ -59.3531, -7.9887 ], [ -59.3062, -7.9747 ], [ -59.2458, -8.0209 ], [ -59.2316, -8.0891 ], [ -59.2484, -8.111 ], [ -59.2271, -8.1928 ], [ -59.1436, -8.2678 ], [ -59.1367, -8.32 ], [ -59.1544, -8.3676 ], [ -58.7735, -8.6244 ], [ -58.8627, -8.7457 ], [ -58.8566, -8.8026 ], [ -59.2866, -8.8029 ], [ -59.3427, -8.6395 ], [ -59.3409, -8.6 ], [ -59.4022, -8.5355 ], [ -59.4371, -8.4232 ], [ -59.4663, -8.3849 ], [ -59.5169, -8.3722 ], [ -59.5716, -8.3826 ], [ -59.6664, -8.309 ], [ -59.7484, -8.2758 ], [ -59.8347, -8.2631 ], [ -59.936, -8.1889 ], [ -59.6429, -8.0589 ], [ -59.5617, -8.0776 ], [ -59.5714, -8.0535 ], [ -59.5604, -8.0451 ], [ -59.5181, -8.0781 ], [ -59.4898, -8.0592 ], [ -59.4771, -8.0722 ], [ -59.4386, -7.99 ], [ -59.4011, -7.9802 ], [ -59.396, -7.9955 ], [ -59.3799, -7.9742 ] ] ] } },
{ "type": "Feature", "properties": { "tipo": "UC", "nome": "PARQUE ESTADUAL MASSAIRO OKAMURA" }, "geometry": { "type": "Polygon", "coordinates": [ [ [ -56.0713, -15.5719 ], [ -56.0687, -15.5722 ], [ -56.0628, -15.5722 ], [ -56.0652, -15.5797 ], [ -56.0713, -15.5719 ] ] ] } },
{ "type": "Feature", "properties": { "tipo": "UC", "nome": "FLORESTA ESTADUAL MAÚES" }, "geometry": { "type": "Polygon", "coordinates": [ [ [ -58.1995, -3.6803 ], [ -58.009, -3.752 ], [ -57.975, -3.7992 ], [ -57.9328, -3.779 ], [ -57.9132, -3.8009 ], [ -57.8781, -3.7907 ], [ -57.8096, -3.807 ], [ -57.8113, -3.8256 ], [ -57.774, -3.8583 ], [ -57.7407, -3.8542 ], [ -57.6723, -3.8006 ], [ -57.6577, -3.7722 ], [ -57.6694, -3.7597 ], [ -57.5614, -3.7514 ], [ -57.542, -3.7662 ], [ -57.5294, -3.7406 ], [ -57.5393, -3.7302 ], [ -57.5276, -3.7309 ], [ -57.529, -3.7482 ], [ -57.5584, -3.8038 ], [ -57.5157, -3.883 ], [ -57.5721, -3.9462 ], [ -57.5658, -4.0383 ], [ -57.548, -4.0593 ], [ -57.61, -4.14 ], [ -57.5, -4.2381 ], [ -57.748, -4.6016 ], [ -58.1309, -3.9997 ], [ -58.2902, -3.8248 ], [ -58.2869, -3.7935 ], [ -58.3089, -3.7477 ], [ -58.2957, -3.6943 ], [ -58.2107, -3.6987 ], [ -58.1995, -3.6803 ] ] ] } },
{ "type": "Feature", "properties": { "tipo": "UC", "nome": "ÁREA DE PROTEÇÃO AMBIENTAL DE ALGODOAL-MAIANDEUA" }, "geometry": { "type": "MultiPolygon", "coordinates": [ [ [ [ -47.588, -0.581 ], [ -47.5321, -0.613 ], [ -47.5405, -0.6382 ], [ -47.5839, -0.6344 ], [ -47.588, -0.581 ] ], [ [ -47.5822, -0.6008 ], [ -47.5821, -0.6008 ], [ -47.5822, -0.6007 ], [ -47.5822, -0.6008 ] ] ], [ [ [ -47.5881, -0.5878 ], [ -47.5883, -0.5878 ], [ -47.588, -0.5875 ], [ -47.5881, -0.5878 ] ] ] ] } },
{ "type": "Feature", "properties": { "tipo": "UC", "nome": "FLORESTA NACIONAL DE MACAUÃ" }, "geometry": { "type": "Polygon", "coordinates": [ [ [ -69.2038, -9.8015 ], [ -69.2306, -9.8138 ], [ -69.215, -9.8659 ], [ -69.2416, -9.8889 ], [ -69.2725, -9.8889 ], [ -69.3322, -9.7781 ], [ -69.3994, -9.8009 ], [ -69.3905, -9.8751 ], [ -69.4877, -9.9054 ], [ -69.5088, -9.9288 ], [ -69.5034, -9.9617 ], [ -69.5227, -9.9682 ], [ -69.539, -10.0115 ], [ -69.6151, -10.033 ], [ -69.6625, -10.0696 ], [ -69.713, -10.0827 ], [ -69.7362, -10.1109 ], [ -69.9484, -10.2058 ], [ -69.95, -10.0 ], [ -69.7668, -9.8167 ], [ -69.5, -9.7667 ], [ -69.5, -9.802 ], [ -69.3558, -9.6964 ], [ -69.2038, -9.8015 ] ] ] } },
{ "type": "Feature", "properties": { "tipo": "UC", "nome": "RESERVA EXTRATIVISTA LAGO DO CUNIÃ" }, "geometry": { "type": "Polygon", "coordinates": [ [ [ -63.4125, -8.0868 ], [ -63.3627, -8.1184 ], [ -63.3488, -8.1572 ], [ -63.4039, -8.2396 ], [ -63.445, -8.3869 ], [ -63.489, -8.4251 ], [ -63.5078, -8.3988 ], [ -63.5871, -8.4612 ], [ -63.5799, -8.4753 ], [ -63.6029, -8.4977 ], [ -63.6361, -8.4893 ], [ -63.6368, -8.4493 ], [ -63.6922, -8.4492 ], [ -63.6925, -8.4941 ], [ -63.7475, -8.494 ], [ -63.7465, -8.3129 ], [ -63.6853, -8.313 ], [ -63.6605, -8.3443 ], [ -63.6309, -8.3376 ], [ -63.5649, -8.3763 ], [ -63.565, -8.2686 ], [ -63.5002, -8.2684 ], [ -63.4997, -8.1921 ], [ -63.4439, -8.1723 ], [ -63.4427, -8.1085 ], [ -63.4125, -8.0868 ] ] ] } },
{ "type": "Feature", "properties": { "tipo": "UC", "nome": "PARQUE ESTADUAL DO JALAPãO" }, "geometry": { "type": "Polygon", "coordinates": [ [ [ -46.6076, -10.2255 ], [ -46.5943, -10.2824 ], [ -46.5477, -10.3398 ], [ -46.4331, -10.3184 ], [ -46.4132, -10.3227 ], [ -46.407, -10.345 ], [ -46.4408, -10.3584 ], [ -46.453, -10.381 ], [ -46.5066, -10.3764 ], [ -46.5193, -10.4585 ], [ -46.4631, -10.5055 ], [ -46.5303, -10.5852 ], [ -46.5912, -10.5865 ], [ -46.6374, -10.6083 ], [ -46.7578, -10.5485 ], [ -46.7588, -10.5203 ], [ -46.788, -10.4799 ], [ -46.7931, -10.4906 ], [ -46.7948, -10.4768 ], [ -46.8781, -10.4502 ], [ -46.8877, -10.424 ], [ -46.8668, -10.3656 ], [ -46.8751, -10.2729 ], [ -46.8883, -10.2206 ], [ -46.9339, -10.1821 ], [ -46.8599, -10.1922 ], [ -46.8158, -10.1598 ], [ -46.7138, -10.1514 ], [ -46.6797, -10.1625 ], [ -46.6434, -10.2076 ], [ -46.6076, -10.2255 ] ] ] } },
{ "type": "Feature", "properties": { "tipo": "UC", "nome": "PARQUE ESTADUAL DO CANTãO" }, "geometry": { "type": "Polygon", "coordinates": [ [ [ -50.1226, -9.8998 ], [ -50.1189, -9.8891 ], [ -50.1713, -9.8797 ], [ -50.1788, -9.8445 ], [ -50.2085, -9.8409 ], [ -50.2035, -9.777 ], [ -50.0899, -9.5507 ], [ -50.103, -9.476 ], [ -50.0549, -9.3832 ], [ -50.0481, -9.3082 ], [ -49.9732, -9.2126 ], [ -49.941, -9.1971 ], [ -49.965, -9.2326 ], [ -49.972, -9.3718 ], [ -49.9988, -9.3889 ], [ -49.9757, -9.4793 ], [ -49.9995, -9.5014 ], [ -49.982, -9.5113 ], [ -49.9995, -9.5344 ], [ -49.9793, -9.5683 ], [ -49.9963, -9.596 ], [ -49.9934, -9.6738 ], [ -50.0279, -9.7034 ], [ -50.0082, -9.7493 ], [ -50.0317, -9.7588 ], [ -50.0107, -9.7933 ], [ -49.9766, -9.8109 ], [ -49.9756, -9.8171 ], [ -49.9853, -9.8186 ], [ -49.9865, -9.8267 ], [ -49.9613, -9.8552 ], [ -50.1226, -9.8998 ] ] ] } },
{ "type": "Feature", "properties": { "tipo": "UC", "nome": "PARQUE ESTADUAL MÃE BONIFÁCIA" }, "geometry": { "type": "Polygon", "coordinates": [ [ [ -56.106, -15.5844 ], [ -56.1033, -15.5746 ], [ -56.0988, -15.578 ], [ -56.106, -15.5844 ] ] ] } },
{ "type": "Feature", "properties": { "tipo": "UC", "nome": "RESERVA EXTRATIVISTA EXTREMO NORTE DO TOCANTINS" }, "geometry": { "type": "Polygon", "coordinates": [ [ [ -47.9591, -5.3162 ], [ -47.974, -5.3629 ], [ -47.9572, -5.3726 ], [ -47.9761, -5.4044 ], [ -48.0777, -5.3533 ], [ -48.0183, -5.302 ], [ -47.9987, -5.3163 ], [ -47.9857, -5.29 ], [ -47.9591, -5.3162 ] ] ] } },
{ "type": "Feature", "properties": { "tipo": "UC", "nome": "REFÚGIO DE VIDA SILVESTRE CORIXÃO DA MATA AZUL" }, "geometry": { "type": "Polygon", "coordinates": [ [ [ -50.6896, -12.7273 ], [ -50.6902, -12.9624 ], [ -50.6982, -12.9641 ], [ -50.8353, -12.9121 ], [ -50.8426, -12.8942 ], [ -50.7635, -12.7775 ], [ -50.7728, -12.7493 ], [ -50.7285, -12.6523 ], [ -50.7449, -12.6271 ], [ -50.7206, -12.597 ], [ -50.7068, -12.6002 ], [ -50.7014, -12.6475 ], [ -50.6736, -12.6492 ], [ -50.6896, -12.7273 ] ] ] } },
{ "type": "Feature", "properties": { "tipo": "UC", "nome": "RESERVA PARTICULAR DO PATRIMôNIO NATURAL PEUGEOT-ONF-BRASIL" }, "geometry": { "type": "Polygon", "coordinates": [ [ [ -58.2256, -9.8008 ], [ -58.217, -9.8419 ], [ -58.2548, -9.8416 ], [ -58.2509, -9.8044 ], [ -58.2256, -9.8008 ] ] ] } },
{ "type": "Feature", "properties": { "tipo": "UC", "nome": "RESERVA BIOLÓGICA DO ABUFARI" }, "geometry": { "type": "Polygon", "coordinates": [ [ [ -62.8837, -4.871 ], [ -62.8968, -4.9214 ], [ -62.946, -4.9513 ], [ -62.9108, -4.9531 ], [ -62.8779, -4.9994 ], [ -62.9081, -5.0554 ], [ -62.8776, -5.0887 ], [ -62.8382, -5.0975 ], [ -62.8316, -5.1554 ], [ -62.7743, -5.1171 ], [ -62.8492, -5.3355 ], [ -62.9227, -5.35 ], [ -62.965, -5.3318 ], [ -62.9842, -5.3399 ], [ -62.9825, -5.39 ], [ -62.9516, -5.385 ], [ -62.9326, -5.4018 ], [ -62.9484, -5.4385 ], [ -63.0676, -5.4775 ], [ -63.1737, -5.449 ], [ -63.1859, -5.4367 ], [ -63.1602, -5.4216 ], [ -63.1727, -5.3911 ], [ -63.1444, -5.3724 ], [ -63.147, -5.3458 ], [ -63.1867, -5.3398 ], [ -63.2248, -5.3003 ], [ -63.2341, -5.2597 ], [ -63.2127, -5.2379 ], [ -63.2177, -5.2063 ], [ -63.2618, -5.2306 ], [ -63.308, -5.165 ], [ -63.3154, -5.1258 ], [ -63.279, -5.0066 ], [ -63.2436, -5.0493 ], [ -63.1827, -5.0512 ], [ -63.1265, -5.0199 ], [ -63.0862, -4.9512 ], [ -63.0373, -4.9347 ], [ -63.0143, -4.8867 ], [ -62.9645, -4.8957 ], [ -62.9579, -4.9092 ], [ -62.9445, -4.8958 ], [ -62.9191, -4.9028 ], [ -62.8837, -4.871 ] ] ] } },
{ "type": "Feature", "properties": { "tipo": "UC", "nome": "FLORESTA ESTADUAL DE RENDIMENTO SUSTENTADO PERIQUITO" }, "geometry": { "type": "Polygon", "coordinates": [ [ [ -62.5693, -9.3385 ], [ -62.5149, -9.3449 ], [ -62.508, -9.3598 ], [ -62.5432, -9.3676 ], [ -62.5693, -9.3385 ] ] ] } },
{ "type": "Feature", "properties": { "tipo": "UC", "nome": "ESTAÇÃO ECOLÓGICA DE TAIAMÃ" }, "geometry": { "type": "Polygon", "coordinates": [ [ [ -57.6268, -16.8106 ], [ -57.5696, -16.8123 ], [ -57.5548, -16.8316 ], [ -57.5312, -16.8202 ], [ -57.4729, -16.8319 ], [ -57.4741, -16.8543 ], [ -57.4388, -16.8521 ], [ -57.4372, -16.8747 ], [ -57.4087, -16.8829 ], [ -57.4304, -16.9057 ], [ -57.4166, -16.9205 ], [ -57.4325, -16.9149 ], [ -57.4231, -16.9297 ], [ -57.433, -16.9332 ], [ -57.4334, -16.9204 ], [ -57.48, -16.9094 ], [ -57.5214, -16.8595 ], [ -57.5325, -16.8766 ], [ -57.5919, -16.8389 ], [ -57.5971, -16.8595 ], [ -57.6239, -16.8473 ], [ -57.6268, -16.8106 ] ] ] } },
{ "type": "Feature", "properties": { "tipo": "UC", "nome": "FLORESTA NACIONAL DO IQUIRI" }, "geometry": { "type": "MultiPolygon", "coordinates": [ [ [ [ -65.2841, -7.8331 ], [ -65.2891, -7.8716 ], [ -65.3573, -7.8882 ], [ -65.3799, -7.9353 ], [ -65.4014, -7.9334 ], [ -65.4057, -7.9159 ], [ -65.4674, -7.9392 ], [ -65.4888, -7.9723 ], [ -65.5201, -7.9613 ], [ -65.5306, -7.9391 ], [ -65.5533, -7.9991 ], [ -65.6336, -8.0752 ], [ -65.6182, -8.1064 ], [ -65.6766, -8.1716 ], [ -65.7666, -8.2189 ], [ -65.763, -8.2426 ], [ -65.7167, -8.2588 ], [ -65.7148, -8.3295 ], [ -65.6726, -8.3285 ], [ -65.6492, -8.3515 ], [ -65.6407, -8.3283 ], [ -65.6091, -8.3284 ], [ -65.618, -8.3648 ], [ -65.5939, -8.3565 ], [ -65.5439, -8.4478 ], [ -65.5608, -8.4579 ], [ -65.552, -8.4714 ], [ -65.5713, -8.482 ], [ -65.5707, -8.5053 ], [ -65.6121, -8.5339 ], [ -65.6088, -8.564 ], [ -65.6291, -8.5685 ], [ -65.6316, -8.5848 ], [ -65.6586, -8.5699 ], [ -65.6734, -8.5943 ], [ -65.7036, -8.7127 ], [ -65.718, -8.7286 ], [ -65.7526, -8.7289 ], [ -65.7778, -8.7805 ], [ -65.7773, -8.8457 ], [ -65.8261, -8.9161 ], [ -65.8318, -8.9616 ], [ -65.8121, -8.9906 ], [ -65.8445, -8.9905 ], [ -65.864, -8.9729 ], [ -65.8845, -8.9964 ], [ -65.8649, -8.8964 ], [ -65.914, -8.8512 ], [ -65.9245, -8.8183 ], [ -65.9427, -8.8306 ], [ -65.9731, -8.8212 ], [ -65.9853, -8.8438 ], [ -66.0282, -8.8223 ], [ -66.0363, -8.8387 ], [ -66.0422, -8.8187 ], [ -66.0525, -8.8289 ], [ -66.0807, -8.7981 ], [ -66.0869, -8.8151 ], [ -66.1123, -8.8085 ], [ -66.1393, -8.8401 ], [ -66.163, -8.8272 ], [ -66.2023, -8.8928 ], [ -66.1903, -8.9023 ], [ -66.2087, -8.9572 ], [ -66.2466, -8.9648 ], [ -66.2751, -8.9479 ], [ -66.2881, -8.9626 ], [ -66.3034, -8.9494 ], [ -66.3182, -8.9657 ], [ -66.3319, -8.9431 ], [ -66.3961, -9.0499 ], [ -66.4285, -9.064 ], [ -66.4345, -9.0815 ], [ -66.4157, -9.0981 ], [ -66.4445, -9.0862 ], [ -66.4629, -9.095 ], [ -66.4515, -9.106 ], [ -66.4617, -9.1158 ], [ -66.4861, -9.1047 ], [ -66.4978, -9.1241 ], [ -66.47, -9.1434 ], [ -66.5237, -9.1574 ], [ -66.5029, -9.1642 ], [ -66.5193, -9.1874 ], [ -66.5061, -9.2292 ], [ -66.5201, -9.2462 ], [ -66.546, -9.2437 ], [ -66.5609, -9.2701 ], [ -66.5404, -9.295 ], [ -66.5621, -9.3072 ], [ -66.5846, -9.2966 ], [ -66.6208, -9.3371 ], [ -66.6547, -9.3484 ], [ -66.6879, -9.4188 ], [ -66.7161, -9.3975 ], [ -66.7538, -9.4108 ], [ -66.7418, -9.4185 ], [ -66.7527, -9.4404 ], [ -66.7999, -9.4865 ], [ -66.9069, -9.5106 ], [ -66.9786, -9.544 ], [ -66.9819, -9.5625 ], [ -67.0453, -9.5804 ], [ -67.0461, -9.5228 ], [ -66.9853, -9.4128 ], [ -66.9971, -9.356 ], [ -66.9495, -9.3017 ], [ -66.9614, -9.2623 ], [ -66.9339, -9.2324 ], [ -66.9312, -9.1624 ], [ -66.9078, -9.1353 ], [ -66.9242, -9.0705 ], [ -66.8715, -9.0561 ], [ -66.9852, -9.058 ], [ -66.9747, -8.995 ], [ -66.9458, -8.9686 ], [ -66.9525, -8.9454 ], [ -66.921, -8.9259 ], [ -66.8889, -8.9445 ], [ -66.8824, -8.9255 ], [ -66.8433, -8.9502 ], [ -66.8273, -8.9116 ], [ -66.7871, -8.8926 ], [ -66.7251, -8.9443 ], [ -66.7459, -8.9826 ], [ -66.6982, -9.002 ], [ -66.6278, -8.9417 ], [ -66.6298, -8.9183 ], [ -66.6107, -8.918 ], [ -66.6164, -8.8722 ], [ -66.5972, -8.881 ], [ -66.5787, -8.8554 ], [ -66.5258, -8.8435 ], [ -66.5232, -8.8308 ], [ -66.4953, -8.8391 ], [ -66.4809, -8.8117 ], [ -66.517, -8.8143 ], [ -66.5472, -8.7679 ], [ -66.5374, -8.7485 ], [ -66.5481, -8.7166 ], [ -66.5288, -8.6849 ], [ -66.4832, -8.6611 ], [ -66.4772, -8.6051 ], [ -66.5637, -8.6257 ], [ -66.5741, -8.6012 ], [ -66.5934, -8.6189 ], [ -66.6191, -8.5913 ], [ -66.6162, -8.5492 ], [ -66.691, -8.4992 ], [ -66.733, -8.4891 ], [ -66.789, -8.4998 ], [ -66.8431, -8.5809 ], [ -66.8716, -8.5878 ], [ -66.8965, -8.5543 ], [ -66.8953, -8.5053 ], [ -66.919, -8.4805 ], [ -66.8635, -8.4354 ], [ -66.7999, -8.3093 ], [ -66.6503, -8.2366 ], [ -66.6382, -8.198 ], [ -66.5935, -8.1833 ], [ -66.5715, -8.1327 ], [ -66.5192, -8.1276 ], [ -66.4942, -8.0897 ], [ -66.4016, -8.1049 ], [ -66.3038, -8.038 ], [ -66.2524, -8.0665 ], [ -66.2175, -8.0483 ], [ -66.1913, -8.0559 ], [ -66.1997, -8.023 ], [ -66.2456, -8.0 ], [ -66.2512, -7.9714 ], [ -66.2834, -7.943 ], [ -66.2176, -7.925 ], [ -66.1753, -7.931 ], [ -66.1235, -7.8591 ], [ -66.0904, -7.8618 ], [ -66.0143, -7.8288 ], [ -66.0021, -7.8414 ], [ -66.0083, -7.8856 ], [ -65.9871, -7.896 ], [ -65.9831, -7.9172 ], [ -65.9117, -7.8797 ], [ -65.8848, -7.8308 ], [ -65.8576, -7.8271 ], [ -65.8325, -7.8011 ], [ -65.823, -7.8172 ], [ -65.8435, -7.8734 ], [ -65.9514, -7.9242 ], [ -65.9296, -7.9328 ], [ -65.9084, -7.9204 ], [ -65.8511, -7.9768 ], [ -65.8131, -7.9614 ], [ -65.8077, -7.9746 ], [ -65.755, -7.9241 ], [ -65.7359, -7.9165 ], [ -65.7202, -7.9346 ], [ -65.6905, -7.917 ], [ -65.6672, -7.878 ], [ -65.6049, -7.8791 ], [ -65.6081, -7.8606 ], [ -65.5205, -7.8303 ], [ -65.5246, -7.7862 ], [ -65.4783, -7.7456 ], [ -65.4761, -7.7105 ], [ -65.4637, -7.708 ], [ -65.4879, -7.6831 ], [ -65.4754, -7.668 ], [ -65.3491, -7.7958 ], [ -65.244, -7.7897 ], [ -65.2652, -7.8418 ], [ -65.2841, -7.8331 ] ] ], [ [ [ -65.2436, -7.7896 ], [ -65.244, -7.7897 ], [ -65.2439, -7.7894 ], [ -65.2436, -7.7896 ] ] ] ] } },
{ "type": "Feature", "properties": { "tipo": "UC", "nome": "ÁREA DE PROTEÇÃO AMBIENTAL LAGO DE PALMAS" }, "geometry": { "type": "Polygon", "coordinates": [ [ [ -48.4431, -10.0227 ], [ -48.3646, -10.0571 ], [ -48.4215, -10.1991 ], [ -48.3808, -10.2471 ], [ -48.4082, -10.3619 ], [ -48.4294, -10.3697 ], [ -48.4674, -10.3678 ], [ -48.5386, -10.3283 ], [ -48.5423, -10.261 ], [ -48.5801, -10.1955 ], [ -48.5803, -10.1384 ], [ -48.5617, -10.1221 ], [ -48.5759, -10.0733 ], [ -48.5566, -10.0393 ], [ -48.519, -10.0321 ], [ -48.5126, -10.0448 ], [ -48.4431, -10.0227 ] ] ] } },
{ "type": "Feature", "properties": { "tipo": "UC", "nome": "FLORESTA NACIONAL DE ANAUÁ" }, "geometry": { "type": "Polygon", "coordinates": [ [ [ -61.0997, 0.9378 ], [ -61.1316, 0.9658 ], [ -61.1097, 0.965 ], [ -61.1161, 0.9851 ], [ -61.0844, 1.0013 ], [ -61.0899, 1.0084 ], [ -61.0875, 1.0138 ], [ -61.0833, 1.0173 ], [ -61.0607, 1.0137 ], [ -61.0417, 1.0868 ], [ -61.0215, 1.0858 ], [ -61.0154, 1.1013 ], [ -60.9262, 1.074 ], [ -60.9054, 1.095 ], [ -60.9032, 1.1236 ], [ -60.8828, 1.129 ], [ -60.8187, 1.0635 ], [ -60.8231, 1.005 ], [ -60.81, 0.9827 ], [ -60.768, 0.9377 ], [ -60.7294, 0.9356 ], [ -60.7418, 0.9033 ], [ -60.7183, 0.8696 ], [ -60.6902, 0.8866 ], [ -60.6881, 0.8752 ], [ -60.676, 0.8887 ], [ -60.6684, 0.8801 ], [ -60.6497, 0.9051 ], [ -60.6224, 0.8988 ], [ -60.6767, 0.7987 ], [ -60.6469, 0.7075 ], [ -60.781, 0.5724 ], [ -60.767, 0.5604 ], [ -60.774, 0.5408 ], [ -60.7944, 0.5391 ], [ -60.8386, 0.4532 ], [ -60.8415, 0.375 ], [ -60.8591, 0.3538 ], [ -60.845, 0.3421 ], [ -60.8507, 0.3214 ], [ -60.874, 0.316 ], [ -60.8666, 0.2939 ], [ -60.9043, 0.2828 ], [ -60.9042, 0.2235 ], [ -60.9356, 0.2097 ], [ -60.9525, 0.1754 ], [ -60.9862, 0.1898 ], [ -60.969, 0.2057 ], [ -60.9807, 0.2467 ], [ -60.9701, 0.2935 ], [ -60.9859, 0.3173 ], [ -60.967, 0.3756 ], [ -60.9845, 0.4011 ], [ -60.9923, 0.4955 ], [ -60.9675, 0.5469 ], [ -60.9762, 0.591 ], [ -60.9648, 0.632 ], [ -60.981, 0.6536 ], [ -61.0673, 0.6589 ], [ -61.0854, 0.6856 ], [ -61.0635, 0.6821 ], [ -61.0035, 0.7256 ], [ -60.9638, 0.7799 ], [ -60.9678, 0.8273 ], [ -61.0545, 0.8885 ], [ -61.0898, 0.8661 ], [ -61.0997, 0.9378 ] ] ] } },
{ "type": "Feature", "properties": { "tipo": "UC", "nome": "FLORESTA NACIONAL DE TAPIRAPÉ-AQUIRI" }, "geometry": { "type": "Polygon", "coordinates": [ [ [ -51.0702, -5.8467 ], [ -51.0512, -5.8193 ], [ -51.0484, -5.7761 ], [ -51.0219, -5.776 ], [ -51.0125, -5.7579 ], [ -51.0394, -5.6925 ], [ -51.0841, -5.6557 ], [ -51.0728, -5.5976 ], [ -50.8779, -5.6732 ], [ -50.8542, -5.7036 ], [ -50.872, -5.6744 ], [ -50.842, -5.6676 ], [ -50.8556, -5.6883 ], [ -50.8375, -5.7026 ], [ -50.8261, -5.6904 ], [ -50.8438, -5.6844 ], [ -50.8277, -5.6574 ], [ -50.8216, -5.6691 ], [ -50.8043, -5.6543 ], [ -50.7259, -5.6663 ], [ -50.7365, -5.6484 ], [ -50.6854, -5.6622 ], [ -50.6878, -5.6457 ], [ -50.6532, -5.6416 ], [ -50.6243, -5.6633 ], [ -50.6086, -5.6557 ], [ -50.6007, -5.672 ], [ -50.5944, -5.6592 ], [ -50.5781, -5.6764 ], [ -50.5655, -5.6689 ], [ -50.5367, -5.6946 ], [ -50.522, -5.6844 ], [ -50.5125, -5.6867 ], [ -50.5256, -5.6968 ], [ -50.4921, -5.7345 ], [ -50.4104, -5.7879 ], [ -50.43, -5.7889 ], [ -50.4281, -5.8042 ], [ -50.44, -5.7917 ], [ -50.4444, -5.7921 ], [ -50.4288, -5.8066 ], [ -50.4181, -5.8011 ], [ -50.4156, -5.8242 ], [ -50.4663, -5.8731 ], [ -50.5298, -5.8792 ], [ -50.584, -5.9191 ], [ -50.6793, -5.9171 ], [ -50.7042, -5.8964 ], [ -50.7238, -5.9585 ], [ -50.78, -5.9865 ], [ -50.7989, -5.9704 ], [ -50.9127, -5.9841 ], [ -50.9384, -5.9369 ], [ -50.9891, -5.9382 ], [ -51.0024, -5.9036 ], [ -51.049, -5.8786 ], [ -51.0702, -5.8467 ] ] ] } },
{ "type": "Feature", "properties": { "tipo": "UC", "nome": "ÁREA DE PROTEÇÃO AMBIENTAL MUNICIPAL DO ARICÁ-AÇU" }, "geometry": { "type": "Polygon", "coordinates": [ [ [ -55.8751, -15.5239 ], [ -55.7603, -15.5445 ], [ -55.6775, -15.5261 ], [ -55.562, -15.621 ], [ -55.5683, -15.6713 ], [ -55.6164, -15.7108 ], [ -55.9487, -15.6933 ], [ -55.9503, -15.6462 ], [ -55.9333, -15.6236 ], [ -55.9559, -15.6133 ], [ -55.9396, -15.5838 ], [ -55.9523, -15.5706 ], [ -55.9473, -15.5029 ], [ -55.9222, -15.4453 ], [ -55.9037, -15.4461 ], [ -55.8751, -15.5239 ] ] ] } },
{ "type": "Feature", "properties": { "tipo": "UC", "nome": "ESTAÇÃO ECOLÓGICA RIO ACRE" }, "geometry": { "type": "Polygon", "coordinates": [ [ [ -70.5033, -10.9511 ], [ -70.505, -10.9232 ], [ -70.4377, -10.917 ], [ -70.4203, -10.8879 ], [ -70.3611, -10.8653 ], [ -70.344, -10.8352 ], [ -70.2709, -10.884 ], [ -70.1823, -10.826 ], [ -70.1332, -10.8145 ], [ -70.1397, -10.7932 ], [ -70.1213, -10.7701 ], [ -70.0669, -10.7653 ], [ -70.0559, -10.7478 ], [ -70.199, -11.054 ], [ -70.2416, -11.0466 ], [ -70.3129, -11.0699 ], [ -70.4365, -11.0389 ], [ -70.4516, -10.9969 ], [ -70.5033, -10.9511 ] ] ] } },
{ "type": "Feature", "properties": { "tipo": "UC", "nome": "RESERVA BIOLÓGICA NASCENTES SERRA DO CACHIMBO" }, "geometry": { "type": "Polygon", "coordinates": [ [ [ -54.991, -8.6907 ], [ -54.9272, -8.6838 ], [ -54.9146, -8.7268 ], [ -54.8991, -8.7325 ], [ -54.8734, -8.7304 ], [ -54.8657, -8.6836 ], [ -54.8123, -8.6836 ], [ -54.8122, -8.6573 ], [ -54.5278, -8.6601 ], [ -54.5312, -8.7208 ], [ -54.4764, -8.7794 ], [ -54.4246, -8.8915 ], [ -54.4057, -8.914 ], [ -54.3755, -8.8991 ], [ -54.3694, -9.0036 ], [ -54.4165, -9.073 ], [ -54.4076, -9.0918 ], [ -54.4272, -9.0976 ], [ -54.4624, -9.2085 ], [ -54.499, -9.2038 ], [ -54.5167, -9.2207 ], [ -54.5628, -9.2232 ], [ -54.56, -9.2331 ], [ -54.5839, -9.2245 ], [ -54.5909, -9.2802 ], [ -54.6245, -9.2873 ], [ -54.6152, -9.3253 ], [ -54.6792, -9.334 ], [ -54.6752, -9.3738 ], [ -54.8037, -9.3666 ], [ -54.8262, -9.3423 ], [ -54.8162, -9.2634 ], [ -54.8749, -9.1893 ], [ -54.88, -9.1383 ], [ -54.8376, -9.1288 ], [ -54.8184, -9.088 ], [ -54.8861, -9.0868 ], [ -54.9054, -8.9686 ], [ -54.8618, -8.9243 ], [ -54.8678, -8.8777 ], [ -54.9137, -8.8583 ], [ -54.9219, -8.8258 ], [ -54.9388, -8.8215 ], [ -54.9295, -8.7964 ], [ -54.9564, -8.7838 ], [ -54.9534, -8.751 ], [ -54.991, -8.6907 ] ] ] } },
{ "type": "Feature", "properties": { "tipo": "UC", "nome": "RESERVA PARTICULAR DO PATRIMÔNIO NATURAL OSÓRIO REIMÃO" }, "geometry": { "type": "Polygon", "coordinates": [ [ [ -49.5059, -2.2518 ], [ -49.5023, -2.2531 ], [ -49.504, -2.2556 ], [ -49.5059, -2.2518 ] ] ] } },
{ "type": "Feature", "properties": { "tipo": "UC", "nome": "PARQUE NACIONAL DO RIO NOVO" }, "geometry": { "type": "Polygon", "coordinates": [ [ [ -56.9505, -7.2526 ], [ -56.8884, -7.294 ], [ -56.8859, -7.269 ], [ -56.8168, -7.2353 ], [ -56.7931, -7.2445 ], [ -56.7557, -7.2102 ], [ -56.7469, -7.2878 ], [ -56.7619, -7.2959 ], [ -56.7762, -7.3529 ], [ -56.7608, -7.377 ], [ -56.7671, -7.469 ], [ -56.7531, -7.5205 ], [ -56.7755, -7.6141 ], [ -56.7393, -7.7737 ], [ -56.7108, -7.7798 ], [ -56.7317, -7.7959 ], [ -56.7222, -7.8192 ], [ -56.742, -7.8178 ], [ -56.7552, -7.8573 ], [ -56.6833, -7.9404 ], [ -56.666, -7.9247 ], [ -56.629, -7.9354 ], [ -56.6087, -7.9064 ], [ -56.5855, -7.9217 ], [ -56.5479, -7.8893 ], [ -56.5401, -7.8392 ], [ -56.5092, -7.8381 ], [ -56.5014, -7.8559 ], [ -56.4801, -7.8342 ], [ -56.4837, -7.8183 ], [ -56.4224, -7.7919 ], [ -56.3538, -7.6496 ], [ -56.361, -7.6007 ], [ -56.3303, -7.525 ], [ -56.3387, -7.506 ], [ -56.2874, -7.4605 ], [ -56.2744, -7.4267 ], [ -56.2519, -7.4255 ], [ -56.2336, -7.4009 ], [ -56.2097, -7.4371 ], [ -56.1924, -7.4331 ], [ -56.1622, -7.5345 ], [ -56.1764, -7.5645 ], [ -56.1711, -7.6626 ], [ -56.0983, -7.7691 ], [ -56.0675, -7.7766 ], [ -56.05, -7.7396 ], [ -56.029, -7.7483 ], [ -55.9901, -7.7131 ], [ -55.9797, -7.8148 ], [ -55.9458, -7.8354 ], [ -55.9653, -7.8572 ], [ -55.9446, -7.897 ], [ -55.8206, -7.9115 ], [ -55.7872, -7.901 ], [ -55.7703, -7.9259 ], [ -55.7198, -7.9251 ], [ -55.7432, -7.9667 ], [ -55.7383, -8.0076 ], [ -55.776, -8.0442 ], [ -55.811, -8.1125 ], [ -55.7986, -8.1425 ], [ -55.8321, -8.1555 ], [ -55.8215, -8.1986 ], [ -55.8374, -8.2201 ], [ -55.8358, -8.2763 ], [ -55.9996, -8.1667 ], [ -56.0, -7.9989 ], [ -56.6667, -8.0 ], [ -56.6762, -8.0627 ], [ -56.7826, -8.085 ], [ -56.8053, -8.0389 ], [ -56.8452, -8.0148 ], [ -56.8536, -7.9744 ], [ -56.8414, -7.9254 ], [ -56.8002, -7.888 ], [ -56.8074, -7.8294 ], [ -56.8534, -7.8473 ], [ -56.8343, -7.7791 ], [ -56.8633, -7.7731 ], [ -56.8886, -7.7164 ], [ -57.0669, -7.555 ], [ -57.115, -7.5384 ], [ -57.0821, -7.5097 ], [ -57.072, -7.4754 ], [ -57.0904, -7.4391 ], [ -57.043, -7.3925 ], [ -57.055, -7.3583 ], [ -57.0217, -7.2771 ], [ -56.9991, -7.2744 ], [ -56.979, -7.249 ], [ -56.9751, -7.2099 ], [ -56.9505, -7.2526 ] ] ] } },
{ "type": "Feature", "properties": { "tipo": "UC", "nome": "RESERVA DE DESENVOLVIMENTO SUSTENTAVEL PURANGA CONQUISTA" }, "geometry": { "type": "Polygon", "coordinates": [ [ [ -60.2877, -2.7169 ], [ -60.217, -2.9529 ], [ -60.3194, -2.97 ], [ -60.3205, -3.0204 ], [ -60.3007, -3.0567 ], [ -60.3466, -3.0429 ], [ -60.3613, -3.032 ], [ -60.3547, -3.0206 ], [ -60.3693, -3.0311 ], [ -60.3733, -3.0181 ], [ -60.3755, -3.0294 ], [ -60.4031, -3.016 ], [ -60.4656, -2.9269 ], [ -60.4656, -2.8999 ], [ -60.5144, -2.8166 ], [ -60.4606, -2.7992 ], [ -60.4357, -2.751 ], [ -60.4434, -2.7291 ], [ -60.4668, -2.7225 ], [ -60.4362, -2.655 ], [ -60.3696, -2.6643 ], [ -60.3298, -2.6186 ], [ -60.3192, -2.6937 ], [ -60.3363, -2.7118 ], [ -60.2877, -2.7169 ] ] ] } },
{ "type": "Feature", "properties": { "tipo": "UC", "nome": "RESERVA EXTRATIVISTA  DO RIO CAUTÁRIO" }, "geometry": { "type": "Polygon", "coordinates": [ [ [ -64.1012, -11.7839 ], [ -64.1539, -11.9133 ], [ -64.2157, -11.9178 ], [ -64.2573, -11.9577 ], [ -64.2335, -11.9671 ], [ -64.2397, -11.9773 ], [ -64.2765, -11.9994 ], [ -64.3178, -12.0065 ], [ -64.4432, -11.9272 ], [ -64.4678, -11.9348 ], [ -64.4676, -11.9067 ], [ -64.3438, -11.903 ], [ -64.2907, -11.8476 ], [ -64.289, -11.8237 ], [ -64.1699, -11.7052 ], [ -64.1379, -11.6929 ], [ -64.1162, -11.7121 ], [ -64.0771, -11.6507 ], [ -63.9918, -11.603 ], [ -63.9629, -11.6806 ], [ -63.9917, -11.7155 ], [ -63.9664, -11.7446 ], [ -64.02, -11.7648 ], [ -64.0247, -11.7464 ], [ -64.0417, -11.7458 ], [ -64.0384, -11.7645 ], [ -64.1012, -11.7839 ] ] ] } },
{ "type": "Feature", "properties": { "tipo": "UC", "nome": "ÁREA DE PROTEÇÃO AMBIENTAL BACIA DO RIO DE JANEIRO" }, "geometry": { "type": "MultiPolygon", "coordinates": [ [ [ [ -46.3136, -11.898 ], [ -46.3158, -11.8981 ], [ -46.31, -11.897 ], [ -46.3136, -11.898 ] ] ], [ [ [ -46.3752, -11.8695 ], [ -46.3752, -11.8619 ], [ -46.3742, -11.8573 ], [ -46.3666, -11.8835 ], [ -46.3752, -11.8695 ] ] ], [ [ [ -46.3695, -11.8352 ], [ -46.3738, -11.8474 ], [ -46.376, -11.8403 ], [ -46.3695, -11.8352 ] ] ], [ [ [ -46.3534, -11.8404 ], [ -46.3526, -11.8401 ], [ -46.353, -11.8405 ], [ -46.3534, -11.8404 ] ] ], [ [ [ -46.3399, -11.8165 ], [ -46.3328, -11.8052 ], [ -46.3381, -11.8166 ], [ -46.3512, -11.8264 ], [ -46.3399, -11.8165 ] ] ], [ [ [ -46.3359, -11.7872 ], [ -46.334, -11.795 ], [ -46.3375, -11.7882 ], [ -46.3359, -11.7872 ] ] ], [ [ [ -46.3235, -11.7718 ], [ -46.3239, -11.771 ], [ -46.3231, -11.7712 ], [ -46.3235, -11.7718 ] ] ], [ [ [ -46.3425, -11.7623 ], [ -46.3357, -11.7681 ], [ -46.3426, -11.7677 ], [ -46.3425, -11.7623 ] ] ], [ [ [ -46.3708, -11.7603 ], [ -46.3678, -11.7616 ], [ -46.3701, -11.7611 ], [ -46.3715, -11.7597 ], [ -46.3708, -11.7603 ] ] ], [ [ [ -46.3475, -11.7547 ], [ -46.3485, -11.7546 ], [ -46.3478, -11.7543 ], [ -46.3475, -11.7547 ] ] ], [ [ [ -46.3734, -11.751 ], [ -46.3733, -11.7506 ], [ -46.372, -11.749 ], [ -46.3734, -11.751 ] ] ], [ [ [ -46.3243, -11.7248 ], [ -46.3229, -11.7227 ], [ -46.3189, -11.7188 ], [ -46.3243, -11.7248 ] ] ], [ [ [ -46.3047, -11.6585 ], [ -46.3149, -11.6478 ], [ -46.3174, -11.6366 ], [ -46.3158, -11.6299 ], [ -46.3119, -11.6269 ], [ -46.3081, -11.6259 ], [ -46.3047, -11.6585 ] ] ], [ [ [ -46.1724, -11.9017 ], [ -46.1735, -11.8985 ], [ -46.1716, -11.9014 ], [ -46.1724, -11.9017 ] ] ], [ [ [ -46.3025, -11.8947 ], [ -46.3053, -11.8957 ], [ -46.2986, -11.8919 ], [ -46.3025, -11.8947 ] ] ], [ [ [ -46.2748, -11.8911 ], [ -46.2773, -11.8907 ], [ -46.2821, -11.8878 ], [ -46.2748, -11.8911 ] ] ], [ [ [ -46.1897, -11.8843 ], [ -46.1892, -11.8845 ], [ -46.1902, -11.8845 ], [ -46.1897, -11.8843 ] ] ], [ [ [ -46.3015, -11.6645 ], [ -46.2996, -11.6712 ], [ -46.3033, -11.6603 ], [ -46.3015, -11.6645 ] ] ], [ [ [ -46.1732, -11.6531 ], [ -46.1765, -11.6529 ], [ -46.176, -11.6523 ], [ -46.1732, -11.6531 ] ] ], [ [ [ -46.136, -11.6478 ], [ -46.1342, -11.6474 ], [ -46.1542, -11.6571 ], [ -46.136, -11.6478 ] ] ], [ [ [ -46.124, -11.6451 ], [ -46.1205, -11.6439 ], [ -46.1266, -11.6463 ], [ -46.124, -11.6451 ] ] ], [ [ [ -46.1158, -11.6433 ], [ -46.1201, -11.6438 ], [ -46.1179, -11.6434 ], [ -46.1158, -11.6433 ] ] ], [ [ [ -46.3026, -11.6253 ], [ -46.3008, -11.6261 ], [ -46.3079, -11.6259 ], [ -46.3026, -11.6253 ] ] ], [ [ [ -46.276, -11.6228 ], [ -46.2734, -11.6229 ], [ -46.2793, -11.6238 ], [ -46.276, -11.6228 ] ] ] ] } },
{ "type": "Feature", "properties": { "tipo": "UC", "nome": "FLORESTA NACIONAL DE PURUS" }, "geometry": { "type": "Polygon", "coordinates": [ [ [ -67.6156, -8.4802 ], [ -67.6668, -8.4842 ], [ -67.6598, -8.4603 ], [ -67.6738, -8.4671 ], [ -67.6952, -8.4387 ], [ -67.7231, -8.44 ], [ -67.7424, -8.4189 ], [ -67.7511, -8.4307 ], [ -67.766, -8.4098 ], [ -67.7806, -8.4159 ], [ -67.7829, -8.3968 ], [ -67.7967, -8.4089 ], [ -67.79, -8.3825 ], [ -67.9153, -8.3497 ], [ -67.8987, -8.3351 ], [ -67.9353, -8.2835 ], [ -67.9287, -8.2665 ], [ -67.9473, -8.262 ], [ -67.9431, -8.2476 ], [ -67.9629, -8.2296 ], [ -67.9771, -8.2322 ], [ -67.9794, -8.1985 ], [ -67.9982, -8.1947 ], [ -68.0068, -8.172 ], [ -68.0275, -8.1838 ], [ -68.0369, -8.1556 ], [ -68.0642, -8.1566 ], [ -68.0689, -8.1403 ], [ -67.9316, -8.028 ], [ -67.8911, -8.0711 ], [ -67.8681, -8.0707 ], [ -67.8439, -8.0466 ], [ -67.8041, -8.0852 ], [ -67.7258, -8.0603 ], [ -67.6764, -8.0773 ], [ -67.6511, -8.065 ], [ -67.5965, -8.0785 ], [ -67.5452, -8.0678 ], [ -67.5229, -8.1896 ], [ -67.3436, -8.1564 ], [ -67.3264, -8.1233 ], [ -67.2853, -8.12 ], [ -67.2944, -8.1494 ], [ -67.2785, -8.1574 ], [ -67.322, -8.1714 ], [ -67.3236, -8.1883 ], [ -67.2788, -8.1705 ], [ -67.2773, -8.1934 ], [ -67.341, -8.2234 ], [ -67.3812, -8.2165 ], [ -67.4378, -8.284 ], [ -67.4348, -8.3697 ], [ -67.3971, -8.3746 ], [ -67.3693, -8.4086 ], [ -67.3779, -8.4188 ], [ -67.4292, -8.3961 ], [ -67.4184, -8.4382 ], [ -67.4392, -8.4467 ], [ -67.442, -8.5067 ], [ -67.4586, -8.5167 ], [ -67.4766, -8.5794 ], [ -67.4922, -8.5607 ], [ -67.5295, -8.5784 ], [ -67.5387, -8.5457 ], [ -67.5588, -8.5411 ], [ -67.5621, -8.5582 ], [ -67.5751, -8.5301 ], [ -67.5878, -8.5393 ], [ -67.6156, -8.4802 ] ] ] } },
{ "type": "Feature", "properties": { "tipo": "UC", "nome": "FLORESTA ESTADUAL DE RENDIMENTO SUSTENTADO ARARAS" }, "geometry": { "type": "Polygon", "coordinates": [ [ [ -62.5364, -9.4136 ], [ -62.5355, -9.4437 ], [ -62.5636, -9.4404 ], [ -62.5605, -9.3959 ], [ -62.5364, -9.4136 ] ] ] } },
{ "type": "Feature", "properties": { "tipo": "UC", "nome": "ÁREA DE RELEVANTE INTERESSE ECOLÓGICO JAPIIM PENTECOSTE" }, "geometry": { "type": "Polygon", "coordinates": [ [ [ -72.8011, -7.6055 ], [ -72.7376, -7.6076 ], [ -72.7268, -7.65 ], [ -72.7398, -7.6774 ], [ -72.7983, -7.6649 ], [ -72.8996, -7.6019 ], [ -72.943, -7.5508 ], [ -73.0032, -7.5126 ], [ -73.0067, -7.485 ], [ -73.0594, -7.4437 ], [ -73.0693, -7.416 ], [ -72.9831, -7.4471 ], [ -72.899, -7.5322 ], [ -72.8532, -7.5408 ], [ -72.8011, -7.6055 ] ] ] } },
{ "type": "Feature", "properties": { "tipo": "UC", "nome": "RESERVA EXTRATIVISTA CASTANHEIRA" }, "geometry": { "type": "Polygon", "coordinates": [ [ [ -62.2534, -9.4708 ], [ -62.2287, -9.522 ], [ -62.1606, -9.5052 ], [ -62.152, -9.5245 ], [ -62.135, -9.5094 ], [ -62.153, -9.592 ], [ -62.1917, -9.5697 ], [ -62.2125, -9.5878 ], [ -62.2531, -9.5725 ], [ -62.2534, -9.4708 ] ] ] } },
{ "type": "Feature", "properties": { "tipo": "UC", "nome": "RESERVA EXTRATIVISTA CANUTAMA" }, "geometry": { "type": "Polygon", "coordinates": [ [ [ -64.6763, -6.5609 ], [ -64.6676, -6.5051 ], [ -64.5178, -6.521 ], [ -64.4769, -6.5698 ], [ -64.4921, -6.5882 ], [ -64.4484, -6.596 ], [ -64.4164, -6.6798 ], [ -64.4367, -6.7043 ], [ -64.472, -6.691 ], [ -64.4887, -6.7096 ], [ -64.4818, -6.7191 ], [ -64.4526, -6.7052 ], [ -64.4369, -6.745 ], [ -64.4488, -6.7656 ], [ -64.4685, -6.7544 ], [ -64.4876, -6.769 ], [ -64.4515, -6.8411 ], [ -64.4594, -6.8583 ], [ -64.4862, -6.8471 ], [ -64.484, -6.8805 ], [ -64.5043, -6.876 ], [ -64.5034, -6.9851 ], [ -64.5523, -7.0643 ], [ -64.575, -7.0738 ], [ -64.5819, -7.0519 ], [ -64.6388, -7.0368 ], [ -64.6599, -7.0622 ], [ -64.6144, -7.0564 ], [ -64.6044, -7.0743 ], [ -65.0115, -7.0732 ], [ -64.9074, -6.9841 ], [ -64.7897, -6.8461 ], [ -64.6926, -6.8193 ], [ -64.7023, -6.7877 ], [ -64.6832, -6.6735 ], [ -64.7257, -6.6123 ], [ -64.6763, -6.5609 ] ] ] } },
{ "type": "Feature", "properties": { "tipo": "UC", "nome": "PARQUE NATURAL MUNICIPAL VEREDAS DOS CARAJáS" }, "geometry": { "type": "Polygon", "coordinates": [ [ [ -49.7838, -6.5078 ], [ -49.8215, -6.5189 ], [ -49.8167, -6.4996 ], [ -49.7838, -6.5078 ] ] ] } },
{ "type": "Feature", "properties": { "tipo": "UC", "nome": "RESERVA DE DESENVOLVIMENTO SUSTENTáVEL CAMPO DAS MANGABAS" }, "geometry": { "type": "MultiPolygon", "coordinates": [ [ [ [ -47.5542, -0.7212 ], [ -47.5538, -0.7066 ], [ -47.5072, -0.722 ], [ -47.5133, -0.7263 ], [ -47.5168, -0.7377 ], [ -47.5002, -0.7182 ], [ -47.4858, -0.7335 ], [ -47.4982, -0.7309 ], [ -47.4832, -0.7412 ], [ -47.4972, -0.7669 ], [ -47.518, -0.7626 ], [ -47.5022, -0.7811 ], [ -47.5185, -0.7992 ], [ -47.5507, -0.7982 ], [ -47.5341, -0.7906 ], [ -47.5451, -0.767 ], [ -47.5664, -0.7946 ], [ -47.5883, -0.7588 ], [ -47.5589, -0.7538 ], [ -47.5762, -0.7477 ], [ -47.5816, -0.7315 ], [ -47.5685, -0.7285 ], [ -47.5863, -0.7176 ], [ -47.5844, -0.7075 ], [ -47.5648, -0.7191 ], [ -47.5773, -0.7097 ], [ -47.5648, -0.7039 ], [ -47.5542, -0.7212 ] ] ] ] } },
{ "type": "Feature", "properties": { "tipo": "UC", "nome": "FLORESTA ESTADUAL DE RENDIMENTO SUSTENTADO RIO VERMELHO (C)" }, "geometry": { "type": "MultiPolygon", "coordinates": [ [ [ [ -64.1286, -8.8874 ], [ -64.1285, -8.8874 ], [ -64.1286, -8.8875 ], [ -64.1286, -8.8874 ] ] ], [ [ [ -64.1269, -8.8911 ], [ -64.1277, -8.8917 ], [ -64.1279, -8.8923 ], [ -64.1279, -8.8925 ], [ -64.1278, -8.8923 ], [ -64.1201, -8.8915 ], [ -64.1212, -8.9011 ], [ -64.1229, -8.9022 ], [ -64.1226, -8.9186 ], [ -64.1468, -8.9297 ], [ -64.152, -8.8574 ], [ -64.105, -8.8254 ], [ -64.1028, -8.8274 ], [ -64.1064, -8.8302 ], [ -64.1077, -8.8334 ], [ -64.1018, -8.8308 ], [ -64.1017, -8.8359 ], [ -64.1036, -8.837 ], [ -64.1007, -8.8371 ], [ -64.102, -8.8418 ], [ -64.0991, -8.8413 ], [ -64.0991, -8.8377 ], [ -64.0945, -8.8381 ], [ -64.0953, -8.8438 ], [ -64.097, -8.844 ], [ -64.0982, -8.845 ], [ -64.0982, -8.8453 ], [ -64.0937, -8.8448 ], [ -64.0933, -8.8433 ], [ -64.0924, -8.8398 ], [ -64.0875, -8.8374 ], [ -64.0862, -8.8376 ], [ -64.0856, -8.8385 ], [ -64.0858, -8.8457 ], [ -64.0783, -8.8444 ], [ -64.1034, -8.8711 ], [ -64.1189, -8.8695 ], [ -64.106, -8.8743 ], [ -64.1194, -8.8907 ], [ -64.1262, -8.8907 ], [ -64.128, -8.8876 ], [ -64.1285, -8.8873 ], [ -64.1292, -8.8867 ], [ -64.129, -8.8852 ], [ -64.1298, -8.8864 ], [ -64.1269, -8.8911 ] ], [ [ -64.0983, -8.8455 ], [ -64.0982, -8.8455 ], [ -64.0982, -8.8453 ], [ -64.0983, -8.8455 ] ], [ [ -64.0931, -8.8435 ], [ -64.0931, -8.8433 ], [ -64.0933, -8.8433 ], [ -64.0931, -8.8435 ] ], [ [ -64.1279, -8.8875 ], [ -64.128, -8.8875 ], [ -64.128, -8.8876 ], [ -64.1279, -8.8875 ] ], [ [ -64.1286, -8.8888 ], [ -64.1285, -8.8887 ], [ -64.1286, -8.8887 ], [ -64.1286, -8.8888 ] ], [ [ -64.1256, -8.893 ], [ -64.1255, -8.893 ], [ -64.1255, -8.8924 ], [ -64.1256, -8.893 ] ], [ [ -64.1212, -8.8976 ], [ -64.1212, -8.8977 ], [ -64.1211, -8.8977 ], [ -64.1212, -8.8976 ] ], [ [ -64.1213, -8.8975 ], [ -64.1214, -8.8976 ], [ -64.1212, -8.8976 ], [ -64.1213, -8.8975 ] ], [ [ -64.107, -8.8312 ], [ -64.107, -8.8313 ], [ -64.1069, -8.8312 ], [ -64.107, -8.8312 ] ], [ [ -64.1075, -8.8346 ], [ -64.1078, -8.8366 ], [ -64.1068, -8.8348 ], [ -64.1075, -8.8346 ] ], [ [ -64.095, -8.8456 ], [ -64.0949, -8.8456 ], [ -64.0949, -8.8455 ], [ -64.095, -8.8456 ] ], [ [ -64.0936, -8.8449 ], [ -64.0935, -8.8451 ], [ -64.0935, -8.8448 ], [ -64.0936, -8.8449 ] ], [ [ -64.086, -8.8383 ], [ -64.0859, -8.8383 ], [ -64.086, -8.8382 ], [ -64.086, -8.8383 ] ], [ [ -64.0864, -8.8423 ], [ -64.0862, -8.8423 ], [ -64.0863, -8.8421 ], [ -64.0864, -8.8423 ] ], [ [ -64.0911, -8.85 ], [ -64.0912, -8.8501 ], [ -64.0911, -8.8501 ], [ -64.0911, -8.85 ] ], [ [ -64.0975, -8.8531 ], [ -64.098, -8.8534 ], [ -64.0974, -8.8539 ], [ -64.0975, -8.8531 ] ], [ [ -64.0976, -8.8566 ], [ -64.0975, -8.8567 ], [ -64.0975, -8.8563 ], [ -64.0976, -8.8566 ] ], [ [ -64.0977, -8.8573 ], [ -64.0977, -8.8574 ], [ -64.0976, -8.8575 ], [ -64.0974, -8.8572 ], [ -64.0977, -8.8573 ] ], [ [ -64.1053, -8.8667 ], [ -64.1053, -8.8668 ], [ -64.1052, -8.8667 ], [ -64.1053, -8.8667 ] ], [ [ -64.1068, -8.8636 ], [ -64.1069, -8.8637 ], [ -64.1068, -8.8637 ], [ -64.1068, -8.8636 ] ], [ [ -64.1067, -8.8636 ], [ -64.1067, -8.8635 ], [ -64.1068, -8.8636 ], [ -64.1067, -8.8636 ] ], [ [ -64.1104, -8.8608 ], [ -64.1105, -8.8608 ], [ -64.1105, -8.861 ], [ -64.1104, -8.8608 ] ], [ [ -64.1172, -8.8686 ], [ -64.1172, -8.8687 ], [ -64.1171, -8.8687 ], [ -64.1172, -8.8686 ] ], [ [ -64.119, -8.8694 ], [ -64.1192, -8.8693 ], [ -64.119, -8.8695 ], [ -64.119, -8.8694 ] ], [ [ -64.1195, -8.8691 ], [ -64.1195, -8.8692 ], [ -64.1193, -8.8692 ], [ -64.1195, -8.8691 ] ], [ [ -64.1184, -8.8713 ], [ -64.1182, -8.8713 ], [ -64.1182, -8.8712 ], [ -64.1184, -8.8713 ] ], [ [ -64.1189, -8.8714 ], [ -64.1189, -8.8715 ], [ -64.1185, -8.8715 ], [ -64.1189, -8.8714 ] ], [ [ -64.1162, -8.8765 ], [ -64.1161, -8.8765 ], [ -64.1161, -8.8764 ], [ -64.1162, -8.8765 ] ], [ [ -64.1177, -8.8851 ], [ -64.1178, -8.8851 ], [ -64.1178, -8.8852 ], [ -64.1177, -8.8851 ] ], [ [ -64.1185, -8.8853 ], [ -64.1185, -8.8854 ], [ -64.1184, -8.8854 ], [ -64.1185, -8.8853 ] ], [ [ -64.1244, -8.8892 ], [ -64.1244, -8.8894 ], [ -64.1242, -8.8894 ], [ -64.1244, -8.8892 ] ], [ [ -64.1232, -8.9024 ], [ -64.123, -8.9024 ], [ -64.1231, -8.9022 ], [ -64.1232, -8.9024 ] ], [ [ -64.108, -8.8367 ], [ -64.1079, -8.8367 ], [ -64.1079, -8.8366 ], [ -64.108, -8.8367 ] ], [ [ -64.0988, -8.8459 ], [ -64.0988, -8.846 ], [ -64.0987, -8.8459 ], [ -64.0988, -8.8459 ] ], [ [ -64.0989, -8.846 ], [ -64.0989, -8.8461 ], [ -64.0988, -8.846 ], [ -64.0989, -8.846 ] ], [ [ -64.1164, -8.8768 ], [ -64.1163, -8.8768 ], [ -64.1163, -8.8767 ], [ -64.1164, -8.8768 ] ], [ [ -64.1164, -8.8771 ], [ -64.1164, -8.8769 ], [ -64.1165, -8.8769 ], [ -64.1164, -8.8771 ] ], [ [ -64.1166, -8.8772 ], [ -64.1165, -8.8772 ], [ -64.1165, -8.8771 ], [ -64.1166, -8.8772 ] ], [ [ -64.1202, -8.8689 ], [ -64.1202, -8.8692 ], [ -64.1196, -8.8691 ], [ -64.1202, -8.8689 ] ], [ [ -64.1205, -8.8694 ], [ -64.1204, -8.8693 ], [ -64.1206, -8.8693 ], [ -64.1205, -8.8694 ] ], [ [ -64.1219, -8.8971 ], [ -64.1218, -8.8971 ], [ -64.1219, -8.897 ], [ -64.1219, -8.8971 ] ], [ [ -64.122, -8.8969 ], [ -64.122, -8.897 ], [ -64.1219, -8.897 ], [ -64.122, -8.8969 ] ], [ [ -64.1221, -8.8968 ], [ -64.1222, -8.8968 ], [ -64.1221, -8.8969 ], [ -64.1221, -8.8968 ] ], [ [ -64.13, -8.8861 ], [ -64.1301, -8.8861 ], [ -64.13, -8.8862 ], [ -64.13, -8.8861 ] ], [ [ -64.1281, -8.8902 ], [ -64.1281, -8.8903 ], [ -64.128, -8.8902 ], [ -64.1281, -8.8902 ] ], [ [ -64.1281, -8.8926 ], [ -64.128, -8.8926 ], [ -64.128, -8.8924 ], [ -64.1281, -8.8926 ] ], [ [ -64.1281, -8.8927 ], [ -64.1281, -8.8928 ], [ -64.128, -8.8927 ], [ -64.1281, -8.8927 ] ], [ [ -64.1256, -8.8931 ], [ -64.1257, -8.8931 ], [ -64.1257, -8.8932 ], [ -64.1256, -8.8931 ] ], [ [ -64.1255, -8.8936 ], [ -64.1256, -8.8933 ], [ -64.1257, -8.8933 ], [ -64.1255, -8.8936 ] ], [ [ -64.1212, -8.8984 ], [ -64.1213, -8.8984 ], [ -64.1213, -8.8985 ], [ -64.1212, -8.8984 ] ], [ [ -64.1083, -8.8371 ], [ -64.1082, -8.8371 ], [ -64.1082, -8.837 ], [ -64.1083, -8.8371 ] ], [ [ -64.1017, -8.8401 ], [ -64.1018, -8.8401 ], [ -64.1018, -8.8402 ], [ -64.1017, -8.8401 ] ], [ [ -64.0991, -8.8414 ], [ -64.0993, -8.8414 ], [ -64.0993, -8.8415 ], [ -64.0991, -8.8414 ] ], [ [ -64.0988, -8.8417 ], [ -64.0988, -8.8415 ], [ -64.099, -8.8415 ], [ -64.0988, -8.8417 ] ], [ [ -64.0984, -8.8456 ], [ -64.0984, -8.8455 ], [ -64.0985, -8.8456 ], [ -64.0984, -8.8456 ] ], [ [ -64.0986, -8.8457 ], [ -64.0987, -8.8457 ], [ -64.0987, -8.8458 ], [ -64.0986, -8.8457 ] ], [ [ -64.0932, -8.8453 ], [ -64.0935, -8.8453 ], [ -64.0934, -8.8454 ], [ -64.0932, -8.8453 ] ], [ [ -64.1104, -8.8771 ], [ -64.1104, -8.8772 ], [ -64.1103, -8.8771 ], [ -64.1104, -8.8771 ] ], [ [ -64.129, -8.885 ], [ -64.129, -8.8851 ], [ -64.1289, -8.885 ], [ -64.129, -8.885 ] ], [ [ -64.1289, -8.8845 ], [ -64.1289, -8.8847 ], [ -64.1288, -8.8847 ], [ -64.1289, -8.8845 ] ], [ [ -64.0987, -8.8554 ], [ -64.0988, -8.8555 ], [ -64.098, -8.8555 ], [ -64.0987, -8.8554 ] ], [ [ -64.0983, -8.8536 ], [ -64.0982, -8.8535 ], [ -64.0984, -8.8535 ], [ -64.0983, -8.8536 ] ], [ [ -64.0976, -8.8529 ], [ -64.0975, -8.8529 ], [ -64.0975, -8.8528 ], [ -64.0976, -8.8529 ] ], [ [ -64.1027, -8.835 ], [ -64.1023, -8.8349 ], [ -64.1023, -8.8348 ], [ -64.1027, -8.835 ] ], [ [ -64.1288, -8.8887 ], [ -64.1288, -8.8888 ], [ -64.1287, -8.8887 ], [ -64.1288, -8.8887 ] ], [ [ -64.129, -8.8889 ], [ -64.1289, -8.8889 ], [ -64.1289, -8.8888 ], [ -64.129, -8.8889 ] ] ], [ [ [ -64.0994, -8.841 ], [ -64.0994, -8.8409 ], [ -64.0993, -8.8409 ], [ -64.0994, -8.841 ] ] ], [ [ [ -64.1006, -8.8391 ], [ -64.1005, -8.8391 ], [ -64.1006, -8.8392 ], [ -64.1006, -8.8391 ] ] ], [ [ [ -64.1061, -8.8314 ], [ -64.1062, -8.8311 ], [ -64.1061, -8.8311 ], [ -64.1061, -8.8314 ] ] ] ] } },
{ "type": "Feature", "properties": { "tipo": "UC", "nome": "RESERVA EXTRATIVISTA GUARIBA-ROOSEVELT" }, "geometry": { "type": "Polygon", "coordinates": [ [ [ -60.1652, -9.6393 ], [ -60.2085, -9.6675 ], [ -60.223, -9.6575 ], [ -60.2336, -9.6047 ], [ -60.3138, -9.4954 ], [ -60.2975, -9.4474 ], [ -60.3093, -9.4104 ], [ -60.3011, -9.3623 ], [ -60.2777, -9.3031 ], [ -60.4147, -9.0874 ], [ -60.4089, -9.0571 ], [ -60.3718, -9.0285 ], [ -60.4102, -9.0077 ], [ -60.4276, -8.9594 ], [ -60.4346, -8.8965 ], [ -60.4169, -8.8723 ], [ -60.7878, -8.8727 ], [ -60.7845, -8.9078 ], [ -60.7358, -8.9493 ], [ -60.7294, -8.9738 ], [ -60.699, -8.9862 ], [ -60.6618, -9.0658 ], [ -60.6685, -9.1349 ], [ -60.7068, -9.174 ], [ -60.6555, -9.3022 ], [ -60.6025, -9.3518 ], [ -60.5593, -9.5215 ], [ -60.5707, -9.5664 ], [ -60.6353, -9.6154 ], [ -60.6249, -9.6473 ], [ -60.6997, -9.7329 ], [ -60.7268, -9.7339 ], [ -60.789, -9.6846 ], [ -60.7162, -9.6738 ], [ -60.6836, -9.6206 ], [ -60.6476, -9.6374 ], [ -60.6589, -9.6041 ], [ -60.5941, -9.5564 ], [ -60.585, -9.5123 ], [ -60.6259, -9.3602 ], [ -60.6759, -9.3168 ], [ -60.7092, -9.2173 ], [ -60.7481, -9.1881 ], [ -60.7385, -9.1525 ], [ -60.6945, -9.1319 ], [ -60.6849, -9.0751 ], [ -60.7042, -9.0588 ], [ -60.7227, -8.9982 ], [ -60.7501, -9.0226 ], [ -60.7599, -9.0146 ], [ -60.7549, -8.9645 ], [ -60.8088, -8.9152 ], [ -60.8132, -8.8702 ], [ -60.8469, -8.8025 ], [ -60.4027, -8.8078 ], [ -60.3851, -8.8348 ], [ -60.391, -8.8963 ], [ -60.4121, -8.8998 ], [ -60.4046, -8.9565 ], [ -60.3848, -8.9648 ], [ -60.3937, -8.992 ], [ -60.3692, -8.985 ], [ -60.3357, -9.0218 ], [ -60.3931, -9.08 ], [ -60.3824, -9.0912 ], [ -60.2382, -9.0912 ], [ -60.2376, -9.2421 ], [ -60.2653, -9.2432 ], [ -60.245, -9.3056 ], [ -60.2564, -9.411 ], [ -60.2432, -9.4833 ], [ -60.1652, -9.6393 ] ] ] } },
{ "type": "Feature", "properties": { "tipo": "UC", "nome": "RESERVA EXTRATIVISTA GURUPÁ-MELGAÇO" }, "geometry": { "type": "MultiPolygon", "coordinates": [ [ [ [ -51.0036, -1.1212 ], [ -51.0023, -1.1948 ], [ -51.0571, -1.2439 ], [ -51.0574, -1.4277 ], [ -51.1273, -1.4334 ], [ -51.2967, -1.3734 ], [ -51.4577, -1.6425 ], [ -51.5144, -1.644 ], [ -51.5309, -1.5804 ], [ -51.5795, -1.5482 ], [ -51.5272, -1.5069 ], [ -51.5238, -1.4597 ], [ -51.472, -1.436 ], [ -51.438, -1.3162 ], [ -51.4017, -1.2616 ], [ -51.3647, -1.2395 ], [ -51.3054, -1.2349 ], [ -51.2551, -1.207 ], [ -51.201, -1.1163 ], [ -51.129, -1.1672 ], [ -51.0036, -1.1212 ] ] ], [ [ [ -51.3174, -1.2281 ], [ -51.3077, -1.2084 ], [ -51.3018, -1.2203 ], [ -51.28, -1.2081 ], [ -51.2872, -1.2208 ], [ -51.3174, -1.2281 ] ] ], [ [ [ -51.2638, -1.2105 ], [ -51.2644, -1.2036 ], [ -51.2594, -1.2049 ], [ -51.2638, -1.2105 ] ] ] ] } },
{ "type": "Feature", "properties": { "tipo": "UC", "nome": "ÁREA DE PROTEÇÃO AMBIENTAL DA CHAPADA DOS GUIMARÃES" }, "geometry": { "type": "Polygon", "coordinates": [ [ [ -56.0424, -15.1125 ], [ -55.885, -15.0886 ], [ -55.712, -15.1478 ], [ -55.7135, -15.1847 ], [ -55.7895, -15.2442 ], [ -55.5987, -15.3288 ], [ -55.5273, -15.3202 ], [ -55.4682, -15.3542 ], [ -55.4414, -15.3858 ], [ -55.4448, -15.402 ], [ -55.4892, -15.4466 ], [ -55.4999, -15.4817 ], [ -55.4723, -15.5993 ], [ -55.4288, -15.6299 ], [ -55.3579, -15.6147 ], [ -55.3521, -15.6671 ], [ -55.51, -15.7877 ], [ -55.6053, -15.7845 ], [ -55.6544, -15.7585 ], [ -55.5678, -15.6709 ], [ -55.5615, -15.6206 ], [ -55.677, -15.5257 ], [ -55.7598, -15.5441 ], [ -55.8746, -15.5235 ], [ -55.9032, -15.4457 ], [ -55.9645, -15.4276 ], [ -56.0415, -15.3068 ], [ -56.0424, -15.1125 ] ] ] } },
{ "type": "Feature", "properties": { "tipo": "UC", "nome": "RESERVA BIOLÓGICA MORRO DOS SEIS LAGOS" }, "geometry": { "type": "Polygon", "coordinates": [ [ [ -66.7512, 0.4177 ], [ -66.6791, 0.4162 ], [ -66.6444, 0.3853 ], [ -66.6099, 0.3815 ], [ -66.5833, 0.2941 ], [ -66.6489, 0.2237 ], [ -66.8038, 0.2644 ], [ -66.7904, 0.3897 ], [ -66.7512, 0.4177 ] ] ] } },
{ "type": "Feature", "properties": { "tipo": "UC", "nome": "RESERVA DE DESENVOLVIMENTO SUSTENTÁVEL DO UATUMÃ" }, "geometry": { "type": "Polygon", "coordinates": [ [ [ -59.0319, -2.0606 ], [ -58.9939, -2.1167 ], [ -58.9626, -2.0683 ], [ -58.9277, -2.0602 ], [ -58.728, -2.1594 ], [ -58.6937, -2.1268 ], [ -58.6648, -2.166 ], [ -58.6404, -2.1615 ], [ -58.6241, -2.1838 ], [ -58.5984, -2.1628 ], [ -58.5623, -2.1614 ], [ -58.5465, -2.1867 ], [ -58.5199, -2.1463 ], [ -58.4947, -2.1643 ], [ -58.4555, -2.1268 ], [ -58.4002, -2.1281 ], [ -58.3847, -2.1393 ], [ -58.3859, -2.1643 ], [ -58.3722, -2.1613 ], [ -58.3408, -2.0894 ], [ -58.2852, -2.1325 ], [ -58.2877, -2.1608 ], [ -58.2042, -2.26 ], [ -58.187, -2.2559 ], [ -58.183, -2.2114 ], [ -58.1501, -2.2033 ], [ -58.1517, -2.2208 ], [ -58.1368, -2.2047 ], [ -58.1303, -2.2474 ], [ -58.072, -2.3094 ], [ -58.0622, -2.3434 ], [ -58.0774, -2.3922 ], [ -58.1309, -2.4454 ], [ -58.1211, -2.4755 ], [ -58.1531, -2.5515 ], [ -58.2365, -2.6259 ], [ -58.2842, -2.6141 ], [ -58.2633, -2.5847 ], [ -58.3736, -2.5098 ], [ -58.4043, -2.5532 ], [ -58.4417, -2.5257 ], [ -58.4119, -2.4826 ], [ -58.4472, -2.4584 ], [ -58.4764, -2.5008 ], [ -58.5138, -2.4744 ], [ -58.5381, -2.5098 ], [ -58.5777, -2.4848 ], [ -58.515, -2.3939 ], [ -58.5525, -2.3711 ], [ -58.6136, -2.4598 ], [ -58.6914, -2.4081 ], [ -58.7226, -2.4536 ], [ -58.7592, -2.4286 ], [ -58.7887, -2.4722 ], [ -58.8256, -2.4469 ], [ -58.7979, -2.4031 ], [ -58.8698, -2.3543 ], [ -58.9304, -2.4411 ], [ -59.0053, -2.3916 ], [ -59.0364, -2.4331 ], [ -59.0733, -2.4089 ], [ -59.0445, -2.3651 ], [ -59.0802, -2.3409 ], [ -59.1412, -2.4296 ], [ -59.1781, -2.4043 ], [ -59.2104, -2.4492 ], [ -59.2392, -2.4273 ], [ -59.173, -2.3857 ], [ -59.0825, -2.2775 ], [ -59.1102, -2.2242 ], [ -59.1356, -2.2287 ], [ -59.1468, -2.2517 ], [ -59.1608, -2.2432 ], [ -59.145, -2.2164 ], [ -59.178, -2.2094 ], [ -59.1786, -2.1864 ], [ -59.1382, -2.1667 ], [ -59.1269, -2.0982 ], [ -59.0707, -2.0477 ], [ -59.0319, -2.0606 ] ], [ [ -58.7582, -2.4255 ], [ -58.7587, -2.4272 ], [ -58.7589, -2.4279 ], [ -58.7582, -2.4255 ] ] ] } },
{ "type": "Feature", "properties": { "tipo": "UC", "nome": "RESERVA EXTRATIVISTA PEDRAS NEGRAS" }, "geometry": { "type": "Polygon", "coordinates": [ [ [ -63.0873, -12.6388 ], [ -63.1212, -12.6371 ], [ -63.1298, -12.6371 ], [ -63.1241, -12.607 ], [ -63.0921, -12.5716 ], [ -62.8384, -12.7269 ], [ -62.8134, -12.7128 ], [ -62.7712, -12.7233 ], [ -62.7207, -12.6779 ], [ -62.5978, -12.8967 ], [ -62.5942, -13.0134 ], [ -62.6286, -13.014 ], [ -62.6302, -12.9885 ], [ -62.6521, -12.9876 ], [ -62.6511, -12.963 ], [ -62.7309, -13.0108 ], [ -62.7479, -12.9963 ], [ -62.7603, -13.0165 ], [ -62.7908, -12.9967 ], [ -62.8048, -12.9388 ], [ -62.827, -12.9323 ], [ -62.8468, -12.9464 ], [ -62.8408, -12.9198 ], [ -62.8695, -12.9095 ], [ -62.8929, -12.8544 ], [ -62.9246, -12.8376 ], [ -62.9787, -12.8533 ], [ -62.9855, -12.8353 ], [ -63.0099, -12.8352 ], [ -63.015, -12.7821 ], [ -63.0513, -12.7306 ], [ -63.0806, -12.7223 ], [ -63.0597, -12.6856 ], [ -63.0969, -12.681 ], [ -63.0873, -12.6388 ] ] ] } },
{ "type": "Feature", "properties": { "tipo": "UC", "nome": "RESERVA EXTRATIVISTA ITAPETININGA" }, "geometry": { "type": "Polygon", "coordinates": [ [ [ -44.7628, -2.2645 ], [ -44.6374, -2.2736 ], [ -44.6663, -2.3288 ], [ -44.6473, -2.3786 ], [ -44.686, -2.3776 ], [ -44.7083, -2.4301 ], [ -44.73, -2.4395 ], [ -44.7393, -2.4279 ], [ -44.7797, -2.4505 ], [ -44.7668, -2.4376 ], [ -44.7718, -2.4123 ], [ -44.7366, -2.4006 ], [ -44.7197, -2.3416 ], [ -44.7763, -2.288 ], [ -44.7628, -2.2645 ] ] ] } },
{ "type": "Feature", "properties": { "tipo": "UC", "nome": "PARQUE NACIONAL DO ARAGUAIA" }, "geometry": { "type": "Polygon", "coordinates": [ [ [ -50.2591, -9.9063 ], [ -50.1773, -9.8454 ], [ -50.1623, -9.8862 ], [ -50.1156, -9.8908 ], [ -50.1203, -9.9629 ], [ -50.0194, -9.9852 ], [ -50.0222, -9.9997 ], [ -50.0342, -10.0083 ], [ -50.0352, -10.0152 ], [ -50.0131, -10.0398 ], [ -50.0001, -10.1437 ], [ -49.9516, -10.1925 ], [ -49.9722, -10.2193 ], [ -49.9642, -10.259 ], [ -49.9425, -10.2779 ], [ -49.9426, -10.3251 ], [ -49.9843, -10.3529 ], [ -49.9459, -10.3862 ], [ -49.9623, -10.4575 ], [ -49.9467, -10.478 ], [ -49.9546, -10.5141 ], [ -49.9364, -10.56 ], [ -49.9646, -10.5704 ], [ -49.9545, -10.6251 ], [ -49.986, -10.6758 ], [ -49.9602, -10.6946 ], [ -49.9747, -10.7147 ], [ -49.9577, -10.7064 ], [ -49.9449, -10.724 ], [ -49.9627, -10.7401 ], [ -49.9543, -10.7659 ], [ -49.9779, -10.7785 ], [ -49.9536, -10.8088 ], [ -49.9762, -10.816 ], [ -49.9676, -10.8431 ], [ -49.9804, -10.8673 ], [ -49.9588, -10.8947 ], [ -49.982, -10.9019 ], [ -49.9676, -10.9409 ], [ -49.9899, -10.9295 ], [ -49.9962, -10.9585 ], [ -49.9812, -10.9675 ], [ -49.9902, -10.9896 ], [ -49.9708, -11.007 ], [ -49.9676, -11.0385 ], [ -49.9389, -11.0534 ], [ -49.9493, -11.0961 ], [ -49.9379, -11.1055 ], [ -49.9795, -11.1256 ], [ -49.9934, -11.1486 ], [ -49.9823, -11.1599 ], [ -50.0027, -11.1656 ], [ -50.3851, -11.1667 ], [ -50.3837, -10.8339 ], [ -50.246, -10.8337 ], [ -50.2075, -10.7661 ], [ -50.2436, -10.7323 ], [ -50.268, -10.7303 ], [ -50.2644, -10.7002 ], [ -50.2808, -10.6748 ], [ -50.2802, -10.6396 ], [ -50.2556, -10.5971 ], [ -50.2689, -10.5973 ], [ -50.2607, -10.5447 ], [ -50.2775, -10.5137 ], [ -50.2554, -10.505 ], [ -50.2598, -10.4783 ], [ -50.2464, -10.4669 ], [ -50.4846, -10.4623 ], [ -50.4719, -10.4087 ], [ -50.4025, -10.335 ], [ -50.381, -10.228 ], [ -50.3905, -10.1502 ], [ -50.3798, -10.1534 ], [ -50.3478, -10.0885 ], [ -50.2858, -10.0277 ], [ -50.2591, -9.9063 ] ] ] } },
{ "type": "Feature", "properties": { "tipo": "UC", "nome": "RESERVA EXTRATIVISTA TERRA GRANDE PRACUUBA" }, "geometry": { "type": "Polygon", "coordinates": [ [ [ -50.2476, -1.3606 ], [ -50.1398, -1.3206 ], [ -50.0884, -1.3498 ], [ -50.0541, -1.3369 ], [ -50.0178, -1.37 ], [ -50.0072, -1.3419 ], [ -49.9733, -1.3182 ], [ -49.9988, -1.1749 ], [ -49.97, -1.1358 ], [ -49.93, -1.1153 ], [ -49.918, -1.0839 ], [ -49.8853, -1.1001 ], [ -49.8735, -1.1679 ], [ -49.8222, -1.2303 ], [ -49.7691, -1.2626 ], [ -49.708, -1.2328 ], [ -49.6821, -1.2627 ], [ -49.6046, -1.2699 ], [ -49.5656, -1.2111 ], [ -49.5265, -1.1882 ], [ -49.5901, -1.3325 ], [ -49.6181, -1.3339 ], [ -49.6695, -1.4111 ], [ -49.7345, -1.4494 ], [ -49.8583, -1.442 ], [ -49.9287, -1.5098 ], [ -50.0483, -1.51 ], [ -50.2028, -1.6038 ], [ -50.2923, -1.5958 ], [ -50.2637, -1.5784 ], [ -50.291, -1.5313 ], [ -50.2794, -1.4903 ], [ -50.2885, -1.4107 ], [ -50.2454, -1.3843 ], [ -50.2476, -1.3606 ] ] ] } },
{ "type": "Feature", "properties": { "tipo": "UC", "nome": "PARQUE NATURAL MUNICIPAL DE CASTANHAL/PARÁ" }, "geometry": { "type": "Polygon", "coordinates": [ [ [ -47.9209, -1.3015 ], [ -47.9181, -1.3065 ], [ -47.9204, -1.3068 ], [ -47.9209, -1.3015 ] ] ] } },
{ "type": "Feature", "properties": { "tipo": "UC", "nome": "FLORESTA ESTADUAL DE TAPAUÁ" }, "geometry": { "type": "Polygon", "coordinates": [ [ [ -63.3456, -6.0183 ], [ -63.3364, -6.0282 ], [ -63.1479, -5.8806 ], [ -63.134, -5.9632 ], [ -63.077, -6.0046 ], [ -63.089, -6.0897 ], [ -63.1408, -6.1846 ], [ -63.0926, -6.2834 ], [ -63.0903, -6.3385 ], [ -62.9762, -6.3882 ], [ -62.9697, -6.3545 ], [ -62.9508, -6.3456 ], [ -62.9097, -6.4184 ], [ -62.9667, -6.4503 ], [ -63.0065, -6.5297 ], [ -63.0018, -6.575 ], [ -63.0148, -6.596 ], [ -62.9839, -6.6183 ], [ -62.99, -6.6645 ], [ -63.0154, -6.6772 ], [ -63.0764, -6.6373 ], [ -63.1373, -6.6318 ], [ -63.1431, -6.6137 ], [ -63.1738, -6.6474 ], [ -63.1956, -6.6202 ], [ -63.2101, -6.6252 ], [ -63.1941, -6.6474 ], [ -63.2107, -6.7148 ], [ -63.1923, -6.7347 ], [ -63.1748, -6.7305 ], [ -63.1802, -6.7842 ], [ -63.2013, -6.7887 ], [ -63.1816, -6.8368 ], [ -63.2403, -6.8624 ], [ -63.2579, -6.9156 ], [ -63.3239, -6.9648 ], [ -63.8501, -6.4899 ], [ -63.8944, -6.587 ], [ -63.9011, -6.54 ], [ -63.9322, -6.5394 ], [ -63.9434, -6.5168 ], [ -63.9721, -6.5097 ], [ -63.989, -6.4486 ], [ -63.9481, -6.3863 ], [ -63.9867, -6.338 ], [ -63.9554, -6.3063 ], [ -63.9672, -6.2995 ], [ -63.9476, -6.2513 ], [ -63.9187, -6.2487 ], [ -63.8905, -6.1954 ], [ -63.907, -6.1201 ], [ -63.8928, -6.0873 ], [ -63.9018, -6.0935 ], [ -63.9179, -6.042 ], [ -63.9113, -5.9873 ], [ -63.9285, -5.9663 ], [ -63.8899, -5.8916 ], [ -63.8557, -5.8747 ], [ -63.8237, -5.8925 ], [ -63.8256, -5.8729 ], [ -63.799, -5.8787 ], [ -63.7952, -5.8571 ], [ -63.778, -5.8621 ], [ -63.7818, -5.8487 ], [ -63.7427, -5.814 ], [ -63.7379, -5.8243 ], [ -63.7411, -5.8084 ], [ -63.7214, -5.8191 ], [ -63.7008, -5.7893 ], [ -63.434, -5.8676 ], [ -63.4059, -5.9207 ], [ -63.4847, -6.0882 ], [ -63.4783, -6.117 ], [ -63.406, -6.1245 ], [ -63.3978, -6.104 ], [ -63.4209, -6.0853 ], [ -63.3942, -6.0657 ], [ -63.4117, -6.0569 ], [ -63.3845, -6.0378 ], [ -63.37, -6.0503 ], [ -63.3456, -6.0183 ] ] ] } },
{ "type": "Feature", "properties": { "tipo": "UC", "nome": "RESERVA EXTRATIVISTA MÉDIO JURUÁ" }, "geometry": { "type": "Polygon", "coordinates": [ [ [ -67.2535, -4.8998 ], [ -67.0962, -5.0573 ], [ -67.1212, -5.0899 ], [ -67.1488, -5.0771 ], [ -67.1693, -5.1016 ], [ -67.1268, -5.1237 ], [ -67.1205, -5.1457 ], [ -67.1809, -5.1202 ], [ -67.1906, -5.1794 ], [ -67.2178, -5.1783 ], [ -67.2584, -5.208 ], [ -67.2375, -5.2503 ], [ -67.2751, -5.2676 ], [ -67.2665, -5.2845 ], [ -67.2291, -5.2687 ], [ -67.2383, -5.3063 ], [ -67.1917, -5.3151 ], [ -67.2199, -5.3783 ], [ -67.2659, -5.3716 ], [ -67.2983, -5.42 ], [ -67.3402, -5.3897 ], [ -67.3658, -5.4172 ], [ -67.3825, -5.38 ], [ -67.4041, -5.3778 ], [ -67.4142, -5.3903 ], [ -67.3944, -5.4343 ], [ -67.4113, -5.4678 ], [ -67.43, -5.429 ], [ -67.4606, -5.4182 ], [ -67.4624, -5.4348 ], [ -67.4354, -5.4403 ], [ -67.452, -5.4617 ], [ -67.4445, -5.4905 ], [ -67.4709, -5.4682 ], [ -67.466, -5.4949 ], [ -67.5312, -5.5332 ], [ -67.554, -5.5088 ], [ -67.5869, -5.5108 ], [ -67.5889, -5.5423 ], [ -67.5683, -5.5457 ], [ -67.5862, -5.5934 ], [ -67.6147, -5.5571 ], [ -67.6248, -5.5889 ], [ -67.6549, -5.5978 ], [ -67.6594, -5.5586 ], [ -67.6859, -5.5543 ], [ -67.6762, -5.5988 ], [ -67.6907, -5.6125 ], [ -67.6991, -5.578 ], [ -67.7361, -5.5423 ], [ -67.7487, -5.492 ], [ -67.8359, -5.4778 ], [ -67.8051, -5.454 ], [ -67.7793, -5.334 ], [ -67.7396, -5.2575 ], [ -67.7092, -5.2459 ], [ -67.6932, -5.2094 ], [ -67.6502, -5.192 ], [ -67.5513, -5.1042 ], [ -67.472, -5.1042 ], [ -67.4088, -5.0328 ], [ -67.3548, -5.0213 ], [ -67.3177, -4.9558 ], [ -67.3305, -4.9343 ], [ -67.2772, -4.9224 ], [ -67.2535, -4.8998 ] ] ] } },
{ "type": "Feature", "properties": { "tipo": "UC", "nome": "PARQUE NACIONAL DA AMAZÔNIA" }, "geometry": { "type": "Polygon", "coordinates": [ [ [ -56.1248, -3.65 ], [ -56.0748, -3.6759 ], [ -56.074, -3.6968 ], [ -56.0002, -3.7048 ], [ -55.9997, -3.8996 ], [ -56.0271, -3.8982 ], [ -56.0296, -3.8767 ], [ -56.0459, -3.8723 ], [ -56.0499, -3.9013 ], [ -56.0732, -3.902 ], [ -56.0833, -3.919 ], [ -56.1792, -3.8971 ], [ -56.1919, -3.9355 ], [ -56.1788, -3.9705 ], [ -56.2336, -3.9914 ], [ -56.2757, -3.9825 ], [ -56.311, -4.0408 ], [ -56.3612, -4.0819 ], [ -56.375, -4.1292 ], [ -56.3607, -4.1699 ], [ -56.4153, -4.2502 ], [ -56.4016, -4.3054 ], [ -56.4435, -4.319 ], [ -56.4429, -4.36 ], [ -56.3824, -4.3563 ], [ -56.3415, -4.4279 ], [ -56.2593, -4.4854 ], [ -56.2518, -4.5066 ], [ -56.2663, -4.522 ], [ -56.2774, -4.5091 ], [ -56.2975, -4.5299 ], [ -56.3243, -4.5307 ], [ -56.3234, -4.5457 ], [ -56.3556, -4.5524 ], [ -56.3538, -4.5639 ], [ -56.3691, -4.5594 ], [ -56.3468, -4.5803 ], [ -56.3218, -4.5769 ], [ -56.344, -4.5899 ], [ -56.365, -4.5778 ], [ -56.3518, -4.59 ], [ -56.3392, -4.5905 ], [ -56.3494, -4.5989 ], [ -56.3557, -4.5962 ], [ -56.3593, -4.5963 ], [ -56.3671, -4.5922 ], [ -56.3631, -4.5955 ], [ -56.3476, -4.6 ], [ -56.3404, -4.5951 ], [ -56.3348, -4.6003 ], [ -56.3418, -4.6101 ], [ -56.3521, -4.6071 ], [ -56.3548, -4.6114 ], [ -56.3505, -4.6082 ], [ -56.3422, -4.6104 ], [ -56.3355, -4.6074 ], [ -56.3327, -4.5951 ], [ -56.3378, -4.5903 ], [ -56.3135, -4.5762 ], [ -56.3093, -4.5801 ], [ -56.3152, -4.5967 ], [ -56.312, -4.5999 ], [ -56.3062, -4.573 ], [ -56.2978, -4.6034 ], [ -56.3296, -4.6024 ], [ -56.3352, -4.628 ], [ -56.3576, -4.6199 ], [ -56.3637, -4.6302 ], [ -56.3486, -4.6325 ], [ -56.3733, -4.6515 ], [ -56.3767, -4.6202 ], [ -56.4072, -4.6114 ], [ -56.3811, -4.6495 ], [ -56.3917, -4.6509 ], [ -56.3932, -4.6369 ], [ -56.4009, -4.6316 ], [ -56.4084, -4.6322 ], [ -56.3975, -4.6539 ], [ -56.3821, -4.6574 ], [ -56.4006, -4.6587 ], [ -56.3999, -4.6746 ], [ -56.4301, -4.6297 ], [ -56.4319, -4.6486 ], [ -56.4101, -4.6673 ], [ -56.4321, -4.671 ], [ -56.4297, -4.6595 ], [ -56.438, -4.6524 ], [ -56.4318, -4.6452 ], [ -56.4509, -4.6337 ], [ -56.441, -4.6287 ], [ -56.449, -4.6295 ], [ -56.4439, -4.6188 ], [ -56.4504, -4.6211 ], [ -56.4488, -4.6092 ], [ -56.4583, -4.6074 ], [ -56.4545, -4.6447 ], [ -56.4396, -4.6453 ], [ -56.449, -4.6625 ], [ -56.4394, -4.6555 ], [ -56.441, -4.6743 ], [ -56.4298, -4.6753 ], [ -56.4455, -4.679 ], [ -56.4322, -4.6963 ], [ -56.4127, -4.67 ], [ -56.4125, -4.699 ], [ -56.4313, -4.6975 ], [ -56.4339, -4.7158 ], [ -56.4519, -4.6955 ], [ -56.4466, -4.672 ], [ -56.4578, -4.6753 ], [ -56.4606, -4.6359 ], [ -56.4649, -4.6423 ], [ -56.4711, -4.6314 ], [ -56.4807, -4.6329 ], [ -56.4715, -4.6233 ], [ -56.4818, -4.5926 ], [ -56.4957, -4.6021 ], [ -56.4742, -4.6203 ], [ -56.489, -4.6337 ], [ -56.4635, -4.6468 ], [ -56.4568, -4.6962 ], [ -56.4692, -4.6947 ], [ -56.4662, -4.6908 ], [ -56.4694, -4.6791 ], [ -56.4664, -4.671 ], [ -56.4692, -4.6557 ], [ -56.4713, -4.6963 ], [ -56.4812, -4.6817 ], [ -56.4814, -4.6924 ], [ -56.4985, -4.6897 ], [ -56.4792, -4.6674 ], [ -56.4805, -4.6621 ], [ -56.4831, -4.6584 ], [ -56.5013, -4.6814 ], [ -56.4997, -4.6946 ], [ -56.5216, -4.6918 ], [ -56.5098, -4.6714 ], [ -56.5215, -4.6794 ], [ -56.518, -4.6646 ], [ -56.5283, -4.6479 ], [ -56.5231, -4.6825 ], [ -56.5326, -4.6713 ], [ -56.5401, -4.6826 ], [ -56.5396, -4.6645 ], [ -56.5545, -4.6697 ], [ -56.5358, -4.6444 ], [ -56.5492, -4.6489 ], [ -56.5353, -4.6315 ], [ -56.5436, -4.6263 ], [ -56.558, -4.669 ], [ -56.5749, -4.6405 ], [ -56.5621, -4.6659 ], [ -56.5758, -4.668 ], [ -56.5854, -4.6471 ], [ -56.5735, -4.6305 ], [ -56.5726, -4.6165 ], [ -56.5874, -4.6337 ], [ -56.5884, -4.6552 ], [ -56.5788, -4.6658 ], [ -56.6072, -4.6678 ], [ -56.5971, -4.629 ], [ -56.6077, -4.6577 ], [ -56.6204, -4.6371 ], [ -56.6114, -4.6864 ], [ -56.6392, -4.6914 ], [ -56.6229, -4.6723 ], [ -56.6305, -4.634 ], [ -56.6194, -4.6337 ], [ -56.6111, -4.6294 ], [ -56.6469, -4.6162 ], [ -56.638, -4.5926 ], [ -56.6475, -4.5927 ], [ -56.6469, -4.5811 ], [ -56.6584, -4.5768 ], [ -56.6521, -4.5721 ], [ -56.6569, -4.57 ], [ -56.657, -4.5654 ], [ -56.6587, -4.5657 ], [ -56.6584, -4.5632 ], [ -56.6613, -4.5615 ], [ -56.653, -4.6248 ], [ -56.6379, -4.6223 ], [ -56.6388, -4.6391 ], [ -56.6655, -4.6394 ], [ -56.6592, -4.6317 ], [ -56.6677, -4.6293 ], [ -56.6627, -4.6197 ], [ -56.6667, -4.6048 ], [ -56.6686, -4.6022 ], [ -56.6734, -4.5991 ], [ -56.668, -4.6037 ], [ -56.6724, -4.6093 ], [ -56.6672, -4.6315 ], [ -56.6795, -4.6217 ], [ -56.6914, -4.6202 ], [ -56.6686, -4.6336 ], [ -56.6874, -4.6324 ], [ -56.6738, -4.6445 ], [ -56.637, -4.6567 ], [ -56.6367, -4.6743 ], [ -56.6512, -4.6604 ], [ -56.6452, -4.683 ], [ -56.6518, -4.6672 ], [ -56.6693, -4.6703 ], [ -56.6669, -4.6597 ], [ -56.6762, -4.6489 ], [ -56.6835, -4.6491 ], [ -56.6741, -4.6709 ], [ -56.6536, -4.678 ], [ -56.6615, -4.6848 ], [ -56.6459, -4.6851 ], [ -56.6471, -4.6984 ], [ -56.6554, -4.6884 ], [ -56.6607, -4.7038 ], [ -56.6659, -4.6918 ], [ -56.69, -4.6993 ], [ -56.6693, -4.6862 ], [ -56.6802, -4.6878 ], [ -56.6762, -4.6787 ], [ -56.677, -4.6748 ], [ -56.6817, -4.6636 ], [ -56.6874, -4.6654 ], [ -56.6782, -4.6818 ], [ -56.6974, -4.7017 ], [ -56.6756, -4.7026 ], [ -56.6968, -4.7236 ], [ -56.7099, -4.7016 ], [ -56.6922, -4.6784 ], [ -56.7217, -4.6584 ], [ -56.7039, -4.6832 ], [ -56.7167, -4.696 ], [ -56.7222, -4.6704 ], [ -56.7581, -4.6381 ], [ -56.7787, -4.6317 ], [ -56.7252, -4.685 ], [ -56.752, -4.6795 ], [ -56.7612, -4.6609 ], [ -56.7631, -4.6591 ], [ -56.7657, -4.6577 ], [ -56.764, -4.6762 ], [ -56.7225, -4.6941 ], [ -56.755, -4.6905 ], [ -56.7624, -4.7002 ], [ -56.7305, -4.7038 ], [ -56.7178, -4.722 ], [ -56.7927, -4.6937 ], [ -56.753, -4.7187 ], [ -56.7592, -4.7213 ], [ -56.7861, -4.7127 ], [ -56.788, -4.7136 ], [ -56.7734, -4.7269 ], [ -56.7378, -4.7188 ], [ -56.7018, -4.7327 ], [ -56.7353, -4.7456 ], [ -56.7419, -4.7329 ], [ -56.7421, -4.7504 ], [ -56.7476, -4.7395 ], [ -56.7648, -4.7376 ], [ -56.7694, -4.747 ], [ -56.7339, -4.7597 ], [ -56.7357, -4.7463 ], [ -56.729, -4.7557 ], [ -56.7076, -4.7432 ], [ -56.7253, -4.7853 ], [ -56.757, -4.7559 ], [ -56.7687, -4.7626 ], [ -56.7542, -4.7712 ], [ -56.7766, -4.7679 ], [ -56.7779, -4.7535 ], [ -56.7878, -4.7636 ], [ -56.7975, -4.7435 ], [ -56.7865, -4.7315 ], [ -56.7833, -4.7433 ], [ -56.7858, -4.7283 ], [ -56.8028, -4.7496 ], [ -56.8026, -4.7338 ], [ -56.8238, -4.7286 ], [ -56.8153, -4.6958 ], [ -56.8412, -4.6936 ], [ -56.8225, -4.7066 ], [ -56.8261, -4.7316 ], [ -56.8422, -4.7359 ], [ -56.8171, -4.7334 ], [ -56.8182, -4.7523 ], [ -56.8132, -4.7428 ], [ -56.7941, -4.7626 ], [ -56.8165, -4.7657 ], [ -56.8273, -4.7453 ], [ -56.8671, -4.7203 ], [ -56.845, -4.7594 ], [ -56.8268, -4.7536 ], [ -56.817, -4.7768 ], [ -56.8042, -4.769 ], [ -56.825, -4.7836 ], [ -56.8162, -4.7941 ], [ -56.8001, -4.7959 ], [ -56.7973, -4.7686 ], [ -56.7831, -4.7718 ], [ -56.7923, -4.7815 ], [ -56.7746, -4.7753 ], [ -56.7912, -4.8146 ], [ -56.7649, -4.7756 ], [ -56.7329, -4.7892 ], [ -56.7609, -4.7856 ], [ -56.7519, -4.796 ], [ -56.7195, -4.8033 ], [ -56.7104, -4.842 ], [ -56.7256, -4.8185 ], [ -56.7372, -4.8149 ], [ -56.7411, -4.8194 ], [ -56.7152, -4.846 ], [ -56.7401, -4.8733 ], [ -56.7321, -4.8936 ], [ -56.7746, -4.9031 ], [ -56.7691, -4.9173 ], [ -56.7319, -4.8983 ], [ -56.7612, -4.9417 ], [ -56.807, -4.9375 ], [ -56.8115, -4.931 ], [ -56.8065, -4.9293 ], [ -56.8039, -4.9209 ], [ -56.8051, -4.9165 ], [ -56.8123, -4.93 ], [ -56.816, -4.9207 ], [ -56.8234, -4.9152 ], [ -56.8153, -4.9229 ], [ -56.8128, -4.9372 ], [ -56.8323, -4.9325 ], [ -56.8531, -4.8933 ], [ -56.8678, -4.9073 ], [ -56.8403, -4.9292 ], [ -56.8755, -4.9146 ], [ -56.8597, -4.9282 ], [ -56.8912, -4.9365 ], [ -56.9877, -4.8743 ], [ -57.1009, -4.9007 ], [ -57.1749, -4.9476 ], [ -57.2187, -4.9483 ], [ -57.2262, -4.8888 ], [ -57.3357, -4.8338 ], [ -57.4508, -4.8099 ], [ -57.4667, -4.7915 ], [ -57.4745, -4.7661 ], [ -57.3518, -4.5046 ], [ -57.3517, -4.2952 ], [ -57.2292, -4.2416 ], [ -57.2147, -4.2103 ], [ -57.169, -4.1953 ], [ -57.1138, -4.1467 ], [ -57.0999, -4.1851 ], [ -56.6647, -3.9948 ], [ -56.624, -3.9245 ], [ -56.523, -3.877 ], [ -56.5236, -3.8376 ], [ -56.4951, -3.7933 ], [ -56.4233, -3.8237 ], [ -56.339, -3.7821 ], [ -56.3259, -3.7491 ], [ -56.2686, -3.7573 ], [ -56.2454, -3.7274 ], [ -56.262, -3.7088 ], [ -56.237, -3.6866 ], [ -56.2352, -3.662 ], [ -56.189, -3.6998 ], [ -56.1248, -3.65 ] ] ] } },
{ "type": "Feature", "properties": { "tipo": "UC", "nome": "RESERVA BIOLÓGICA DO MANICORÉ" }, "geometry": { "type": "Polygon", "coordinates": [ [ [ -60.5834, -6.5195 ], [ -60.5887, -6.6194 ], [ -60.6379, -6.6743 ], [ -60.6642, -6.6702 ], [ -60.6913, -6.6912 ], [ -60.6798, -6.7847 ], [ -60.7101, -6.8048 ], [ -60.7133, -6.8375 ], [ -60.7458, -6.8669 ], [ -60.8332, -6.8798 ], [ -60.8276, -6.9528 ], [ -60.841, -6.9882 ], [ -60.8681, -7.0011 ], [ -60.867, -7.0441 ], [ -60.8841, -7.0431 ], [ -60.8306, -7.2075 ], [ -60.8008, -7.2412 ], [ -60.8031, -7.2927 ], [ -60.8675, -7.3426 ], [ -60.8971, -7.3465 ], [ -61.077, -7.3187 ], [ -61.075, -7.3324 ], [ -61.1154, -7.3363 ], [ -61.1164, -7.3087 ], [ -61.1542, -7.2954 ], [ -61.1657, -7.3125 ], [ -61.2046, -7.3206 ], [ -61.2282, -7.31 ], [ -61.2421, -7.2722 ], [ -61.188, -7.2498 ], [ -61.2165, -7.2272 ], [ -61.2002, -7.2046 ], [ -61.2157, -7.1737 ], [ -61.2314, -7.1677 ], [ -61.2302, -7.178 ], [ -61.2442, -7.1557 ], [ -61.2246, -7.1328 ], [ -61.2299, -7.1171 ], [ -61.2015, -7.1306 ], [ -61.2574, -7.0524 ], [ -61.2365, -6.9987 ], [ -61.2633, -6.9211 ], [ -61.2593, -6.8141 ], [ -60.5834, -6.5195 ] ] ] } },
{ "type": "Feature", "properties": { "tipo": "UC", "nome": "FLORESTA NACIONAL DE ITACAIUNAS" }, "geometry": { "type": "Polygon", "coordinates": [ [ [ -51.0225, -5.7872 ], [ -50.8092, -5.7881 ], [ -50.7458, -5.8099 ], [ -50.7242, -5.8354 ], [ -50.6705, -5.8258 ], [ -50.5814, -5.8559 ], [ -50.5366, -5.8499 ], [ -50.5089, -5.8772 ], [ -50.583, -5.919 ], [ -50.6793, -5.9171 ], [ -50.7056, -5.8969 ], [ -50.7238, -5.9585 ], [ -50.778, -5.9862 ], [ -50.799, -5.9703 ], [ -50.897, -5.9864 ], [ -50.9475, -5.9708 ], [ -50.9909, -5.9972 ], [ -51.0, -6.0435 ], [ -51.0206, -6.0559 ], [ -51.0479, -6.0443 ], [ -51.1199, -6.0528 ], [ -51.2158, -6.0217 ], [ -51.4001, -6.0182 ], [ -51.394, -5.9973 ], [ -51.3463, -5.9633 ], [ -51.2438, -5.9986 ], [ -51.2236, -5.9639 ], [ -51.1759, -5.9644 ], [ -51.1613, -5.9513 ], [ -51.1644, -5.9269 ], [ -51.1258, -5.9186 ], [ -51.1129, -5.8897 ], [ -51.1109, -5.8155 ], [ -51.054, -5.7639 ], [ -51.0225, -5.7872 ] ] ] } },
{ "type": "Feature", "properties": { "tipo": "UC", "nome": "ÁREA DE PROTEÇÃO AMBIENTAL SERRA DA TABATINGA" }, "geometry": { "type": "Polygon", "coordinates": [ [ [ -45.8463, -10.4044 ], [ -45.959, -10.352 ], [ -46.0106, -10.1687 ], [ -45.9467, -10.259 ], [ -45.9063, -10.2462 ], [ -45.8332, -10.2712 ], [ -45.7941, -10.2681 ], [ -45.7385, -10.2344 ], [ -45.726, -10.159 ], [ -45.7031, -10.1792 ], [ -45.6984, -10.2611 ], [ -45.7394, -10.3427 ], [ -45.8182, -10.3605 ], [ -45.8463, -10.4044 ] ] ] } },
{ "type": "Feature", "properties": { "tipo": "UC", "nome": "RESERVA PARTICULAR DO PATRIMÔNIO NATURAL KLAGESI" }, "geometry": { "type": "Polygon", "coordinates": [ [ [ -48.1382, -1.1657 ], [ -48.13, -1.1674 ], [ -48.1382, -1.168 ], [ -48.1382, -1.1657 ] ] ] } },
{ "type": "Feature", "properties": { "tipo": "UC", "nome": "RESERVA BIOLÓGICA DO PARAZINHO" }, "geometry": { "type": "Polygon", "coordinates": [ [ [ -49.9857, 0.8744 ], [ -49.9945, 0.8857 ], [ -49.994, 0.896 ], [ -49.9853, 0.8859 ], [ -49.9857, 0.8744 ] ] ] } },
{ "type": "Feature", "properties": { "tipo": "UC", "nome": "RESERVA PARTICULAR DO PATRIMÔNIO NATURAL POLEIRO GRANDE" }, "geometry": { "type": "MultiPolygon", "coordinates": [ [ [ [ -56.2617, -17.2439 ], [ -56.2623, -17.2435 ], [ -56.2606, -17.2442 ], [ -56.2617, -17.2439 ] ] ], [ [ [ -56.2549, -17.2355 ], [ -56.2563, -17.2356 ], [ -56.2571, -17.2353 ], [ -56.2549, -17.2355 ] ] ], [ [ [ -56.2255, -17.229 ], [ -56.2243, -17.2298 ], [ -56.2276, -17.2287 ], [ -56.2255, -17.229 ] ] ], [ [ [ -56.2622, -17.2291 ], [ -56.2616, -17.2286 ], [ -56.2605, -17.2292 ], [ -56.2622, -17.2291 ] ] ], [ [ [ -56.2354, -17.2282 ], [ -56.2353, -17.2283 ], [ -56.2364, -17.2275 ], [ -56.2354, -17.2282 ] ] ], [ [ [ -56.2115, -17.2277 ], [ -56.2134, -17.2264 ], [ -56.2129, -17.2264 ], [ -56.2115, -17.2277 ] ] ], [ [ [ -56.2429, -17.2221 ], [ -56.2408, -17.2213 ], [ -56.2396, -17.222 ], [ -56.2429, -17.2221 ] ] ], [ [ [ -56.2233, -17.2196 ], [ -56.223, -17.2196 ], [ -56.2239, -17.2201 ], [ -56.2233, -17.2196 ] ] ], [ [ [ -56.2506, -17.2191 ], [ -56.2501, -17.2193 ], [ -56.252, -17.2193 ], [ -56.2506, -17.2191 ] ] ], [ [ [ -56.2142, -17.2102 ], [ -56.214, -17.2108 ], [ -56.2145, -17.2118 ], [ -56.2142, -17.2102 ] ] ], [ [ [ -56.2087, -17.2149 ], [ -56.2073, -17.2148 ], [ -56.2102, -17.2143 ], [ -56.2087, -17.2149 ] ] ], [ [ [ -56.2027, -17.2079 ], [ -56.2023, -17.207 ], [ -56.2016, -17.2065 ], [ -56.2027, -17.2079 ] ] ], [ [ [ -56.201, -17.2061 ], [ -56.2009, -17.2061 ], [ -56.2014, -17.2063 ], [ -56.201, -17.2061 ] ] ], [ [ [ -56.1996, -17.2057 ], [ -56.1993, -17.2059 ], [ -56.2002, -17.2059 ], [ -56.1996, -17.2057 ] ] ], [ [ [ -56.1682, -17.1934 ], [ -56.166, -17.1948 ], [ -56.1669, -17.1944 ], [ -56.1682, -17.1934 ] ] ], [ [ [ -56.1867, -17.1894 ], [ -56.1866, -17.1892 ], [ -56.1865, -17.1891 ], [ -56.1867, -17.1894 ] ] ], [ [ [ -56.1863, -17.189 ], [ -56.1865, -17.1891 ], [ -56.1864, -17.189 ], [ -56.1863, -17.189 ] ] ], [ [ [ -56.1723, -17.1887 ], [ -56.1727, -17.1883 ], [ -56.1718, -17.1886 ], [ -56.1723, -17.1887 ] ] ], [ [ [ -56.1854, -17.1882 ], [ -56.1845, -17.1886 ], [ -56.1863, -17.189 ], [ -56.1854, -17.1882 ] ] ] ] } },
{ "type": "Feature", "properties": { "tipo": "UC", "nome": "RESERVA EXTRATIVISTA CATUÁ-IPIXUNA" }, "geometry": { "type": "Polygon", "coordinates": [ [ [ -64.217, -3.6637 ], [ -64.1047, -3.7146 ], [ -64.042, -3.8011 ], [ -63.8878, -3.8448 ], [ -63.8638, -3.823 ], [ -63.8196, -3.8173 ], [ -63.7548, -3.8583 ], [ -63.7917, -3.8527 ], [ -63.7942, -3.8376 ], [ -63.7935, -3.8521 ], [ -63.8428, -3.841 ], [ -63.8337, -3.8455 ], [ -63.8544, -3.8537 ], [ -63.8606, -3.9349 ], [ -63.8218, -4.0076 ], [ -63.9175, -3.993 ], [ -64.0274, -4.0008 ], [ -64.0201, -4.0199 ], [ -64.0341, -4.0435 ], [ -64.0608, -4.0357 ], [ -64.0967, -4.0535 ], [ -64.1654, -4.0049 ], [ -64.2035, -3.9986 ], [ -64.3045, -4.0445 ], [ -64.339, -4.023 ], [ -64.3348, -4.036 ], [ -64.4053, -4.0614 ], [ -64.4398, -4.0394 ], [ -64.4408, -4.0738 ], [ -64.4571, -4.0904 ], [ -64.5469, -4.0988 ], [ -64.6476, -4.1675 ], [ -64.6944, -4.1537 ], [ -64.691, -4.1313 ], [ -64.6525, -4.1246 ], [ -64.6185, -4.0708 ], [ -64.5762, -4.0481 ], [ -64.5393, -3.9488 ], [ -64.4226, -3.8466 ], [ -64.3407, -3.8188 ], [ -64.2718, -3.7687 ], [ -64.2549, -3.705 ], [ -64.217, -3.6637 ] ] ] } },
{ "type": "Feature", "properties": { "tipo": "UC", "nome": "ÁREA DE PROTEçãO AMBIENTAL DA REGIãO DO MARACANã" }, "geometry": { "type": "Polygon", "coordinates": [ [ [ -44.2454, -2.6005 ], [ -44.2862, -2.6617 ], [ -44.2946, -2.6615 ], [ -44.3052, -2.6098 ], [ -44.2872, -2.6252 ], [ -44.2454, -2.6005 ] ] ] } },
{ "type": "Feature", "properties": { "tipo": "UC", "nome": "PARQUE NACIONAL NASCENTES DO LAGO JARI" }, "geometry": { "type": "Polygon", "coordinates": [ [ [ -63.1425, -5.7911 ], [ -63.0634, -5.8476 ], [ -63.0311, -5.8433 ], [ -62.9175, -5.8953 ], [ -62.9242, -5.8294 ], [ -62.8931, -5.762 ], [ -62.8925, -5.6734 ], [ -62.8737, -5.6688 ], [ -62.8494, -5.6068 ], [ -62.8617, -5.5768 ], [ -62.9327, -5.5645 ], [ -62.9006, -5.4756 ], [ -62.836, -5.4427 ], [ -62.8142, -5.4132 ], [ -62.8253, -5.362 ], [ -62.8492, -5.3355 ], [ -62.6825, -5.2977 ], [ -62.6892, -5.3692 ], [ -62.6541, -5.4069 ], [ -62.6738, -5.4154 ], [ -62.6906, -5.464 ], [ -62.6275, -5.4696 ], [ -62.6096, -5.4914 ], [ -62.5759, -5.4321 ], [ -62.5669, -5.2864 ], [ -62.5301, -5.2224 ], [ -62.537, -5.1787 ], [ -62.5203, -5.1642 ], [ -62.4901, -5.2064 ], [ -62.4169, -5.2522 ], [ -62.3784, -5.2415 ], [ -62.3298, -5.1957 ], [ -62.1963, -5.1734 ], [ -62.1695, -5.1517 ], [ -62.151, -5.1806 ], [ -62.1705, -5.2388 ], [ -62.1581, -5.2769 ], [ -62.1315, -5.2798 ], [ -62.1277, -5.3074 ], [ -62.1018, -5.3179 ], [ -62.0767, -5.2912 ], [ -62.0361, -5.2841 ], [ -62.0181, -5.3018 ], [ -62.0654, -5.3638 ], [ -62.0504, -5.3738 ], [ -62.1251, -5.5071 ], [ -62.3292, -5.8145 ], [ -62.4363, -5.9278 ], [ -62.4883, -5.9688 ], [ -62.5026, -5.9579 ], [ -62.5807, -6.0829 ], [ -62.7538, -6.2646 ], [ -62.8145, -6.3558 ], [ -62.8369, -6.3514 ], [ -62.8507, -6.3658 ], [ -62.8589, -6.346 ], [ -62.8889, -6.3508 ], [ -62.895, -6.3219 ], [ -62.9213, -6.3325 ], [ -62.9395, -6.3718 ], [ -62.9508, -6.3456 ], [ -62.968, -6.352 ], [ -62.9762, -6.3882 ], [ -63.0903, -6.3385 ], [ -63.0926, -6.2834 ], [ -63.1408, -6.1846 ], [ -63.089, -6.0897 ], [ -63.077, -6.0046 ], [ -63.1326, -5.9646 ], [ -63.1487, -5.9332 ], [ -63.1453, -5.8532 ], [ -63.171, -5.7877 ], [ -63.1425, -5.7911 ] ] ] } },
{ "type": "Feature", "properties": { "tipo": "UC", "nome": "RESERVA DE DESENVOLVIMENTO SUSTENTÁVEL AMANÃ" }, "geometry": { "type": "Polygon", "coordinates": [ [ [ -63.3252, -1.5358 ], [ -63.293, -1.5314 ], [ -63.2687, -1.5676 ], [ -63.1975, -1.5357 ], [ -63.1327, -1.5653 ], [ -63.1037, -1.5412 ], [ -63.0634, -1.5458 ], [ -63.0426, -1.5578 ], [ -63.044, -1.5785 ], [ -63.0014, -1.5751 ], [ -63.0132, -1.5897 ], [ -62.9824, -1.6259 ], [ -62.9654, -1.6174 ], [ -62.962, -1.5927 ], [ -62.9238, -1.6182 ], [ -62.935, -1.6343 ], [ -62.8997, -1.637 ], [ -62.8992, -1.6521 ], [ -62.8777, -1.6516 ], [ -62.8149, -1.6949 ], [ -62.8021, -1.713 ], [ -62.8268, -1.705 ], [ -62.8482, -1.7334 ], [ -62.8789, -1.7313 ], [ -62.8861, -1.7577 ], [ -62.9346, -1.7803 ], [ -62.9489, -1.8078 ], [ -63.0097, -1.8187 ], [ -63.0435, -1.8693 ], [ -63.1753, -1.8958 ], [ -63.2339, -1.8881 ], [ -63.3725, -1.9689 ], [ -63.4262, -1.9766 ], [ -63.4477, -2.0176 ], [ -63.5341, -2.0363 ], [ -63.5669, -2.0634 ], [ -63.5789, -2.1075 ], [ -63.5628, -2.1848 ], [ -63.5881, -2.225 ], [ -63.6378, -2.2412 ], [ -63.7013, -2.2282 ], [ -63.78, -2.2858 ], [ -64.0038, -2.2432 ], [ -64.0138, -2.3111 ], [ -63.9722, -2.4967 ], [ -63.9928, -2.5313 ], [ -63.9908, -2.5626 ], [ -63.9428, -2.5731 ], [ -63.7903, -2.5513 ], [ -63.7671, -2.5848 ], [ -63.7214, -2.7363 ], [ -63.7148, -2.8186 ], [ -64.3272, -3.03 ], [ -64.3263, -3.0985 ], [ -64.2901, -3.0998 ], [ -64.268, -3.0793 ], [ -64.2709, -3.1021 ], [ -64.2417, -3.1066 ], [ -64.2584, -3.1075 ], [ -64.2635, -3.1431 ], [ -64.2819, -3.1414 ], [ -64.2867, -3.1631 ], [ -64.2534, -3.1734 ], [ -64.1877, -3.2604 ], [ -64.179, -3.239 ], [ -64.1695, -3.2543 ], [ -64.1599, -3.2447 ], [ -64.1454, -3.2756 ], [ -64.1539, -3.2971 ], [ -64.1395, -3.3043 ], [ -64.1325, -3.2738 ], [ -64.1265, -3.2968 ], [ -64.1114, -3.2948 ], [ -64.1068, -3.329 ], [ -64.0847, -3.3345 ], [ -64.0807, -3.3655 ], [ -64.125, -3.3709 ], [ -64.1478, -3.4249 ], [ -64.147, -3.4501 ], [ -64.1321, -3.4551 ], [ -64.1598, -3.514 ], [ -64.1794, -3.4892 ], [ -64.1699, -3.4463 ], [ -64.191, -3.4332 ], [ -64.193, -3.4587 ], [ -64.2015, -3.455 ], [ -64.195, -3.3624 ], [ -64.2081, -3.3606 ], [ -64.2068, -3.3762 ], [ -64.226, -3.37 ], [ -64.2117, -3.3574 ], [ -64.235, -3.3301 ], [ -64.2237, -3.3128 ], [ -64.243, -3.3168 ], [ -64.2517, -3.2921 ], [ -64.2669, -3.3083 ], [ -64.2803, -3.2614 ], [ -64.2993, -3.2658 ], [ -64.3225, -3.2363 ], [ -64.317, -3.256 ], [ -64.349, -3.2916 ], [ -64.3713, -3.2524 ], [ -64.372, -3.2672 ], [ -64.3919, -3.271 ], [ -64.3858, -3.3011 ], [ -64.4032, -3.2811 ], [ -64.4106, -3.2927 ], [ -64.4362, -3.285 ], [ -64.4614, -3.2222 ], [ -64.448, -3.2183 ], [ -64.4788, -3.1684 ], [ -64.5215, -3.1772 ], [ -64.5289, -3.1561 ], [ -64.5588, -3.1876 ], [ -64.5574, -3.1731 ], [ -64.5817, -3.172 ], [ -64.5758, -3.1905 ], [ -64.5973, -3.2012 ], [ -64.6156, -3.129 ], [ -64.5934, -3.103 ], [ -64.6011, -3.0706 ], [ -64.6604, -3.0175 ], [ -64.6962, -3.0185 ], [ -64.6688, -3.0138 ], [ -64.6659, -2.9943 ], [ -64.7174, -2.9932 ], [ -64.7217, -2.9575 ], [ -64.7523, -2.9477 ], [ -64.7339, -2.907 ], [ -64.7582, -2.8912 ], [ -64.8225, -2.922 ], [ -64.847, -2.9176 ], [ -64.8917, -2.8677 ], [ -64.8666, -2.8002 ], [ -64.869, -2.7356 ], [ -64.8967, -2.7111 ], [ -64.9611, -2.7177 ], [ -64.9891, -2.6882 ], [ -64.9845, -2.5819 ], [ -65.0398, -2.5013 ], [ -65.0222, -2.4797 ], [ -65.0189, -2.4374 ], [ -64.9936, -2.4428 ], [ -64.9991, -2.4167 ], [ -64.9712, -2.3819 ], [ -64.9058, -2.4185 ], [ -64.8786, -2.408 ], [ -64.9208, -2.3552 ], [ -64.9162, -2.3036 ], [ -64.9876, -2.3219 ], [ -65.0088, -2.279 ], [ -65.067, -2.266 ], [ -65.1265, -2.3089 ], [ -65.1342, -2.3432 ], [ -65.168, -2.2862 ], [ -65.1391, -2.2368 ], [ -65.0843, -2.1906 ], [ -65.0792, -2.1605 ], [ -65.0967, -2.1418 ], [ -65.1452, -2.1487 ], [ -65.1807, -2.1318 ], [ -65.1791, -2.066 ], [ -65.2165, -2.0317 ], [ -65.2259, -2.001 ], [ -65.1047, -2.0012 ], [ -65.1072, -1.9711 ], [ -65.0571, -1.9705 ], [ -65.0104, -1.9066 ], [ -64.9511, -1.8856 ], [ -64.9333, -1.9005 ], [ -64.9486, -2.0012 ], [ -64.7836, -2.0012 ], [ -64.7584, -1.9317 ], [ -64.6701, -1.8876 ], [ -64.6717, -1.8479 ], [ -64.6523, -1.8259 ], [ -64.6647, -1.8012 ], [ -64.6552, -1.7595 ], [ -64.5744, -1.6863 ], [ -64.5635, -1.6979 ], [ -64.5436, -1.6829 ], [ -64.5173, -1.6968 ], [ -64.465, -1.6942 ], [ -64.4417, -1.7174 ], [ -64.3874, -1.7281 ], [ -64.3338, -1.7099 ], [ -64.3455, -1.692 ], [ -64.3311, -1.6632 ], [ -64.316, -1.6705 ], [ -64.273, -1.6292 ], [ -64.2605, -1.6437 ], [ -64.2135, -1.6382 ], [ -64.1799, -1.6666 ], [ -64.137, -1.6471 ], [ -64.114, -1.6809 ], [ -64.1047, -1.6694 ], [ -64.0897, -1.6774 ], [ -64.0913, -1.6937 ], [ -64.0586, -1.6856 ], [ -64.0419, -1.6986 ], [ -63.9778, -1.6731 ], [ -63.932, -1.6865 ], [ -63.8899, -1.6584 ], [ -63.8261, -1.6633 ], [ -63.8057, -1.688 ], [ -63.7817, -1.6896 ], [ -63.7644, -1.6572 ], [ -63.7376, -1.6698 ], [ -63.7301, -1.6497 ], [ -63.6823, -1.6343 ], [ -63.639, -1.6651 ], [ -63.6217, -1.6655 ], [ -63.6162, -1.6481 ], [ -63.6079, -1.668 ], [ -63.5961, -1.6409 ], [ -63.5593, -1.6608 ], [ -63.542, -1.6448 ], [ -63.4993, -1.6598 ], [ -63.4951, -1.6186 ], [ -63.4832, -1.6259 ], [ -63.4584, -1.6072 ], [ -63.4383, -1.6207 ], [ -63.4207, -1.606 ], [ -63.4303, -1.5872 ], [ -63.4072, -1.5679 ], [ -63.4007, -1.5882 ], [ -63.3494, -1.5628 ], [ -63.3308, -1.5712 ], [ -63.3252, -1.5358 ] ] ] } },
{ "type": "Feature", "properties": { "tipo": "UC", "nome": "MONUMENTO NATURAL ATALAIA" }, "geometry": { "type": "MultiPolygon", "coordinates": [ [ [ [ -47.2876, -0.6208 ], [ -47.2882, -0.6213 ], [ -47.2887, -0.621 ], [ -47.2876, -0.6208 ] ] ], [ [ [ -47.2901, -0.618 ], [ -47.3072, -0.6008 ], [ -47.3082, -0.5965 ], [ -47.2922, -0.6015 ], [ -47.2901, -0.618 ] ] ] ] } },
{ "type": "Feature", "properties": { "tipo": "UC", "nome": "ESTAÇÃO ECOLÓGICA DE MARACÁ" }, "geometry": { "type": "Polygon", "coordinates": [ [ [ -61.6964, 3.5182 ], [ -61.6711, 3.545 ], [ -61.6257, 3.56 ], [ -61.5088, 3.4343 ], [ -61.4852, 3.4378 ], [ -61.4697, 3.4129 ], [ -61.4397, 3.4179 ], [ -61.4184, 3.3836 ], [ -61.3853, 3.3732 ], [ -61.3757, 3.3644 ], [ -61.4865, 3.3405 ], [ -61.5353, 3.3023 ], [ -61.6338, 3.3218 ], [ -61.6529, 3.3382 ], [ -61.6752, 3.3032 ], [ -61.7173, 3.3216 ], [ -61.7418, 3.3064 ], [ -61.794, 3.3289 ], [ -61.7824, 3.2591 ], [ -61.7969, 3.2494 ], [ -61.8819, 3.2692 ], [ -61.9319, 3.2273 ], [ -62.0, 3.2404 ], [ -61.9921, 3.2593 ], [ -61.9474, 3.2565 ], [ -61.9265, 3.33 ], [ -61.7986, 3.4517 ], [ -61.7994, 3.4758 ], [ -61.7724, 3.4835 ], [ -61.7681, 3.5028 ], [ -61.6964, 3.5182 ] ] ] } },
{ "type": "Feature", "properties": { "tipo": "UC", "nome": "RESERVA EXTRATIVISTA RIO CAJARI" }, "geometry": { "type": "Polygon", "coordinates": [ [ [ -51.8985, -0.416 ], [ -51.7922, -0.4613 ], [ -51.7419, -0.511 ], [ -51.7135, -0.4935 ], [ -51.6077, -0.5304 ], [ -51.5627, -0.5154 ], [ -51.5343, -0.5386 ], [ -51.6966, -0.7465 ], [ -51.7083, -0.8928 ], [ -51.6929, -1.0066 ], [ -51.7041, -1.0421 ], [ -51.7696, -1.0861 ], [ -51.8324, -1.0309 ], [ -51.9758, -1.0673 ], [ -52.0836, -1.0672 ], [ -52.1052, -0.9777 ], [ -52.1688, -0.9881 ], [ -52.3111, -0.902 ], [ -52.2791, -0.7833 ], [ -52.3376, -0.7496 ], [ -52.3807, -0.6624 ], [ -52.3585, -0.624 ], [ -52.4184, -0.4186 ], [ -52.35, -0.4223 ], [ -52.3223, -0.4521 ], [ -52.2805, -0.4611 ], [ -52.2985, -0.414 ], [ -52.2651, -0.3574 ], [ -52.153, -0.3481 ], [ -52.0875, -0.3828 ], [ -52.0839, -0.3512 ], [ -52.026, -0.2871 ], [ -51.9135, -0.2802 ], [ -51.8985, -0.416 ] ] ] } },
{ "type": "Feature", "properties": { "tipo": "UC", "nome": "RESERVA EXTRATIVISTA ARAPIRANGA-TROMAí" }, "geometry": { "type": "MultiPolygon", "coordinates": [ [ [ [ -45.7978, -1.2389 ], [ -45.7979, -1.2526 ], [ -45.8022, -1.2535 ], [ -45.8097, -1.2455 ], [ -45.7978, -1.2389 ] ] ], [ [ [ -45.7752, -1.2181 ], [ -45.7721, -1.2043 ], [ -45.7744, -1.217 ], [ -45.7752, -1.2181 ] ] ], [ [ [ -45.7808, -1.2067 ], [ -45.7999, -1.2284 ], [ -45.8075, -1.1929 ], [ -45.7934, -1.1845 ], [ -45.7808, -1.2067 ] ] ], [ [ [ -45.7737, -1.198 ], [ -45.7724, -1.2013 ], [ -45.7723, -1.2024 ], [ -45.7737, -1.198 ] ] ], [ [ [ -45.8667, -1.1922 ], [ -45.8646, -1.1976 ], [ -45.8698, -1.2024 ], [ -45.8667, -1.1922 ] ] ], [ [ [ -45.7685, -1.1964 ], [ -45.7719, -1.1895 ], [ -45.7682, -1.1906 ], [ -45.7685, -1.1964 ] ] ], [ [ [ -45.9558, -1.1894 ], [ -45.953, -1.1828 ], [ -45.9552, -1.1925 ], [ -45.9558, -1.1894 ] ] ], [ [ [ -45.8693, -1.1869 ], [ -45.866, -1.1816 ], [ -45.8676, -1.1896 ], [ -45.8693, -1.1869 ] ] ], [ [ [ -45.8614, -1.1831 ], [ -45.8648, -1.1892 ], [ -45.8623, -1.1811 ], [ -45.8614, -1.1831 ] ] ], [ [ [ -45.8151, -1.2621 ], [ -45.8714, -1.2895 ], [ -45.8714, -1.2475 ], [ -45.9855, -1.2475 ], [ -45.9822, -1.2102 ], [ -46.0011, -1.2149 ], [ -45.998, -1.1881 ], [ -46.0167, -1.1854 ], [ -46.0532, -1.2146 ], [ -46.073, -1.1817 ], [ -46.0482, -1.1792 ], [ -46.0619, -1.1426 ], [ -46.059, -1.1048 ], [ -46.0357, -1.1102 ], [ -46.0175, -1.0811 ], [ -46.0029, -1.0845 ], [ -45.9952, -1.0524 ], [ -45.9657, -1.056 ], [ -45.9816, -1.113 ], [ -45.9613, -1.1086 ], [ -45.9503, -1.141 ], [ -45.9576, -1.1563 ], [ -45.9582, -1.1818 ], [ -45.9567, -1.1936 ], [ -45.9526, -1.201 ], [ -45.8957, -1.1159 ], [ -45.8784, -1.0577 ], [ -45.8564, -1.0518 ], [ -45.8493, -1.1005 ], [ -45.8931, -1.1466 ], [ -45.8702, -1.1539 ], [ -45.8836, -1.1743 ], [ -45.8671, -1.1717 ], [ -45.8724, -1.2026 ], [ -45.8614, -1.2157 ], [ -45.8251, -1.2019 ], [ -45.8286, -1.1772 ], [ -45.7999, -1.1618 ], [ -45.8135, -1.203 ], [ -45.8035, -1.2238 ], [ -45.8151, -1.2621 ] ], [ [ -46.0546, -1.1125 ], [ -46.0516, -1.1071 ], [ -46.0595, -1.1211 ], [ -46.0546, -1.1125 ] ] ], [ [ [ -45.8107, -1.1508 ], [ -45.8245, -1.1519 ], [ -45.827, -1.1281 ], [ -45.8085, -1.1258 ], [ -45.8107, -1.1508 ] ] ], [ [ [ -45.7679, -1.199 ], [ -45.7666, -1.1982 ], [ -45.7668, -1.1993 ], [ -45.7679, -1.199 ] ] ], [ [ [ -45.763, -1.1917 ], [ -45.7633, -1.194 ], [ -45.7644, -1.1945 ], [ -45.763, -1.1917 ] ] ], [ [ [ -45.7574, -1.1826 ], [ -45.7569, -1.1819 ], [ -45.7573, -1.1826 ], [ -45.7574, -1.1826 ] ] ], [ [ [ -45.7569, -1.1819 ], [ -45.7509, -1.1735 ], [ -45.756, -1.1808 ], [ -45.7569, -1.1819 ] ] ], [ [ [ -45.7557, -1.1666 ], [ -45.751, -1.172 ], [ -45.7596, -1.1823 ], [ -45.7557, -1.1666 ] ] ], [ [ [ -45.7515, -1.1666 ], [ -45.7499, -1.1688 ], [ -45.7499, -1.1695 ], [ -45.7515, -1.1666 ] ] ], [ [ [ -45.7497, -1.1613 ], [ -45.7487, -1.162 ], [ -45.7488, -1.1626 ], [ -45.7497, -1.1613 ] ] ], [ [ [ -45.7457, -1.1543 ], [ -45.7449, -1.1538 ], [ -45.7457, -1.1545 ], [ -45.7457, -1.1543 ] ] ], [ [ [ -45.742, -1.1484 ], [ -45.7415, -1.1451 ], [ -45.7411, -1.1488 ], [ -45.742, -1.1484 ] ] ], [ [ [ -45.7421, -1.142 ], [ -45.7392, -1.1386 ], [ -45.7415, -1.1445 ], [ -45.7421, -1.142 ] ] ], [ [ [ -45.7241, -1.1087 ], [ -45.7194, -1.1105 ], [ -45.7312, -1.1109 ], [ -45.7241, -1.1087 ] ] ] ] } },
{ "type": "Feature", "properties": { "tipo": "UC", "nome": "AREA DE RELEVANTE INTERESSE ECOLOGICO MUSEU PARQUE SERINGAL" }, "geometry": { "type": "Polygon", "coordinates": [ [ [ -48.4122, -1.3589 ], [ -48.4106, -1.3597 ], [ -48.4122, -1.3594 ], [ -48.4122, -1.3589 ] ] ] } },
{ "type": "Feature", "properties": { "tipo": "UC", "nome": "RESERVA PARTICULAR DO PATRIMÔNIO NATURAL ILHAS ALEXANDRE RODRIGUES FERREIRA" }, "geometry": { "type": "MultiPolygon", "coordinates": [ [ [ [ -63.3432, -0.5957 ], [ -63.3475, -0.5882 ], [ -63.3353, -0.598 ], [ -63.3432, -0.5957 ] ] ], [ [ [ -63.3801, -0.5731 ], [ -63.3693, -0.5799 ], [ -63.3525, -0.583 ], [ -63.3424, -0.5897 ], [ -63.3396, -0.593 ], [ -63.3485, -0.587 ], [ -63.3606, -0.5871 ], [ -63.3801, -0.5731 ] ] ], [ [ [ -63.372, -0.576 ], [ -63.3673, -0.5728 ], [ -63.3566, -0.5784 ], [ -63.372, -0.576 ] ] ] ] } },
{ "type": "Feature", "properties": { "tipo": "UC", "nome": "FLORESTA NACIONAL DE SANTA ROSA DO PURUS" }, "geometry": { "type": "Polygon", "coordinates": [ [ [ -70.5614, -9.0533 ], [ -70.5154, -9.1064 ], [ -70.4398, -9.269 ], [ -70.4671, -9.3004 ], [ -70.4018, -9.3029 ], [ -70.3962, -9.3145 ], [ -70.4245, -9.3396 ], [ -70.407, -9.3493 ], [ -70.4204, -9.3535 ], [ -70.4331, -9.3334 ], [ -70.4452, -9.3531 ], [ -70.4334, -9.3634 ], [ -70.4869, -9.3577 ], [ -70.501, -9.3802 ], [ -70.4715, -9.3834 ], [ -70.4876, -9.4062 ], [ -70.4708, -9.419 ], [ -70.4808, -9.4392 ], [ -70.5057, -9.4217 ], [ -70.5267, -9.436 ], [ -70.537, -9.3997 ], [ -70.5742, -9.3854 ], [ -70.6935, -9.3716 ], [ -70.7908, -9.4489 ], [ -70.8558, -9.4489 ], [ -70.9026, -9.5077 ], [ -70.9511, -9.536 ], [ -70.9568, -9.5863 ], [ -71.0455, -9.6425 ], [ -71.0888, -9.74 ], [ -71.317, -9.4495 ], [ -71.2959, -9.4274 ], [ -71.2574, -9.4552 ], [ -71.2121, -9.4214 ], [ -71.1933, -9.4326 ], [ -71.1722, -9.3963 ], [ -71.1477, -9.4034 ], [ -71.1146, -9.3771 ], [ -71.0971, -9.3804 ], [ -71.0801, -9.3437 ], [ -71.0526, -9.3384 ], [ -71.0002, -9.3659 ], [ -70.9618, -9.3256 ], [ -70.9807, -9.2967 ], [ -70.9659, -9.2876 ], [ -70.9165, -9.3951 ], [ -70.8709, -9.4417 ], [ -70.8506, -9.3576 ], [ -70.8752, -9.2173 ], [ -70.8625, -9.1724 ], [ -70.8272, -9.1809 ], [ -70.8356, -9.2006 ], [ -70.8204, -9.2133 ], [ -70.7501, -9.1601 ], [ -70.7181, -9.1746 ], [ -70.7288, -9.2334 ], [ -70.7183, -9.2543 ], [ -70.5996, -9.1427 ], [ -70.5983, -9.1069 ], [ -70.5614, -9.0533 ] ] ] } },
{ "type": "Feature", "properties": { "tipo": "UC", "nome": "REFúGIO DE VIDA SILVESTRE LAGO MOLE" }, "geometry": { "type": "Polygon", "coordinates": [ [ [ -55.8618, -2.0951 ], [ -55.8181, -2.1092 ], [ -55.8284, -2.1216 ], [ -55.8618, -2.0951 ] ] ] } },
{ "type": "Feature", "properties": { "tipo": "UC", "nome": "ÁREA DE PROTEÇÃO AMBIENTAL DO TAPAJÓS" }, "geometry": { "type": "MultiPolygon", "coordinates": [ [ [ [ -57.633, -6.1283 ], [ -57.6323, -6.1287 ], [ -57.6334, -6.1282 ], [ -57.633, -6.1283 ] ] ], [ [ [ -57.5775, -5.9296 ], [ -57.5728, -5.9427 ], [ -57.5694, -5.9423 ], [ -57.5606, -5.9357 ], [ -57.5769, -5.9242 ], [ -57.5536, -5.9087 ], [ -57.5401, -5.9202 ], [ -57.5481, -5.93 ], [ -57.5361, -5.9259 ], [ -57.5272, -5.8906 ], [ -57.497, -5.8601 ], [ -57.5032, -5.9098 ], [ -57.5021, -5.9221 ], [ -57.4959, -5.9345 ], [ -57.4931, -5.8592 ], [ -57.4723, -5.8731 ], [ -57.4651, -5.8637 ], [ -57.4937, -5.8485 ], [ -57.4739, -5.8272 ], [ -57.4648, -5.8283 ], [ -57.4561, -5.836 ], [ -57.4531, -5.8366 ], [ -57.4519, -5.8361 ], [ -57.4651, -5.8249 ], [ -57.4454, -5.8241 ], [ -57.4496, -5.8023 ], [ -57.4152, -5.796 ], [ -57.4311, -5.8082 ], [ -57.4126, -5.8042 ], [ -57.4089, -5.8356 ], [ -57.4014, -5.8341 ], [ -57.4044, -5.8414 ], [ -57.4048, -5.8528 ], [ -57.4085, -5.8635 ], [ -57.4083, -5.8711 ], [ -57.4101, -5.8731 ], [ -57.4111, -5.875 ], [ -57.4133, -5.8865 ], [ -57.4121, -5.8876 ], [ -57.4197, -5.8963 ], [ -57.4267, -5.9111 ], [ -57.4267, -5.9132 ], [ -57.4247, -5.9174 ], [ -57.4274, -5.9172 ], [ -57.4283, -5.9188 ], [ -57.4281, -5.9363 ], [ -57.427, -5.9399 ], [ -57.4234, -5.9416 ], [ -57.4007, -5.8401 ], [ -57.4008, -5.8237 ], [ -57.4073, -5.8115 ], [ -57.4064, -5.799 ], [ -57.3823, -5.8049 ], [ -57.384, -5.8475 ], [ -57.383, -5.8521 ], [ -57.3793, -5.8591 ], [ -57.3814, -5.8457 ], [ -57.3693, -5.8554 ], [ -57.3514, -5.858 ], [ -57.3828, -5.8416 ], [ -57.3734, -5.8009 ], [ -57.3827, -5.7936 ], [ -57.3675, -5.7828 ], [ -57.3496, -5.7932 ], [ -57.3331, -5.7744 ], [ -57.3424, -5.794 ], [ -57.3288, -5.7792 ], [ -57.3261, -5.7939 ], [ -57.3215, -5.7847 ], [ -57.3306, -5.773 ], [ -57.3096, -5.7494 ], [ -57.3045, -5.7606 ], [ -57.3117, -5.7699 ], [ -57.3123, -5.7725 ], [ -57.3111, -5.7757 ], [ -57.3005, -5.7652 ], [ -57.3049, -5.7499 ], [ -57.2828, -5.7934 ], [ -57.2999, -5.8042 ], [ -57.2813, -5.7954 ], [ -57.2673, -5.8193 ], [ -57.2846, -5.8278 ], [ -57.2816, -5.8326 ], [ -57.2595, -5.815 ], [ -57.2316, -5.8347 ], [ -57.2393, -5.8516 ], [ -57.2347, -5.8593 ], [ -57.2387, -5.8509 ], [ -57.2309, -5.8372 ], [ -57.2274, -5.8364 ], [ -57.188, -5.8803 ], [ -57.1779, -5.868 ], [ -57.1179, -5.8814 ], [ -57.1242, -5.8894 ], [ -57.1316, -5.9071 ], [ -57.138, -5.907 ], [ -57.1416, -5.908 ], [ -57.1746, -5.9312 ], [ -57.1614, -5.9542 ], [ -57.2392, -6.0232 ], [ -57.2452, -6.1076 ], [ -57.2816, -6.143 ], [ -57.2542, -6.1596 ], [ -57.2497, -6.1924 ], [ -57.3028, -6.286 ], [ -57.2999, -6.3213 ], [ -57.3278, -6.3403 ], [ -57.3886, -6.2794 ], [ -57.4461, -6.281 ], [ -57.496, -6.2434 ], [ -57.5242, -6.2413 ], [ -57.5454, -6.1995 ], [ -57.591, -6.1878 ], [ -57.5885, -6.1625 ], [ -57.6105, -6.162 ], [ -57.6301, -6.1319 ], [ -57.6013, -6.1357 ], [ -57.6156, -6.1151 ], [ -57.6001, -6.1053 ], [ -57.5838, -6.12 ], [ -57.5744, -6.1167 ], [ -57.5726, -6.1222 ], [ -57.5693, -6.1251 ], [ -57.572, -6.1134 ], [ -57.5641, -6.1208 ], [ -57.5579, -6.1208 ], [ -57.5575, -6.1178 ], [ -57.5555, -6.1188 ], [ -57.5555, -6.1232 ], [ -57.5514, -6.1282 ], [ -57.5518, -6.1236 ], [ -57.5408, -6.1278 ], [ -57.5356, -6.1256 ], [ -57.534, -6.1233 ], [ -57.5321, -6.1277 ], [ -57.5086, -6.1404 ], [ -57.5029, -6.142 ], [ -57.4979, -6.1405 ], [ -57.4949, -6.1438 ], [ -57.4966, -6.1462 ], [ -57.4915, -6.1546 ], [ -57.4787, -6.156 ], [ -57.4937, -6.1351 ], [ -57.5081, -6.1401 ], [ -57.535, -6.1215 ], [ -57.5407, -6.1263 ], [ -57.5568, -6.1171 ], [ -57.5639, -6.1199 ], [ -57.5721, -6.1121 ], [ -57.5785, -6.115 ], [ -57.6001, -6.1047 ], [ -57.6024, -6.1064 ], [ -57.6073, -6.1052 ], [ -57.6037, -6.056 ], [ -57.6158, -6.0608 ], [ -57.6434, -5.9916 ], [ -57.637, -5.9604 ], [ -57.5855, -5.9305 ], [ -57.5775, -5.9296 ] ], [ [ -57.5031, -5.8718 ], [ -57.5029, -5.8721 ], [ -57.5032, -5.871 ], [ -57.5031, -5.8718 ] ], [ [ -57.5041, -5.8727 ], [ -57.5042, -5.8735 ], [ -57.502, -5.8732 ], [ -57.5041, -5.8727 ] ], [ [ -57.3882, -5.8158 ], [ -57.3895, -5.8177 ], [ -57.3881, -5.8216 ], [ -57.3882, -5.8158 ] ], [ [ -57.3504, -5.7939 ], [ -57.3502, -5.7943 ], [ -57.3497, -5.794 ], [ -57.3504, -5.7939 ] ], [ [ -57.5822, -5.9378 ], [ -57.5816, -5.9383 ], [ -57.5837, -5.9315 ], [ -57.5822, -5.9378 ] ] ], [ [ [ -57.1646, -5.9287 ], [ -57.1642, -5.9287 ], [ -57.165, -5.9292 ], [ -57.1646, -5.9287 ] ] ], [ [ [ -57.1602, -5.925 ], [ -57.1585, -5.9243 ], [ -57.1595, -5.9248 ], [ -57.1602, -5.925 ] ] ], [ [ [ -57.156, -5.9231 ], [ -57.1556, -5.9237 ], [ -57.156, -5.9246 ], [ -57.156, -5.9231 ] ] ], [ [ [ -57.1536, -5.921 ], [ -57.1517, -5.9216 ], [ -57.153, -5.922 ], [ -57.1536, -5.921 ] ] ], [ [ [ -57.1445, -5.9128 ], [ -57.1449, -5.9135 ], [ -57.145, -5.9133 ], [ -57.1445, -5.9128 ] ] ], [ [ [ -57.1444, -5.9117 ], [ -57.1439, -5.9118 ], [ -57.1442, -5.9124 ], [ -57.1444, -5.9117 ] ] ], [ [ [ -56.2256, -7.1047 ], [ -56.2109, -7.1168 ], [ -56.2193, -7.1293 ], [ -56.1945, -7.1448 ], [ -56.2314, -7.1699 ], [ -56.2122, -7.2039 ], [ -56.2346, -7.2538 ], [ -56.2062, -7.2693 ], [ -56.2164, -7.3021 ], [ -56.2549, -7.3224 ], [ -56.2405, -7.3316 ], [ -56.2491, -7.3584 ], [ -56.2305, -7.3996 ], [ -56.2757, -7.4278 ], [ -56.2874, -7.4605 ], [ -56.3387, -7.506 ], [ -56.3303, -7.525 ], [ -56.361, -7.6007 ], [ -56.3538, -7.6496 ], [ -56.4224, -7.7919 ], [ -56.4837, -7.8183 ], [ -56.4801, -7.8342 ], [ -56.5014, -7.8559 ], [ -56.5092, -7.8381 ], [ -56.5401, -7.8392 ], [ -56.5479, -7.8893 ], [ -56.5855, -7.9217 ], [ -56.6087, -7.9064 ], [ -56.629, -7.9354 ], [ -56.666, -7.9247 ], [ -56.6833, -7.9404 ], [ -56.7552, -7.8573 ], [ -56.742, -7.8178 ], [ -56.7222, -7.8192 ], [ -56.7317, -7.7959 ], [ -56.7108, -7.7798 ], [ -56.7393, -7.7737 ], [ -56.7755, -7.6141 ], [ -56.7531, -7.5205 ], [ -56.7671, -7.469 ], [ -56.7608, -7.377 ], [ -56.7762, -7.3529 ], [ -56.7619, -7.2959 ], [ -56.7469, -7.2878 ], [ -56.7557, -7.2102 ], [ -56.7931, -7.2445 ], [ -56.8168, -7.2353 ], [ -56.8859, -7.269 ], [ -56.8961, -7.2941 ], [ -56.9214, -7.2604 ], [ -56.9505, -7.2526 ], [ -56.9753, -7.2097 ], [ -56.979, -7.249 ], [ -56.9991, -7.2744 ], [ -57.0217, -7.2771 ], [ -57.055, -7.3583 ], [ -57.043, -7.3925 ], [ -57.0904, -7.4391 ], [ -57.072, -7.4754 ], [ -57.0827, -7.511 ], [ -57.115, -7.5384 ], [ -57.1968, -7.4943 ], [ -57.1964, -7.3876 ], [ -57.1444, -7.2821 ], [ -57.1341, -7.286 ], [ -57.132, -7.2575 ], [ -57.2537, -7.2755 ], [ -57.2502, -7.2186 ], [ -57.2133, -7.2246 ], [ -57.172, -7.1252 ], [ -57.1307, -7.1346 ], [ -57.095, -7.1203 ], [ -57.1132, -7.0944 ], [ -57.0963, -7.0136 ], [ -57.1205, -6.9851 ], [ -57.1183, -6.9627 ], [ -57.0837, -6.9393 ], [ -57.0832, -6.9179 ], [ -57.0566, -6.9244 ], [ -57.0186, -6.8866 ], [ -56.8841, -6.8926 ], [ -56.883, -6.9375 ], [ -56.7886, -6.9829 ], [ -56.6501, -6.9689 ], [ -56.6144, -6.9438 ], [ -56.4913, -6.9078 ], [ -56.4515, -6.9248 ], [ -56.3214, -6.7961 ], [ -56.2463, -6.7723 ], [ -56.2128, -6.7212 ], [ -56.1577, -6.7082 ], [ -56.1427, -6.7149 ], [ -56.1454, -6.7488 ], [ -56.1291, -6.7686 ], [ -56.1549, -6.7977 ], [ -56.1371, -6.859 ], [ -56.1703, -6.8994 ], [ -56.1658, -6.9281 ], [ -56.2164, -6.945 ], [ -56.206, -6.9964 ], [ -56.2345, -7.0454 ], [ -56.2112, -7.1013 ], [ -56.2256, -7.1047 ] ] ], [ [ [ -57.3081, -5.7378 ], [ -57.2954, -5.7373 ], [ -57.3014, -5.7241 ], [ -57.2719, -5.7504 ], [ -57.2995, -5.7215 ], [ -57.3033, -5.6905 ], [ -57.2812, -5.6929 ], [ -57.2676, -5.6577 ], [ -57.2574, -5.6808 ], [ -57.2565, -5.6567 ], [ -57.2324, -5.6614 ], [ -57.2504, -5.6499 ], [ -57.2363, -5.6394 ], [ -57.2125, -5.6461 ], [ -57.2087, -5.633 ], [ -57.1981, -5.6614 ], [ -57.1993, -5.6444 ], [ -57.1874, -5.6542 ], [ -57.2117, -5.6227 ], [ -57.1902, -5.6169 ], [ -57.2085, -5.6097 ], [ -57.2052, -5.5897 ], [ -57.1829, -5.5871 ], [ -57.1886, -5.5971 ], [ -57.1879, -5.605 ], [ -57.1799, -5.5904 ], [ -57.1727, -5.5991 ], [ -57.1606, -5.5983 ], [ -57.1798, -5.5867 ], [ -57.1485, -5.5724 ], [ -57.1581, -5.5799 ], [ -57.1402, -5.5797 ], [ -57.1521, -5.5901 ], [ -57.1425, -5.6028 ], [ -57.136, -5.5751 ], [ -57.126, -5.5726 ], [ -57.123, -5.5973 ], [ -57.1356, -5.6002 ], [ -57.123, -5.6016 ], [ -57.1312, -5.617 ], [ -57.1437, -5.6117 ], [ -57.15, -5.614 ], [ -57.1502, -5.615 ], [ -57.1362, -5.6264 ], [ -57.1212, -5.6124 ], [ -57.1151, -5.6313 ], [ -57.1335, -5.6372 ], [ -57.1452, -5.6505 ], [ -57.1204, -5.6384 ], [ -57.1392, -5.6888 ], [ -57.1213, -5.6609 ], [ -57.1152, -5.6657 ], [ -57.114, -5.671 ], [ -57.1118, -5.6735 ], [ -57.1105, -5.6743 ], [ -57.1157, -5.6433 ], [ -57.0923, -5.6758 ], [ -57.0906, -5.6606 ], [ -57.087, -5.6597 ], [ -57.0853, -5.6845 ], [ -57.0605, -5.6757 ], [ -57.0613, -5.6667 ], [ -57.0506, -5.6812 ], [ -57.0524, -5.6671 ], [ -57.0353, -5.6784 ], [ -57.0371, -5.6657 ], [ -57.0182, -5.6676 ], [ -57.0079, -5.6831 ], [ -56.9953, -5.6792 ], [ -57.0118, -5.675 ], [ -57.0023, -5.6722 ], [ -57.0043, -5.6503 ], [ -56.9916, -5.6488 ], [ -57.0068, -5.6505 ], [ -57.0135, -5.6695 ], [ -57.0144, -5.6567 ], [ -57.03, -5.6442 ], [ -57.0189, -5.6641 ], [ -57.0375, -5.6476 ], [ -57.0312, -5.6652 ], [ -57.0603, -5.6577 ], [ -57.0762, -5.6721 ], [ -57.084, -5.6575 ], [ -57.0462, -5.6365 ], [ -57.0709, -5.6381 ], [ -57.0849, -5.6569 ], [ -57.1138, -5.6398 ], [ -57.109, -5.619 ], [ -57.094, -5.6289 ], [ -57.0932, -5.6258 ], [ -57.1161, -5.6094 ], [ -57.1034, -5.6052 ], [ -57.1135, -5.5872 ], [ -57.0987, -5.6066 ], [ -57.0763, -5.6092 ], [ -57.0794, -5.5923 ], [ -57.0989, -5.5946 ], [ -57.0888, -5.5898 ], [ -57.0874, -5.5884 ], [ -57.0868, -5.5866 ], [ -57.1126, -5.5821 ], [ -57.0948, -5.557 ], [ -57.0954, -5.5764 ], [ -57.0874, -5.5572 ], [ -57.0507, -5.6172 ], [ -57.0709, -5.5719 ], [ -57.035, -5.6059 ], [ -57.0513, -5.5668 ], [ -57.0839, -5.5582 ], [ -57.0729, -5.547 ], [ -57.0721, -5.5603 ], [ -57.0475, -5.5615 ], [ -57.0706, -5.5499 ], [ -57.056, -5.5319 ], [ -57.0553, -5.5399 ], [ -57.0505, -5.545 ], [ -57.041, -5.5159 ], [ -57.041, -5.5486 ], [ -57.032, -5.523 ], [ -57.0125, -5.5403 ], [ -57.0372, -5.5665 ], [ -57.0157, -5.5574 ], [ -57.0154, -5.5974 ], [ -57.0093, -5.5489 ], [ -56.9853, -5.602 ], [ -56.9749, -5.5967 ], [ -56.9946, -5.5629 ], [ -56.9687, -5.571 ], [ -56.9655, -5.5594 ], [ -56.9982, -5.56 ], [ -57.0087, -5.543 ], [ -56.9973, -5.5516 ], [ -56.9912, -5.5518 ], [ -56.9976, -5.5366 ], [ -57.0353, -5.5115 ], [ -57.0007, -5.5026 ], [ -57.036, -5.5064 ], [ -57.0246, -5.501 ], [ -57.0377, -5.4869 ], [ -57.0106, -5.4845 ], [ -57.0336, -5.4727 ], [ -57.03, -5.4558 ], [ -57.0181, -5.4429 ], [ -57.0238, -5.4622 ], [ -57.0124, -5.4669 ], [ -57.0146, -5.4411 ], [ -57.0039, -5.456 ], [ -57.0075, -5.4644 ], [ -57.0068, -5.4672 ], [ -57.0062, -5.4682 ], [ -57.0, -5.454 ], [ -56.9915, -5.4686 ], [ -56.9964, -5.4513 ], [ -57.0037, -5.4524 ], [ -57.0114, -5.4374 ], [ -56.9939, -5.4335 ], [ -56.9778, -5.399 ], [ -56.9795, -5.4315 ], [ -56.9707, -5.4129 ], [ -56.9519, -5.4337 ], [ -56.9512, -5.433 ], [ -56.9484, -5.433 ], [ -56.9458, -5.4321 ], [ -56.9718, -5.4065 ], [ -56.9527, -5.4096 ], [ -56.9731, -5.3939 ], [ -56.9505, -5.3975 ], [ -56.9491, -5.3936 ], [ -56.9669, -5.3897 ], [ -56.9497, -5.3826 ], [ -56.9531, -5.3787 ], [ -56.9739, -5.3874 ], [ -56.9618, -5.3763 ], [ -56.9752, -5.3678 ], [ -56.9585, -5.3653 ], [ -56.975, -5.3646 ], [ -56.9781, -5.3204 ], [ -56.9694, -5.3158 ], [ -56.9724, -5.3321 ], [ -56.9629, -5.3316 ], [ -56.9665, -5.3374 ], [ -56.965, -5.3386 ], [ -56.9656, -5.3424 ], [ -56.964, -5.3461 ], [ -56.9634, -5.347 ], [ -56.9607, -5.3353 ], [ -56.9528, -5.3471 ], [ -56.9613, -5.3277 ], [ -56.9427, -5.3298 ], [ -56.9528, -5.3352 ], [ -56.9492, -5.3475 ], [ -56.937, -5.338 ], [ -56.9436, -5.3719 ], [ -56.9268, -5.3627 ], [ -56.941, -5.3768 ], [ -56.9231, -5.4128 ], [ -56.9448, -5.42 ], [ -56.9358, -5.4317 ], [ -56.913, -5.4193 ], [ -56.9269, -5.4462 ], [ -56.9158, -5.4525 ], [ -56.9141, -5.4703 ], [ -56.9221, -5.4752 ], [ -56.9077, -5.495 ], [ -56.92, -5.4976 ], [ -56.9074, -5.5178 ], [ -56.8858, -5.5266 ], [ -56.9093, -5.5039 ], [ -56.9048, -5.4933 ], [ -56.9096, -5.466 ], [ -56.9054, -5.4636 ], [ -56.9035, -5.4586 ], [ -56.9095, -5.4634 ], [ -56.9204, -5.4406 ], [ -56.9119, -5.4267 ], [ -56.892, -5.4404 ], [ -56.8942, -5.4605 ], [ -56.8829, -5.4549 ], [ -56.8841, -5.4621 ], [ -56.8902, -5.466 ], [ -56.8899, -5.4678 ], [ -56.872, -5.4591 ], [ -56.8795, -5.471 ], [ -56.8585, -5.4751 ], [ -56.8803, -5.4892 ], [ -56.878, -5.5007 ], [ -56.8558, -5.4742 ], [ -56.8532, -5.4976 ], [ -56.8495, -5.4815 ], [ -56.8361, -5.4819 ], [ -56.844, -5.5081 ], [ -56.8211, -5.4978 ], [ -56.8263, -5.5111 ], [ -56.8132, -5.5156 ], [ -56.8292, -5.516 ], [ -56.8373, -5.5307 ], [ -56.8109, -5.5156 ], [ -56.812, -5.5265 ], [ -56.8165, -5.5284 ], [ -56.8194, -5.533 ], [ -56.8065, -5.5366 ], [ -56.8211, -5.5447 ], [ -56.7966, -5.5413 ], [ -56.8096, -5.5268 ], [ -56.8063, -5.5219 ], [ -56.7809, -5.5597 ], [ -56.7937, -5.5575 ], [ -56.8038, -5.5647 ], [ -56.7599, -5.5799 ], [ -56.7554, -5.6179 ], [ -56.7456, -5.5976 ], [ -56.7145, -5.6104 ], [ -56.7151, -5.6341 ], [ -56.7115, -5.6488 ], [ -56.7039, -5.66 ], [ -56.7083, -5.6118 ], [ -56.661, -5.6619 ], [ -56.59, -5.686 ], [ -56.5857, -5.6813 ], [ -56.6537, -5.6593 ], [ -56.6439, -5.6477 ], [ -56.6759, -5.642 ], [ -56.7098, -5.5959 ], [ -56.7345, -5.5998 ], [ -56.7642, -5.5626 ], [ -56.4336, -5.5616 ], [ -56.4399, -5.6053 ], [ -56.4298, -5.6355 ], [ -56.404, -5.6458 ], [ -56.4033, -5.6727 ], [ -56.2456, -5.7024 ], [ -56.2313, -5.7216 ], [ -56.2482, -5.7335 ], [ -56.2665, -5.725 ], [ -56.2778, -5.7878 ], [ -56.2303, -5.8144 ], [ -56.1982, -5.8803 ], [ -56.1609, -5.9043 ], [ -56.1602, -5.9477 ], [ -56.1088, -5.9672 ], [ -56.1323, -6.0362 ], [ -56.1704, -6.0547 ], [ -56.1793, -6.0891 ], [ -56.1646, -6.1539 ], [ -56.0715, -6.1163 ], [ -55.9989, -6.1457 ], [ -55.8407, -6.0763 ], [ -55.8503, -6.1005 ], [ -55.8356, -6.1677 ], [ -55.8705, -6.2196 ], [ -55.9289, -6.216 ], [ -55.9357, -6.2709 ], [ -55.9786, -6.3126 ], [ -56.0497, -6.2825 ], [ -56.0686, -6.316 ], [ -56.0552, -6.33 ], [ -56.0812, -6.3618 ], [ -56.1647, -6.3816 ], [ -56.1994, -6.4353 ], [ -56.1915, -6.4527 ], [ -56.2399, -6.504 ], [ -56.2268, -6.5677 ], [ -56.2983, -6.5387 ], [ -56.3481, -6.5613 ], [ -56.4211, -6.6067 ], [ -56.4149, -6.6627 ], [ -56.4657, -6.6796 ], [ -56.5403, -6.742 ], [ -56.5755, -6.7138 ], [ -56.6277, -6.7225 ], [ -56.6604, -6.6995 ], [ -56.6978, -6.698 ], [ -56.7526, -6.6568 ], [ -56.7883, -6.6959 ], [ -56.8733, -6.7241 ], [ -56.8941, -6.6994 ], [ -56.8769, -6.6909 ], [ -56.8856, -6.666 ], [ -56.8656, -6.6651 ], [ -56.8353, -6.6154 ], [ -56.8584, -6.5856 ], [ -56.8519, -6.5269 ], [ -56.8328, -6.5061 ], [ -56.8418, -6.4952 ], [ -56.823, -6.4785 ], [ -56.8243, -6.456 ], [ -56.8075, -6.4571 ], [ -56.7844, -6.371 ], [ -56.717, -6.2843 ], [ -56.7435, -6.2372 ], [ -56.7431, -6.2074 ], [ -56.7256, -6.1904 ], [ -56.7542, -6.1579 ], [ -56.7511, -6.1315 ], [ -56.7266, -6.1114 ], [ -56.7241, -6.0718 ], [ -56.6773, -6.0639 ], [ -56.6572, -6.0388 ], [ -56.65, -6.0491 ], [ -56.6282, -6.0202 ], [ -56.6035, -6.0207 ], [ -56.599, -6.0 ], [ -56.7273, -5.967 ], [ -56.8256, -5.9827 ], [ -56.8389, -6.0057 ], [ -56.9003, -6.016 ], [ -56.9667, -5.9982 ], [ -56.9549, -5.9493 ], [ -56.961, -5.9381 ], [ -56.9524, -5.9417 ], [ -56.9499, -5.9398 ], [ -57.0213, -5.9128 ], [ -57.0175, -5.9087 ], [ -57.001, -5.9141 ], [ -56.9936, -5.9118 ], [ -56.9858, -5.9154 ], [ -56.9798, -5.9148 ], [ -57.0253, -5.8976 ], [ -57.0748, -5.9027 ], [ -57.0898, -5.8709 ], [ -57.0926, -5.8819 ], [ -57.0976, -5.8791 ], [ -57.113, -5.8835 ], [ -57.1214, -5.8764 ], [ -57.1137, -5.8731 ], [ -57.1085, -5.8624 ], [ -57.1087, -5.8587 ], [ -57.1168, -5.8736 ], [ -57.1223, -5.857 ], [ -57.1222, -5.8757 ], [ -57.135, -5.8625 ], [ -57.1548, -5.8594 ], [ -57.1317, -5.867 ], [ -57.1381, -5.8725 ], [ -57.1956, -5.8601 ], [ -57.2049, -5.829 ], [ -57.2186, -5.8279 ], [ -57.2128, -5.8408 ], [ -57.2411, -5.8194 ], [ -57.2075, -5.8091 ], [ -57.2705, -5.8114 ], [ -57.2688, -5.806 ], [ -57.2625, -5.8055 ], [ -57.261, -5.8038 ], [ -57.2812, -5.7822 ], [ -57.2383, -5.7834 ], [ -57.2619, -5.7708 ], [ -57.2798, -5.7796 ], [ -57.2751, -5.7682 ], [ -57.3081, -5.7378 ] ], [ [ -57.0747, -5.714 ], [ -57.0755, -5.7612 ], [ -57.0659, -5.7497 ], [ -57.0524, -5.7694 ], [ -57.0637, -5.79 ], [ -57.065, -5.8039 ], [ -57.0453, -5.7635 ], [ -57.0347, -5.7895 ], [ -56.9905, -5.8172 ], [ -57.0305, -5.7886 ], [ -57.0325, -5.7658 ], [ -56.9967, -5.7586 ], [ -56.9725, -5.7418 ], [ -56.9027, -5.7667 ], [ -56.8902, -5.7574 ], [ -56.9662, -5.7375 ], [ -56.9932, -5.754 ], [ -57.0532, -5.7575 ], [ -57.0605, -5.6757 ], [ -57.0747, -5.714 ] ], [ [ -57.1373, -5.5899 ], [ -57.1368, -5.5925 ], [ -57.137, -5.5903 ], [ -57.1373, -5.5899 ] ], [ [ -57.1092, -5.6756 ], [ -57.1089, -5.6756 ], [ -57.1095, -5.6747 ], [ -57.1092, -5.6756 ] ], [ [ -57.0856, -5.5714 ], [ -57.0855, -5.5716 ], [ -57.085, -5.5709 ], [ -57.0856, -5.5714 ] ], [ [ -57.046, -5.5761 ], [ -57.0454, -5.575 ], [ -57.0448, -5.5729 ], [ -57.0462, -5.5756 ], [ -57.046, -5.5761 ] ], [ [ -57.051, -5.5665 ], [ -57.051, -5.5663 ], [ -57.0513, -5.5667 ], [ -57.051, -5.5665 ] ], [ [ -57.0501, -5.5652 ], [ -57.0507, -5.5646 ], [ -57.0509, -5.5646 ], [ -57.0501, -5.5652 ] ], [ [ -57.0225, -5.5468 ], [ -57.0228, -5.5466 ], [ -57.023, -5.5472 ], [ -57.0225, -5.5468 ] ], [ [ -57.0256, -5.5648 ], [ -57.0255, -5.5649 ], [ -57.0255, -5.5646 ], [ -57.0256, -5.5648 ] ], [ [ -57.0255, -5.5652 ], [ -57.0254, -5.5652 ], [ -57.0255, -5.5649 ], [ -57.0255, -5.5652 ] ], [ [ -57.0251, -5.5664 ], [ -57.0251, -5.5673 ], [ -57.0248, -5.5666 ], [ -57.0251, -5.5664 ] ], [ [ -57.0231, -5.4507 ], [ -57.0231, -5.4506 ], [ -57.0233, -5.4506 ], [ -57.0231, -5.4507 ] ], [ [ -57.0014, -5.4469 ], [ -57.0012, -5.447 ], [ -57.0011, -5.4466 ], [ -57.0014, -5.4469 ] ], [ [ -56.9711, -5.4311 ], [ -56.9709, -5.4312 ], [ -56.9712, -5.4303 ], [ -56.9711, -5.4311 ] ], [ [ -56.9526, -5.4111 ], [ -56.9521, -5.4115 ], [ -56.952, -5.4113 ], [ -56.9526, -5.4111 ] ], [ [ -56.9467, -5.3915 ], [ -56.9466, -5.3909 ], [ -56.9487, -5.3923 ], [ -56.9467, -5.3915 ] ], [ [ -56.9674, -5.3364 ], [ -56.9677, -5.3364 ], [ -56.9676, -5.3369 ], [ -56.9674, -5.3364 ] ], [ [ -56.9418, -5.3769 ], [ -56.9418, -5.3771 ], [ -56.9415, -5.3772 ], [ -56.9418, -5.3769 ] ], [ [ -56.9198, -5.467 ], [ -56.9201, -5.4674 ], [ -56.9197, -5.4674 ], [ -56.9198, -5.467 ] ], [ [ -56.9095, -5.454 ], [ -56.9093, -5.4541 ], [ -56.9103, -5.4527 ], [ -56.9095, -5.454 ] ], [ [ -56.9092, -5.4505 ], [ -56.9097, -5.4492 ], [ -56.91, -5.4494 ], [ -56.9092, -5.4505 ] ], [ [ -56.8168, -5.5275 ], [ -56.8172, -5.5271 ], [ -56.8169, -5.528 ], [ -56.8168, -5.5275 ] ], [ [ -56.8177, -5.5265 ], [ -56.8179, -5.5262 ], [ -56.818, -5.5264 ], [ -56.8177, -5.5265 ] ], [ [ -57.2735, -5.7694 ], [ -57.273, -5.7689 ], [ -57.2735, -5.7678 ], [ -57.2735, -5.7694 ] ], [ [ -57.0429, -5.5713 ], [ -57.043, -5.5705 ], [ -57.0444, -5.572 ], [ -57.0429, -5.5713 ] ], [ [ -57.0227, -5.4513 ], [ -57.0218, -5.4512 ], [ -57.023, -5.4507 ], [ -57.0227, -5.4513 ] ], [ [ -57.0433, -5.5373 ], [ -57.0433, -5.5368 ], [ -57.0442, -5.5371 ], [ -57.0433, -5.5373 ] ] ], [ [ [ -56.9691, -5.9373 ], [ -56.9622, -5.9402 ], [ -56.9565, -5.9498 ], [ -56.9691, -5.9373 ] ] ], [ [ [ -57.1355, -5.9074 ], [ -57.1311, -5.9074 ], [ -57.1338, -5.9085 ], [ -57.1355, -5.9074 ] ] ], [ [ [ -57.1117, -5.8849 ], [ -57.1002, -5.8806 ], [ -57.0971, -5.8805 ], [ -57.0875, -5.8966 ], [ -57.0648, -5.909 ], [ -57.0457, -5.9015 ], [ -57.0373, -5.9005 ], [ -57.027, -5.9004 ], [ -57.0216, -5.9062 ], [ -57.0218, -5.916 ], [ -57.0046, -5.9198 ], [ -56.9898, -5.9353 ], [ -57.0238, -5.9176 ], [ -57.028, -5.9007 ], [ -57.0647, -5.9098 ], [ -57.1117, -5.8849 ] ] ], [ [ [ -57.1236, -5.8953 ], [ -57.1242, -5.8967 ], [ -57.1258, -5.899 ], [ -57.1261, -5.8992 ], [ -57.1236, -5.8953 ] ] ], [ [ [ -57.1213, -5.8866 ], [ -57.1188, -5.8842 ], [ -57.122, -5.8919 ], [ -57.1213, -5.8866 ] ] ] ] } },
{ "type": "Feature", "properties": { "tipo": "UC", "nome": "RESERVA DE DESENVOLVIMENTO SUSTENTÁVEL UACARÍ" }, "geometry": { "type": "Polygon", "coordinates": [ [ [ -67.8146, -5.3604 ], [ -67.7903, -5.3604 ], [ -67.7917, -5.4066 ], [ -67.8038, -5.4549 ], [ -67.831, -5.4655 ], [ -67.8324, -5.4815 ], [ -67.7479, -5.4929 ], [ -67.7464, -5.5327 ], [ -67.726, -5.5676 ], [ -67.6983, -5.5808 ], [ -67.6884, -5.6134 ], [ -67.6743, -5.5974 ], [ -67.6905, -5.5703 ], [ -67.6834, -5.5509 ], [ -67.6651, -5.5542 ], [ -67.6585, -5.6019 ], [ -67.6272, -5.5979 ], [ -67.612, -5.5624 ], [ -67.5914, -5.5995 ], [ -67.5658, -5.5478 ], [ -67.5906, -5.5349 ], [ -67.5875, -5.5142 ], [ -67.5591, -5.5118 ], [ -67.535, -5.5361 ], [ -67.4634, -5.4969 ], [ -67.469, -5.47 ], [ -67.4437, -5.4933 ], [ -67.432, -5.4388 ], [ -67.459, -5.4188 ], [ -67.434, -5.4289 ], [ -67.4257, -5.4678 ], [ -67.411, -5.4707 ], [ -67.3913, -5.4284 ], [ -67.4091, -5.3897 ], [ -67.397, -5.3765 ], [ -67.3625, -5.4233 ], [ -67.3448, -5.3925 ], [ -67.2982, -5.4246 ], [ -67.2635, -5.3723 ], [ -67.2356, -5.3863 ], [ -67.2114, -5.3697 ], [ -67.1815, -5.3966 ], [ -67.1534, -5.3863 ], [ -66.9576, -5.4199 ], [ -66.9907, -5.4991 ], [ -67.0213, -5.499 ], [ -67.1105, -5.5735 ], [ -67.1206, -5.6252 ], [ -67.1655, -5.6231 ], [ -67.1969, -5.6471 ], [ -67.2052, -5.686 ], [ -67.1794, -5.7162 ], [ -67.2229, -5.7501 ], [ -67.2928, -5.8515 ], [ -67.3155, -5.7997 ], [ -67.3738, -5.8139 ], [ -67.3882, -5.8329 ], [ -67.3574, -5.8775 ], [ -67.3655, -5.9006 ], [ -67.4324, -5.9223 ], [ -67.4474, -5.8905 ], [ -67.5, -5.892 ], [ -67.5444, -5.9122 ], [ -67.5741, -5.9926 ], [ -67.6506, -5.9373 ], [ -67.6987, -5.945 ], [ -67.7023, -5.9973 ], [ -67.6705, -6.0339 ], [ -67.6697, -6.0488 ], [ -68.3047, -6.0506 ], [ -68.2974, -6.0074 ], [ -68.3122, -5.9581 ], [ -68.2955, -5.9225 ], [ -68.2653, -5.9069 ], [ -68.232, -5.9293 ], [ -68.2096, -5.9158 ], [ -68.2102, -5.8619 ], [ -68.2306, -5.8209 ], [ -68.2208, -5.7977 ], [ -68.2488, -5.7569 ], [ -68.2265, -5.7066 ], [ -68.1967, -5.7383 ], [ -68.0114, -5.7018 ], [ -68.0013, -5.6815 ], [ -68.0425, -5.6084 ], [ -68.023, -5.5813 ], [ -68.0087, -5.5061 ], [ -67.9382, -5.4323 ], [ -67.8455, -5.3912 ], [ -67.8146, -5.3604 ] ], [ [ -67.7957, -5.9385 ], [ -67.7967, -5.9385 ], [ -67.7955, -5.9387 ], [ -67.7957, -5.9385 ] ] ] } },
{ "type": "Feature", "properties": { "tipo": "UC", "nome": "ÁREA DE PROTEÇÃO AMBIENTAL DE SÃO GERALDO DO ARAGUAIA" }, "geometry": { "type": "MultiPolygon", "coordinates": [ [ [ [ -48.4067, -6.3142 ], [ -48.3813, -6.3379 ], [ -48.3848, -6.3703 ], [ -48.3911, -6.3667 ], [ -48.4067, -6.3142 ] ] ], [ [ [ -48.3958, -6.3684 ], [ -48.4371, -6.343 ], [ -48.5208, -6.3528 ], [ -48.5572, -6.2987 ], [ -48.6009, -6.2774 ], [ -48.5835, -6.098 ], [ -48.5693, -6.1027 ], [ -48.52, -6.0612 ], [ -48.4996, -6.0637 ], [ -48.4602, -6.1214 ], [ -48.4376, -6.1149 ], [ -48.3932, -6.135 ], [ -48.4393, -6.1786 ], [ -48.4165, -6.2801 ], [ -48.4412, -6.2602 ], [ -48.4305, -6.235 ], [ -48.4847, -6.2079 ], [ -48.4592, -6.2053 ], [ -48.4573, -6.1839 ], [ -48.4757, -6.1756 ], [ -48.4587, -6.1537 ], [ -48.4794, -6.1094 ], [ -48.4999, -6.0917 ], [ -48.5161, -6.0979 ], [ -48.5155, -6.0786 ], [ -48.5355, -6.0777 ], [ -48.5817, -6.1344 ], [ -48.5632, -6.1688 ], [ -48.5885, -6.2129 ], [ -48.5839, -6.2646 ], [ -48.5589, -6.2925 ], [ -48.5257, -6.2906 ], [ -48.4854, -6.316 ], [ -48.4729, -6.2964 ], [ -48.4952, -6.277 ], [ -48.5134, -6.2616 ], [ -48.5284, -6.2735 ], [ -48.5459, -6.2638 ], [ -48.4996, -6.2531 ], [ -48.5116, -6.2208 ], [ -48.5252, -6.2369 ], [ -48.5429, -6.177 ], [ -48.5389, -6.162 ], [ -48.5139, -6.1613 ], [ -48.4997, -6.202 ], [ -48.4727, -6.2226 ], [ -48.4742, -6.2544 ], [ -48.4424, -6.2893 ], [ -48.4507, -6.3057 ], [ -48.3958, -6.3684 ] ] ] ] } },
{ "type": "Feature", "properties": { "tipo": "UC", "nome": "RESERVA EXTRATIVISTA MUNICIPAL BEIJA FLOR BRILHO DE FOGO" }, "geometry": { "type": "MultiPolygon", "coordinates": [ [ [ [ -52.4139, 0.7867 ], [ -52.414, 0.7868 ], [ -52.4139, 0.7868 ], [ -52.4139, 0.7867 ] ] ], [ [ [ -52.3898, 0.7918 ], [ -52.3899, 0.7917 ], [ -52.3899, 0.7918 ], [ -52.3898, 0.7918 ] ] ], [ [ [ -52.4141, 0.7869 ], [ -52.4293, 0.7734 ], [ -52.4656, 0.7873 ], [ -52.4656, 0.8174 ], [ -52.4985, 0.8468 ], [ -52.4974, 0.8819 ], [ -52.4565, 0.9304 ], [ -52.406, 0.9531 ], [ -52.1187, 0.8552 ], [ -52.1284, 0.7788 ], [ -52.2053, 0.7337 ], [ -52.2139, 0.71 ], [ -52.2686, 0.7177 ], [ -52.3561, 0.7865 ], [ -52.4141, 0.7869 ] ] ] ] } },
{ "type": "Feature", "properties": { "tipo": "UC", "nome": "PARQUE NATURAL MUNCIPAL PAULO VIRIATO CORREA DA COSTA" }, "geometry": { "type": "Polygon", "coordinates": [ [ [ -54.8683, -11.5088 ], [ -54.8699, -11.5053 ], [ -54.8656, -11.5082 ], [ -54.8683, -11.5088 ] ] ] } },
{ "type": "Feature", "properties": { "tipo": "UC", "nome": "PARQUE ESTADUAL DO ARAGUAIAA" }, "geometry": { "type": "Polygon", "coordinates": [ [ [ -50.7105, -11.7612 ], [ -50.6848, -11.8607 ], [ -50.6382, -11.8855 ], [ -50.6658, -11.9243 ], [ -50.6549, -11.9619 ], [ -50.6822, -11.9925 ], [ -50.6858, -12.0461 ], [ -50.6659, -12.0746 ], [ -50.6708, -12.1565 ], [ -50.6892, -12.1944 ], [ -50.6792, -12.217 ], [ -50.643, -12.2247 ], [ -50.6507, -12.249 ], [ -50.6283, -12.2777 ], [ -50.6491, -12.2989 ], [ -50.6453, -12.3487 ], [ -50.619, -12.434 ], [ -50.6245, -12.4549 ], [ -50.6527, -12.4594 ], [ -50.6466, -12.4842 ], [ -50.6836, -12.566 ], [ -50.6677, -12.5951 ], [ -50.7046, -12.6011 ], [ -50.6954, -12.649 ], [ -50.8354, -12.6524 ], [ -50.828, -12.5909 ], [ -50.9601, -12.5635 ], [ -50.9533, -12.5204 ], [ -50.9727, -12.5196 ], [ -50.9558, -12.5022 ], [ -50.9942, -12.488 ], [ -50.9769, -12.4127 ], [ -50.9927, -12.4028 ], [ -50.9922, -12.3697 ], [ -50.9472, -12.3727 ], [ -50.9678, -12.2992 ], [ -50.9221, -12.2627 ], [ -50.9285, -12.2388 ], [ -50.9049, -12.2282 ], [ -50.9049, -12.2055 ], [ -50.8758, -12.2042 ], [ -50.8798, -12.1618 ], [ -50.8195, -12.0943 ], [ -50.8602, -12.068 ], [ -50.8071, -12.0334 ], [ -50.8407, -12.0174 ], [ -50.8376, -11.9735 ], [ -50.8102, -11.9321 ], [ -50.8253, -11.9137 ], [ -50.7884, -11.8601 ], [ -50.8057, -11.8262 ], [ -50.7628, -11.8242 ], [ -50.7413, -11.7749 ], [ -50.72, -11.7764 ], [ -50.7105, -11.7612 ] ] ] } },
{ "type": "Feature", "properties": { "tipo": "UC", "nome": "RESERVA EXTRATIVISTA PIQUIÁ" }, "geometry": { "type": "Polygon", "coordinates": [ [ [ -62.1384, -9.5992 ], [ -62.1312, -9.6252 ], [ -62.1485, -9.6326 ], [ -62.1359, -9.647 ], [ -62.1643, -9.6577 ], [ -62.179, -9.6389 ], [ -62.1384, -9.5992 ] ] ] } },
{ "type": "Feature", "properties": { "tipo": "UC", "nome": "RESERVA DE DESENVOLVIMENTO SUSTENTÁVEL MAMIRAUÁ" }, "geometry": { "type": "Polygon", "coordinates": [ [ [ -65.7011, -1.8339 ], [ -65.4924, -1.9545 ], [ -65.4404, -1.8931 ], [ -65.385, -1.8698 ], [ -65.2936, -1.8796 ], [ -65.2803, -1.8938 ], [ -65.2986, -1.9893 ], [ -65.2218, -2.0546 ], [ -65.1999, -2.1144 ], [ -65.2464, -2.196 ], [ -65.2417, -2.2196 ], [ -65.2056, -2.2239 ], [ -65.1909, -2.2417 ], [ -65.1927, -2.3155 ], [ -65.1521, -2.3329 ], [ -65.1236, -2.4276 ], [ -65.0189, -2.5589 ], [ -64.9978, -2.6247 ], [ -65.0023, -2.7164 ], [ -64.9051, -2.7191 ], [ -64.8767, -2.7538 ], [ -64.8827, -2.8131 ], [ -64.923, -2.889 ], [ -64.9024, -2.9208 ], [ -64.865, -2.9198 ], [ -64.8218, -2.941 ], [ -64.8197, -2.9675 ], [ -64.8281, -2.9387 ], [ -64.8395, -2.9466 ], [ -64.8149, -3.0099 ], [ -64.7584, -3.0875 ], [ -64.7935, -3.1427 ], [ -64.8404, -3.1092 ], [ -64.9136, -3.0947 ], [ -65.0565, -3.0124 ], [ -65.0696, -2.9573 ], [ -65.1616, -2.8934 ], [ -65.1577, -2.8094 ], [ -65.1829, -2.7573 ], [ -65.2342, -2.7467 ], [ -65.323, -2.7784 ], [ -65.3583, -2.7519 ], [ -65.3806, -2.7072 ], [ -65.3609, -2.6547 ], [ -65.3025, -2.6375 ], [ -65.2535, -2.5844 ], [ -65.2627, -2.5455 ], [ -65.3199, -2.4749 ], [ -65.3873, -2.4454 ], [ -65.4426, -2.511 ], [ -65.4926, -2.5421 ], [ -65.5227, -2.6009 ], [ -65.5755, -2.6477 ], [ -65.6588, -2.6626 ], [ -65.7082, -2.6183 ], [ -65.7182, -2.5232 ], [ -65.7781, -2.4774 ], [ -65.8196, -2.4933 ], [ -65.8754, -2.4893 ], [ -65.9651, -2.455 ], [ -66.0134, -2.4587 ], [ -66.0699, -2.487 ], [ -66.0851, -2.4811 ], [ -66.0934, -2.43 ], [ -66.1175, -2.4 ], [ -66.1821, -2.3877 ], [ -66.2565, -2.5372 ], [ -66.3374, -2.5621 ], [ -66.3695, -2.5526 ], [ -66.395, -2.5155 ], [ -66.3964, -2.42 ], [ -66.4209, -2.3683 ], [ -66.5396, -2.3971 ], [ -66.6187, -2.3738 ], [ -66.6486, -2.4081 ], [ -66.6525, -2.4373 ], [ -66.6031, -2.5905 ], [ -66.6198, -2.6493 ], [ -66.75, -2.7183 ], [ -66.8563, -2.6588 ], [ -66.8894, -2.6627 ], [ -66.9208, -2.6928 ], [ -66.946, -2.7611 ], [ -66.9722, -2.7698 ], [ -67.0337, -2.7385 ], [ -67.0452, -2.6324 ], [ -67.0697, -2.6055 ], [ -67.1173, -2.6104 ], [ -67.1826, -2.6671 ], [ -67.2297, -2.6326 ], [ -67.2512, -2.5394 ], [ -67.3063, -2.5344 ], [ -67.3692, -2.5509 ], [ -67.3787, -2.5345 ], [ -67.3298, -2.4673 ], [ -67.295, -2.4618 ], [ -67.2419, -2.4846 ], [ -67.1922, -2.4126 ], [ -67.1738, -2.4263 ], [ -67.1702, -2.4032 ], [ -67.1162, -2.36 ], [ -67.1072, -2.3324 ], [ -67.1241, -2.3048 ], [ -67.0995, -2.2974 ], [ -67.1065, -2.2807 ], [ -67.0566, -2.2925 ], [ -67.0279, -2.3344 ], [ -66.9907, -2.3519 ], [ -66.9898, -2.4477 ], [ -66.9586, -2.4859 ], [ -66.926, -2.4962 ], [ -66.9041, -2.4723 ], [ -66.8524, -2.4762 ], [ -66.8839, -2.4382 ], [ -66.8922, -2.3799 ], [ -66.8866, -2.3495 ], [ -66.8363, -2.3208 ], [ -66.8156, -2.3214 ], [ -66.783, -2.3538 ], [ -66.741, -2.3093 ], [ -66.7253, -2.3101 ], [ -66.7478, -2.3722 ], [ -66.7323, -2.3817 ], [ -66.7064, -2.3664 ], [ -66.6693, -2.3889 ], [ -66.6582, -2.367 ], [ -66.648, -2.3768 ], [ -66.6366, -2.3443 ], [ -66.6471, -2.3039 ], [ -66.6181, -2.2311 ], [ -66.5564, -2.1605 ], [ -66.5352, -2.149 ], [ -66.4947, -2.1614 ], [ -66.4935, -2.1247 ], [ -66.4714, -2.1248 ], [ -66.4616, -2.1047 ], [ -66.3666, -2.1062 ], [ -66.3052, -2.0598 ], [ -66.2998, -2.0348 ], [ -66.2531, -2.036 ], [ -66.181, -1.9905 ], [ -66.1257, -1.9988 ], [ -66.1234, -1.9836 ], [ -66.0436, -2.0145 ], [ -66.0005, -1.9964 ], [ -65.9841, -2.0188 ], [ -65.9931, -2.0382 ], [ -65.9777, -2.0352 ], [ -65.9589, -2.0609 ], [ -65.9342, -2.0152 ], [ -65.8963, -2.0297 ], [ -65.8745, -2.0067 ], [ -65.8611, -2.0528 ], [ -65.8795, -2.0396 ], [ -65.9051, -2.047 ], [ -65.9157, -2.0742 ], [ -65.8865, -2.0798 ], [ -65.8613, -2.0655 ], [ -65.8225, -2.0947 ], [ -65.8078, -2.0617 ], [ -65.8299, -2.0558 ], [ -65.8099, -2.0457 ], [ -65.8369, -2.0292 ], [ -65.8408, -2.0077 ], [ -65.8279, -1.973 ], [ -65.7942, -1.9456 ], [ -65.8333, -1.9124 ], [ -65.7903, -1.8924 ], [ -65.7588, -1.9426 ], [ -65.7182, -1.9518 ], [ -65.7085, -1.9387 ], [ -65.7345, -1.8786 ], [ -65.7011, -1.8339 ] ] ] } },
{ "type": "Feature", "properties": { "tipo": "UC", "nome": "RESERVA PARTICULAR DO PATRIMôNIO NATURAL FAZENDA LOANDA" }, "geometry": { "type": "Polygon", "coordinates": [ [ [ -57.3175, -13.3567 ], [ -57.33, -13.3455 ], [ -57.3524, -13.3417 ], [ -57.3234, -13.3326 ], [ -57.3175, -13.3567 ] ] ] } },
{ "type": "Feature", "properties": { "tipo": "UC", "nome": "ESTAÇÃO ECOLÓGICA SAMUEL" }, "geometry": { "type": "Polygon", "coordinates": [ [ [ -62.9546, -8.892 ], [ -62.828, -8.892 ], [ -62.8292, -8.9123 ], [ -62.8396, -8.9044 ], [ -62.8769, -8.9298 ], [ -62.8686, -8.9588 ], [ -62.8917, -8.966 ], [ -62.9086, -8.9995 ], [ -63.1775, -9.0 ], [ -63.2136, -8.9614 ], [ -63.1994, -9.0275 ], [ -63.2718, -9.0403 ], [ -63.2837, -9.0268 ], [ -63.2736, -8.9655 ], [ -63.2999, -8.9396 ], [ -63.2268, -8.8583 ], [ -62.9546, -8.8556 ], [ -62.9546, -8.892 ] ] ] } },
{ "type": "Feature", "properties": { "tipo": "UC", "nome": "FLORESTA NACIONAL DO JAMANXIM" }, "geometry": { "type": "Polygon", "coordinates": [ [ [ -55.6863, -6.3546 ], [ -55.63, -6.3924 ], [ -55.6471, -6.4058 ], [ -55.6623, -6.4651 ], [ -55.6638, -6.5708 ], [ -55.6365, -6.5903 ], [ -55.6411, -6.6307 ], [ -55.5989, -6.645 ], [ -55.5569, -6.7246 ], [ -55.5696, -6.7575 ], [ -55.544, -6.7719 ], [ -55.5503, -6.7969 ], [ -55.527, -6.8253 ], [ -55.5306, -6.8786 ], [ -55.5452, -6.8677 ], [ -55.5532, -6.8849 ], [ -55.5234, -6.927 ], [ -55.543, -6.9379 ], [ -55.5857, -6.9189 ], [ -55.6265, -6.9524 ], [ -55.5675, -7.0201 ], [ -55.6006, -7.1015 ], [ -55.6314, -7.1053 ], [ -55.6441, -7.0827 ], [ -55.677, -7.112 ], [ -55.8079, -7.1369 ], [ -55.8336, -7.16 ], [ -55.5955, -7.1201 ], [ -55.5579, -7.3728 ], [ -55.5333, -7.3939 ], [ -55.5279, -7.474 ], [ -55.5737, -7.5536 ], [ -55.5006, -7.6114 ], [ -55.4584, -7.6171 ], [ -55.455, -7.7 ], [ -55.5169, -7.8566 ], [ -55.5148, -7.9432 ], [ -55.4341, -8.0286 ], [ -55.354, -8.1716 ], [ -55.3518, -8.2046 ], [ -55.3671, -8.223 ], [ -55.3364, -8.2795 ], [ -55.3202, -8.4343 ], [ -55.2945, -8.4891 ], [ -55.256, -8.5068 ], [ -55.2357, -8.5446 ], [ -55.28, -8.6017 ], [ -55.3298, -8.6144 ], [ -55.8354, -8.2746 ], [ -55.8374, -8.2201 ], [ -55.8215, -8.1986 ], [ -55.8321, -8.1555 ], [ -55.7986, -8.1425 ], [ -55.811, -8.1125 ], [ -55.776, -8.0442 ], [ -55.7383, -8.0076 ], [ -55.7432, -7.9667 ], [ -55.7198, -7.9251 ], [ -55.7703, -7.9259 ], [ -55.7872, -7.901 ], [ -55.8206, -7.9115 ], [ -55.9446, -7.897 ], [ -55.9653, -7.8572 ], [ -55.9458, -7.8354 ], [ -55.9797, -7.8148 ], [ -55.9901, -7.7131 ], [ -56.029, -7.7483 ], [ -56.05, -7.7396 ], [ -56.0769, -7.7811 ], [ -56.1058, -7.7438 ], [ -56.1204, -7.7449 ], [ -56.173, -7.6546 ], [ -56.1688, -7.4901 ], [ -56.1924, -7.4331 ], [ -56.2291, -7.4207 ], [ -56.2491, -7.3585 ], [ -56.2405, -7.3317 ], [ -56.2549, -7.3236 ], [ -56.2164, -7.3021 ], [ -56.2062, -7.2693 ], [ -56.2346, -7.2538 ], [ -56.2122, -7.2039 ], [ -56.2341, -7.1802 ], [ -56.1945, -7.1441 ], [ -56.2189, -7.1303 ], [ -56.2111, -7.1161 ], [ -56.2259, -7.1058 ], [ -56.211, -7.1027 ], [ -56.2108, -7.0806 ], [ -56.2345, -7.0443 ], [ -56.206, -6.9964 ], [ -56.2164, -6.945 ], [ -56.1658, -6.9281 ], [ -56.1703, -6.8994 ], [ -56.1375, -6.8613 ], [ -56.1548, -6.7995 ], [ -56.1291, -6.7694 ], [ -56.1455, -6.7175 ], [ -56.1096, -6.7163 ], [ -56.1034, -6.6753 ], [ -56.089, -6.6887 ], [ -56.0705, -6.6688 ], [ -56.0742, -6.6215 ], [ -56.0566, -6.5929 ], [ -56.0032, -6.6005 ], [ -55.9957, -6.5682 ], [ -55.9492, -6.5637 ], [ -55.9127, -6.5269 ], [ -55.877, -6.5304 ], [ -55.8524, -6.486 ], [ -55.8271, -6.484 ], [ -55.7679, -6.4281 ], [ -55.7801, -6.3545 ], [ -55.6863, -6.3546 ] ] ] } },
{ "type": "Feature", "properties": { "tipo": "UC", "nome": "RESERVA EXTRATIVISTA VERDE PARA SEMPRE" }, "geometry": { "type": "Polygon", "coordinates": [ [ [ -52.2182, -1.5914 ], [ -52.2166, -1.6357 ], [ -52.2435, -1.6447 ], [ -52.2565, -1.6775 ], [ -52.2801, -1.6703 ], [ -52.3036, -1.6276 ], [ -52.3302, -1.6808 ], [ -52.2502, -1.8073 ], [ -52.306, -1.9066 ], [ -52.305, -1.9673 ], [ -52.2567, -2.0279 ], [ -52.2649, -2.131 ], [ -52.2415, -2.1962 ], [ -52.1682, -2.3114 ], [ -52.1694, -2.3308 ], [ -52.1243, -2.382 ], [ -52.1088, -2.4328 ], [ -52.1102, -2.4638 ], [ -52.2369, -2.6001 ], [ -52.2156, -2.6427 ], [ -52.2265, -2.6847 ], [ -52.2692, -2.6919 ], [ -52.3167, -2.7284 ], [ -52.3342, -2.7241 ], [ -52.3384, -2.7401 ], [ -52.5348, -2.7394 ], [ -52.6383, -2.7167 ], [ -52.8227, -2.7628 ], [ -52.9924, -2.6781 ], [ -52.9811, -2.6601 ], [ -53.3843, -2.5079 ], [ -53.3318, -2.4543 ], [ -53.2927, -2.4469 ], [ -53.2722, -2.4025 ], [ -53.2212, -2.3632 ], [ -53.2325, -2.2428 ], [ -53.2487, -2.1669 ], [ -53.278, -2.1164 ], [ -53.2736, -2.0811 ], [ -53.3121, -2.0745 ], [ -53.3628, -2.0261 ], [ -53.302, -2.0034 ], [ -53.2868, -1.9816 ], [ -53.2591, -1.975 ], [ -53.21, -2.0005 ], [ -53.1491, -1.9662 ], [ -53.1102, -1.9169 ], [ -53.054, -1.8863 ], [ -53.0295, -1.8293 ], [ -53.0321, -1.7888 ], [ -52.9651, -1.7458 ], [ -52.9121, -1.6606 ], [ -52.6781, -1.5975 ], [ -52.3893, -1.577 ], [ -52.2591, -1.5215 ], [ -52.2182, -1.5914 ] ] ] } },
{ "type": "Feature", "properties": { "tipo": "UC", "nome": "PARQUE ESTADUAL SERRA DOS REIS" }, "geometry": { "type": "Polygon", "coordinates": [ [ [ -63.9046, -12.2814 ], [ -63.7945, -12.2807 ], [ -63.7874, -12.3586 ], [ -63.7567, -12.383 ], [ -63.961, -12.3463 ], [ -63.9584, -12.2927 ], [ -64.0876, -12.2923 ], [ -64.0602, -12.2241 ], [ -63.9684, -12.1842 ], [ -63.9684, -12.2087 ], [ -63.9392, -12.1707 ], [ -63.844, -12.1604 ], [ -63.8601, -12.1902 ], [ -63.9051, -12.1816 ], [ -63.9046, -12.2814 ] ] ] } },
{ "type": "Feature", "properties": { "tipo": "UC", "nome": "PARQUE NACIONAL DA SERRA DA CUTIA" }, "geometry": { "type": "Polygon", "coordinates": [ [ [ -64.8808, -11.7136 ], [ -64.8709, -11.698 ], [ -64.8165, -11.689 ], [ -64.776, -11.6207 ], [ -64.6815, -11.6302 ], [ -64.6303, -11.6616 ], [ -64.5859, -11.6581 ], [ -64.5695, -11.6708 ], [ -64.5139, -11.6359 ], [ -64.4356, -11.6311 ], [ -64.3732, -11.6464 ], [ -64.3364, -11.5894 ], [ -64.4852, -11.4663 ], [ -64.4723, -11.4356 ], [ -64.3708, -11.449 ], [ -64.3104, -11.4092 ], [ -64.2344, -11.4212 ], [ -64.1405, -11.3843 ], [ -64.1308, -11.3941 ], [ -64.1055, -11.3827 ], [ -64.0656, -11.4091 ], [ -63.9775, -11.3881 ], [ -64.0247, -11.505 ], [ -63.9797, -11.5681 ], [ -63.9882, -11.6037 ], [ -64.0761, -11.6497 ], [ -64.1162, -11.7128 ], [ -64.1399, -11.6919 ], [ -64.1694, -11.7043 ], [ -64.2895, -11.8224 ], [ -64.2929, -11.8501 ], [ -64.3451, -11.9027 ], [ -64.4599, -11.9101 ], [ -64.4678, -11.8742 ], [ -64.5141, -11.8324 ], [ -64.5572, -11.8301 ], [ -64.6022, -11.8446 ], [ -64.5934, -11.8791 ], [ -64.6358, -11.9316 ], [ -64.6975, -11.8527 ], [ -64.7527, -11.8401 ], [ -64.8404, -11.7712 ], [ -64.8808, -11.7136 ] ] ] } },
{ "type": "Feature", "properties": { "tipo": "UC", "nome": "FLORESTA NACIONAL DE CARAJÁS" }, "geometry": { "type": "Polygon", "coordinates": [ [ [ -50.4797, -5.8765 ], [ -50.4723, -5.9008 ], [ -50.3656, -5.9635 ], [ -50.3245, -5.9632 ], [ -50.3095, -5.9989 ], [ -50.1017, -6.0 ], [ -50.0708, -5.982 ], [ -49.9599, -6.0005 ], [ -49.9038, -6.0308 ], [ -49.9194, -6.0609 ], [ -49.9027, -6.1031 ], [ -49.9184, -6.1179 ], [ -49.889, -6.1626 ], [ -49.9073, -6.1594 ], [ -49.9247, -6.178 ], [ -49.9215, -6.1636 ], [ -49.9399, -6.1613 ], [ -49.9706, -6.1836 ], [ -49.9572, -6.2401 ], [ -49.9756, -6.24 ], [ -49.9775, -6.2715 ], [ -50.0095, -6.2758 ], [ -50.0015, -6.3021 ], [ -50.0281, -6.313 ], [ -50.0337, -6.4024 ], [ -50.0996, -6.3945 ], [ -50.1233, -6.4246 ], [ -50.1547, -6.4302 ], [ -50.2606, -6.4232 ], [ -50.2634, -6.4625 ], [ -50.304, -6.4626 ], [ -50.3041, -6.4409 ], [ -50.361, -6.4409 ], [ -50.361, -6.4989 ], [ -50.4232, -6.5358 ], [ -50.4966, -6.4985 ], [ -50.4763, -6.4882 ], [ -50.4936, -6.4825 ], [ -50.4781, -6.4476 ], [ -50.5064, -6.4273 ], [ -50.4958, -6.4031 ], [ -50.5095, -6.3824 ], [ -50.4908, -6.3412 ], [ -50.5153, -6.3458 ], [ -50.545, -6.3101 ], [ -50.5421, -6.2655 ], [ -50.6144, -6.2206 ], [ -50.6432, -6.1503 ], [ -50.671, -6.1553 ], [ -50.6918, -6.1461 ], [ -50.6924, -6.1282 ], [ -50.7055, -6.1399 ], [ -50.7195, -6.1255 ], [ -50.7179, -6.0608 ], [ -50.7384, -6.0465 ], [ -50.7234, -6.0371 ], [ -50.7409, -5.9983 ], [ -50.7221, -6.0015 ], [ -50.7138, -5.9078 ], [ -50.6906, -5.9667 ], [ -50.6447, -5.9476 ], [ -50.6594, -5.9101 ], [ -50.5821, -5.9197 ], [ -50.5293, -5.8795 ], [ -50.4797, -5.8765 ] ] ] } },
{ "type": "Feature", "properties": { "tipo": "UC", "nome": "ÁREA DE PROTEÇÃO AMBIENTAL IGARAPÉ SÃO FRANCISCO" }, "geometry": { "type": "Polygon", "coordinates": [ [ [ -68.0983, -9.916 ], [ -68.0029, -9.8486 ], [ -67.9813, -9.8494 ], [ -67.9517, -9.9024 ], [ -67.9169, -9.8888 ], [ -67.8914, -9.9058 ], [ -67.8807, -9.9367 ], [ -67.8704, -9.9349 ], [ -67.8658, -9.9433 ], [ -67.8543, -9.9406 ], [ -67.8469, -9.9424 ], [ -67.8404, -9.9497 ], [ -67.835, -9.9429 ], [ -67.8272, -9.9422 ], [ -67.8218, -9.9434 ], [ -67.8047, -9.9521 ], [ -67.8025, -9.9581 ], [ -67.7929, -9.9527 ], [ -67.7854, -9.9551 ], [ -67.7846, -9.9581 ], [ -67.7815, -9.9554 ], [ -67.7773, -9.957 ], [ -67.7848, -9.959 ], [ -67.7925, -9.9536 ], [ -67.8028, -9.9591 ], [ -67.8221, -9.9444 ], [ -67.8404, -9.9507 ], [ -67.8474, -9.9433 ], [ -67.8661, -9.9442 ], [ -67.879, -9.9365 ], [ -67.9095, -9.9619 ], [ -67.9529, -9.9623 ], [ -68.0035, -10.0033 ], [ -68.0457, -10.0098 ], [ -68.065, -9.9841 ], [ -68.092, -9.9773 ], [ -68.1175, -9.9906 ], [ -68.1578, -9.9649 ], [ -68.1566, -9.9027 ], [ -68.0983, -9.916 ] ] ] } },
{ "type": "Feature", "properties": { "tipo": "UC", "nome": "PARQUE ESTADUAL SUCUNDURI" }, "geometry": { "type": "Polygon", "coordinates": [ [ [ -58.8528, -7.724 ], [ -58.8212, -7.7347 ], [ -58.81, -7.7242 ], [ -58.8074, -7.7516 ], [ -58.826, -7.7855 ], [ -58.843, -7.7784 ], [ -58.8812, -7.8086 ], [ -58.8989, -7.8024 ], [ -58.9063, -7.8527 ], [ -58.9348, -7.8486 ], [ -58.9491, -7.8763 ], [ -58.9243, -7.9061 ], [ -58.9586, -7.9486 ], [ -58.9263, -7.9976 ], [ -58.9401, -8.0138 ], [ -58.8663, -8.0358 ], [ -58.8491, -8.0615 ], [ -58.7388, -8.0545 ], [ -58.6649, -7.9887 ], [ -58.6124, -7.9834 ], [ -58.5705, -7.927 ], [ -58.5729, -7.9093 ], [ -58.4676, -7.9212 ], [ -58.3768, -7.8811 ], [ -58.3288, -7.9743 ], [ -58.2852, -8.087 ], [ -58.2864, -8.1303 ], [ -58.3213, -8.1697 ], [ -58.3128, -8.2104 ], [ -58.3281, -8.2873 ], [ -58.3125, -8.3167 ], [ -58.349, -8.3461 ], [ -58.3535, -8.3927 ], [ -58.4158, -8.4875 ], [ -58.4079, -8.5714 ], [ -58.3888, -8.6012 ], [ -58.4387, -8.7037 ], [ -58.4082, -8.7184 ], [ -58.3523, -8.702 ], [ -58.3239, -8.7177 ], [ -58.418, -8.7932 ], [ -58.8566, -8.8026 ], [ -58.8627, -8.7457 ], [ -58.7735, -8.6244 ], [ -59.1552, -8.366 ], [ -59.1368, -8.3207 ], [ -59.1436, -8.2678 ], [ -59.2271, -8.1928 ], [ -59.2484, -8.111 ], [ -59.2325, -8.1013 ], [ -59.2332, -8.0687 ], [ -59.2458, -8.0209 ], [ -59.278, -7.9847 ], [ -59.3077, -7.9746 ], [ -59.3731, -7.9877 ], [ -59.3807, -7.9741 ], [ -59.396, -7.9955 ], [ -59.4011, -7.9802 ], [ -59.4377, -7.9892 ], [ -59.4771, -8.0722 ], [ -59.4898, -8.0592 ], [ -59.5181, -8.0781 ], [ -59.5604, -8.0451 ], [ -59.5714, -8.0535 ], [ -59.5617, -8.0777 ], [ -59.6427, -8.0596 ], [ -58.8345, -7.7019 ], [ -58.8528, -7.724 ] ] ] } },
{ "type": "Feature", "properties": { "tipo": "UC", "nome": "FLORESTA NACIONAL DO TRAIRÃO" }, "geometry": { "type": "Polygon", "coordinates": [ [ [ -55.9513, -5.1003 ], [ -55.9317, -5.0409 ], [ -55.9459, -5.0021 ], [ -55.8957, -4.9845 ], [ -55.8587, -4.9993 ], [ -55.8351, -4.9687 ], [ -55.7876, -4.9559 ], [ -55.7696, -4.9118 ], [ -55.7997, -4.8855 ], [ -55.802, -4.8614 ], [ -55.7297, -4.8006 ], [ -55.6519, -4.7676 ], [ -55.612, -4.7182 ], [ -55.6099, -4.6306 ], [ -55.6338, -4.5982 ], [ -55.6304, -4.5719 ], [ -55.598, -4.5834 ], [ -55.5881, -4.5617 ], [ -55.4731, -4.5514 ], [ -55.4368, -4.5038 ], [ -55.4169, -4.5181 ], [ -55.3729, -4.4906 ], [ -55.3441, -4.5204 ], [ -55.2832, -4.4786 ], [ -55.2332, -4.466 ], [ -55.2217, -4.5074 ], [ -55.1938, -4.511 ], [ -55.1516, -4.559 ], [ -55.137, -4.6137 ], [ -55.1523, -4.6388 ], [ -55.2224, -4.6429 ], [ -55.2571, -4.6579 ], [ -55.2595, -4.6735 ], [ -55.2813, -4.666 ], [ -55.2969, -4.6784 ], [ -55.3384, -4.6303 ], [ -55.3763, -4.6376 ], [ -55.3829, -4.6537 ], [ -55.4272, -4.6157 ], [ -55.436, -4.6331 ], [ -55.4607, -4.6091 ], [ -55.4977, -4.6205 ], [ -55.4655, -4.6938 ], [ -55.4767, -4.7298 ], [ -55.4968, -4.739 ], [ -55.4883, -4.7605 ], [ -55.5291, -4.7971 ], [ -55.4428, -4.8448 ], [ -55.4388, -4.9189 ], [ -55.371, -5.0005 ], [ -55.3556, -5.0438 ], [ -55.5005, -5.0517 ], [ -55.5248, -5.0322 ], [ -55.5544, -5.0591 ], [ -55.6103, -5.0627 ], [ -55.6494, -5.029 ], [ -55.6716, -5.0749 ], [ -55.7869, -5.134 ], [ -55.8056, -5.2762 ], [ -55.8309, -5.2413 ], [ -55.9059, -5.1907 ], [ -55.9513, -5.1003 ] ] ] } },
{ "type": "Feature", "properties": { "tipo": "UC", "nome": "ESTAÇÃO ECOLÓGICA DE MARACÁ JIPIOCA" }, "geometry": { "type": "Polygon", "coordinates": [ [ [ -50.3058, 1.949 ], [ -50.3891, 1.8731 ], [ -50.4281, 1.8661 ], [ -50.4577, 1.887 ], [ -50.4943, 1.9865 ], [ -50.5248, 2.0044 ], [ -50.5127, 2.1023 ], [ -50.5576, 2.1535 ], [ -50.5311, 2.186 ], [ -50.4649, 2.1898 ], [ -50.4361, 2.1727 ], [ -50.4153, 2.1483 ], [ -50.4147, 2.1197 ], [ -50.3996, 2.1218 ], [ -50.3594, 2.0713 ], [ -50.3433, 1.9993 ], [ -50.3248, 1.9938 ], [ -50.3058, 1.949 ] ] ] } },
{ "type": "Feature", "properties": { "tipo": "UC", "nome": "RESERVA PARTICULAR DO PATRIMÔNIO NATURAL FAZENDA BOSCO" }, "geometry": { "type": "Polygon", "coordinates": [ [ [ -61.562, -12.4953 ], [ -61.5619, -12.5179 ], [ -61.5798, -12.5178 ], [ -61.5799, -12.4954 ], [ -61.562, -12.4953 ] ] ] } },
{ "type": "Feature", "properties": { "tipo": "UC", "nome": "ÁREA DE PROTEÇÃO AMBIENTAL DA FAZENDINHA" }, "geometry": { "type": "Polygon", "coordinates": [ [ [ -51.1381, -0.054 ], [ -51.1283, -0.0458 ], [ -51.1182, -0.0544 ], [ -51.1381, -0.054 ] ] ] } },
{ "type": "Feature", "properties": { "tipo": "UC", "nome": "FLORESTA ESTADUAL ARIPUANÃ" }, "geometry": { "type": "Polygon", "coordinates": [ [ [ -60.0884, -8.3738 ], [ -60.0489, -8.372 ], [ -59.9835, -8.4375 ], [ -59.9386, -8.4358 ], [ -59.899, -8.4622 ], [ -59.8727, -8.4608 ], [ -59.8677, -8.4319 ], [ -59.8102, -8.4217 ], [ -59.7767, -8.4529 ], [ -59.7497, -8.4285 ], [ -59.7185, -8.4585 ], [ -59.6854, -8.4565 ], [ -59.665, -8.5009 ], [ -59.6062, -8.5331 ], [ -59.5449, -8.6119 ], [ -59.5376, -8.638 ], [ -59.5552, -8.6886 ], [ -59.5378, -8.7368 ], [ -59.5507, -8.7519 ], [ -59.542, -8.8027 ], [ -60.1929, -8.8007 ], [ -60.2033, -8.7049 ], [ -60.2234, -8.677 ], [ -60.2455, -8.5749 ], [ -60.2663, -8.551 ], [ -60.2606, -8.4796 ], [ -60.3107, -8.4356 ], [ -60.3531, -8.4248 ], [ -60.3474, -8.366 ], [ -60.1408, -8.2801 ], [ -60.0884, -8.3738 ] ] ] } },
{ "type": "Feature", "properties": { "tipo": "UC", "nome": "PARQUE NACIONAL DO JAMANXIM" }, "geometry": { "type": "MultiPolygon", "coordinates": [ [ [ [ -55.6908, -5.9996 ], [ -55.6914, -5.9989 ], [ -55.6904, -6.0 ], [ -55.6908, -5.9996 ] ] ], [ [ [ -55.6932, -5.9974 ], [ -55.7013, -6.0311 ], [ -55.7195, -6.0397 ], [ -55.72, -6.1085 ], [ -55.7526, -6.0935 ], [ -55.7726, -6.1143 ], [ -55.835, -6.0677 ], [ -55.9287, -6.1251 ], [ -55.9989, -6.1457 ], [ -56.0715, -6.1163 ], [ -56.1646, -6.1539 ], [ -56.179, -6.0882 ], [ -56.1704, -6.0547 ], [ -56.1323, -6.0362 ], [ -56.1088, -5.9672 ], [ -56.1602, -5.9477 ], [ -56.1609, -5.9043 ], [ -56.1982, -5.8803 ], [ -56.2303, -5.8144 ], [ -56.2778, -5.7878 ], [ -56.2665, -5.725 ], [ -56.2482, -5.7335 ], [ -56.2313, -5.7216 ], [ -56.2456, -5.7024 ], [ -56.4033, -5.6727 ], [ -56.404, -5.6458 ], [ -56.4345, -5.6237 ], [ -56.4354, -5.565 ], [ -56.1772, -5.5621 ], [ -56.1704, -5.5129 ], [ -56.1498, -5.5006 ], [ -56.1579, -5.476 ], [ -56.1049, -5.4288 ], [ -56.1138, -5.3748 ], [ -56.0977, -5.3872 ], [ -56.018, -5.3773 ], [ -56.0029, -5.352 ], [ -55.9832, -5.3579 ], [ -55.975, -5.3451 ], [ -55.9624, -5.3644 ], [ -55.9315, -5.3687 ], [ -55.9006, -5.4095 ], [ -55.8947, -5.4101 ], [ -55.8895, -5.4031 ], [ -55.8755, -5.3985 ], [ -55.8645, -5.4014 ], [ -55.8563, -5.323 ], [ -55.8117, -5.3122 ], [ -55.8145, -5.2953 ], [ -55.7962, -5.2874 ], [ -55.8083, -5.2758 ], [ -55.7868, -5.1342 ], [ -55.6711, -5.0746 ], [ -55.6489, -5.0286 ], [ -55.6098, -5.0623 ], [ -55.5539, -5.0587 ], [ -55.5244, -5.0318 ], [ -55.5, -5.0513 ], [ -55.3518, -5.043 ], [ -55.3858, -5.0731 ], [ -55.3863, -5.1153 ], [ -55.4023, -5.1089 ], [ -55.4414, -5.1562 ], [ -55.4544, -5.1489 ], [ -55.4497, -5.1776 ], [ -55.5, -5.1807 ], [ -55.5412, -5.2022 ], [ -55.593, -5.1958 ], [ -55.5735, -5.2318 ], [ -55.6133, -5.2315 ], [ -55.6234, -5.252 ], [ -55.5991, -5.2951 ], [ -55.5479, -5.2846 ], [ -55.503, -5.2973 ], [ -55.4787, -5.346 ], [ -55.489, -5.371 ], [ -55.442, -5.4024 ], [ -55.5217, -5.4041 ], [ -55.5689, -5.4776 ], [ -55.4851, -5.5078 ], [ -55.4312, -5.5658 ], [ -55.4094, -5.554 ], [ -55.385, -5.5736 ], [ -55.3337, -5.734 ], [ -55.2764, -5.7652 ], [ -55.2584, -5.7977 ], [ -55.343, -5.9118 ], [ -55.449, -6.1854 ], [ -55.4557, -6.1545 ], [ -55.5377, -6.1839 ], [ -55.56, -6.1722 ], [ -55.5733, -6.0854 ], [ -55.6315, -6.0823 ], [ -55.6836, -6.0408 ], [ -55.6899, -5.9794 ], [ -55.7121, -5.9301 ], [ -55.7084, -5.9143 ], [ -55.7084, -5.8893 ], [ -55.7131, -5.8515 ], [ -55.7405, -5.7753 ], [ -55.7351, -5.7535 ], [ -55.7469, -5.7187 ], [ -55.7418, -5.7753 ], [ -55.7107, -5.8743 ], [ -55.713, -5.931 ], [ -55.6932, -5.9974 ] ], [ [ -55.8761, -5.4506 ], [ -55.8873, -5.4068 ], [ -55.8827, -5.4366 ], [ -55.8777, -5.4503 ], [ -55.8616, -5.4706 ], [ -55.8465, -5.4782 ], [ -55.8324, -5.4999 ], [ -55.8357, -5.5148 ], [ -55.833, -5.5318 ], [ -55.8445, -5.5298 ], [ -55.8292, -5.5494 ], [ -55.833, -5.6129 ], [ -55.7504, -5.7194 ], [ -55.7371, -5.7162 ], [ -55.7877, -5.622 ], [ -55.7802, -5.5841 ], [ -55.7966, -5.5876 ], [ -55.7985, -5.5592 ], [ -55.8158, -5.5601 ], [ -55.83, -5.4999 ], [ -55.8444, -5.476 ], [ -55.8761, -5.4506 ] ] ] ] } },
{ "type": "Feature", "properties": { "tipo": "UC", "nome": "ESTAçãO ECOLóGICA DO RIO ROOSEVELT" }, "geometry": { "type": "Polygon", "coordinates": [ [ [ -60.8468, -8.8029 ], [ -60.8132, -8.8702 ], [ -60.8088, -8.9152 ], [ -60.7549, -8.9645 ], [ -60.7599, -9.0146 ], [ -60.7501, -9.0226 ], [ -60.7244, -8.9975 ], [ -60.7086, -9.0183 ], [ -60.7042, -9.0588 ], [ -60.6839, -9.0797 ], [ -60.6907, -9.1219 ], [ -60.7586, -9.1239 ], [ -60.7584, -9.151 ], [ -60.9402, -9.1521 ], [ -60.941, -9.0188 ], [ -60.9841, -9.019 ], [ -60.9844, -8.9744 ], [ -61.0367, -8.9747 ], [ -61.0387, -8.802 ], [ -60.8468, -8.8029 ] ] ] } },
{ "type": "Feature", "properties": { "tipo": "UC", "nome": "RESERVA EXTRATIVISTA RENASCER" }, "geometry": { "type": "Polygon", "coordinates": [ [ [ -53.5511, -1.994 ], [ -53.4218, -1.9888 ], [ -53.3439, -2.0331 ], [ -53.3445, -2.0492 ], [ -53.3267, -2.0477 ], [ -53.3121, -2.0745 ], [ -53.2736, -2.0811 ], [ -53.278, -2.1164 ], [ -53.2487, -2.1669 ], [ -53.2325, -2.2427 ], [ -53.2212, -2.3632 ], [ -53.2719, -2.4021 ], [ -53.2927, -2.4468 ], [ -53.3318, -2.4543 ], [ -53.3844, -2.5051 ], [ -53.6145, -2.5263 ], [ -53.6106, -2.4464 ], [ -53.6543, -2.3317 ], [ -53.6219, -2.3124 ], [ -53.5835, -2.2318 ], [ -53.6074, -2.1537 ], [ -53.649, -2.124 ], [ -53.5923, -2.0788 ], [ -53.5861, -2.0405 ], [ -53.5511, -1.994 ] ], [ [ -53.5267, -2.1193 ], [ -53.5664, -2.129 ], [ -53.5778, -2.1434 ], [ -53.5342, -2.1588 ], [ -53.5163, -2.1382 ], [ -53.5267, -2.1193 ] ] ] } },
{ "type": "Feature", "properties": { "tipo": "UC", "nome": "ÁREA DE PROTEçãO AMBIENTAL FOZ DO RIO SANTA TEREZA" }, "geometry": { "type": "Polygon", "coordinates": [ [ [ -48.6619, -12.0 ], [ -48.6659, -11.7503 ], [ -48.4992, -11.7499 ], [ -48.4994, -11.9997 ], [ -48.6619, -12.0 ] ] ] } },
{ "type": "Feature", "properties": { "tipo": "UC", "nome": "FLORESTA NACIONAL DE RORAIMA" }, "geometry": { "type": "Polygon", "coordinates": [ [ [ -61.8912, 3.2646 ], [ -61.7909, 3.2537 ], [ -61.8015, 3.175 ], [ -61.7721, 3.1614 ], [ -61.7688, 3.1916 ], [ -61.6694, 3.1498 ], [ -61.7312, 3.0662 ], [ -61.6969, 3.035 ], [ -61.6676, 2.9548 ], [ -61.6088, 2.9406 ], [ -61.5612, 2.9763 ], [ -61.5444, 2.9659 ], [ -61.5522, 2.9277 ], [ -61.5751, 2.947 ], [ -61.6004, 2.9411 ], [ -61.6845, 2.8739 ], [ -61.7139, 2.8228 ], [ -61.6934, 2.7937 ], [ -61.7397, 2.7653 ], [ -61.7457, 2.7436 ], [ -61.7309, 2.72 ], [ -61.7498, 2.712 ], [ -61.7262, 2.6621 ], [ -61.6942, 2.6375 ], [ -61.6983, 2.5953 ], [ -61.659, 2.5719 ], [ -61.6798, 2.5418 ], [ -61.7412, 2.506 ], [ -61.7607, 2.5079 ], [ -61.8075, 2.5555 ], [ -61.7925, 2.6332 ], [ -61.8364, 2.6994 ], [ -61.868, 2.8163 ], [ -61.9066, 2.8739 ], [ -61.9188, 2.9309 ], [ -61.9097, 2.9727 ], [ -62.0135, 3.1061 ], [ -61.9519, 3.2145 ], [ -61.8912, 3.2646 ] ] ] } },
{ "type": "Feature", "properties": { "tipo": "UC", "nome": "PARQUE NACIONAL DE PACAÁS NOVOS" }, "geometry": { "type": "Polygon", "coordinates": [ [ [ -63.9709, -10.5244 ], [ -63.9765, -10.5134 ], [ -63.9287, -10.5236 ], [ -63.8011, -10.6685 ], [ -63.7674, -10.6755 ], [ -63.6839, -10.7557 ], [ -63.6401, -10.7378 ], [ -63.5425, -10.7578 ], [ -63.5145, -10.8038 ], [ -63.5096, -10.8715 ], [ -63.4118, -10.8274 ], [ -63.3833, -10.8503 ], [ -63.325, -10.8419 ], [ -63.1917, -11.0794 ], [ -63.1544, -11.0869 ], [ -63.1123, -11.1657 ], [ -63.1119, -11.194 ], [ -63.0182, -11.1822 ], [ -62.9989, -11.2026 ], [ -62.8903, -11.2117 ], [ -62.8545, -11.1915 ], [ -62.768, -11.1949 ], [ -62.7283, -11.177 ], [ -62.7338, -11.1546 ], [ -62.6978, -11.1279 ], [ -62.5695, -11.4845 ], [ -62.5369, -11.4878 ], [ -62.5379, -11.5238 ], [ -62.6447, -11.5748 ], [ -62.6911, -11.6185 ], [ -62.7731, -11.6426 ], [ -62.8181, -11.6897 ], [ -62.8646, -11.5968 ], [ -62.9238, -11.5236 ], [ -62.9166, -11.4689 ], [ -62.8781, -11.4222 ], [ -63.2424, -11.4489 ], [ -63.2719, -11.3999 ], [ -63.2944, -11.3909 ], [ -63.4437, -11.41 ], [ -63.4916, -11.3626 ], [ -63.502, -11.3763 ], [ -63.5212, -11.3708 ], [ -63.543, -11.3262 ], [ -63.5368, -11.3095 ], [ -63.5879, -11.2826 ], [ -63.5766, -11.226 ], [ -63.6018, -11.1423 ], [ -63.5944, -11.0889 ], [ -63.6656, -11.1315 ], [ -64.0335, -11.0178 ], [ -64.0026, -10.9619 ], [ -63.9738, -10.9543 ], [ -63.9733, -10.6198 ], [ -63.9869, -10.632 ], [ -63.9887, -10.6081 ], [ -64.0171, -10.585 ], [ -64.0089, -10.5447 ], [ -63.9709, -10.5244 ] ] ] } },
{ "type": "Feature", "properties": { "tipo": "UC", "nome": "FLORESTA ESTADUAL DE RENDIMENTO SUSTENTADO GAVIÃO" }, "geometry": { "type": "Polygon", "coordinates": [ [ [ -62.4868, -9.2818 ], [ -62.4765, -9.3321 ], [ -62.477, -9.3321 ], [ -62.4868, -9.2818 ] ] ] } },
{ "type": "Feature", "properties": { "tipo": "UC", "nome": "PARQUE ESTADUAL DO LAJEADO" }, "geometry": { "type": "Polygon", "coordinates": [ [ [ -48.2569, -10.0068 ], [ -48.2441, -10.0158 ], [ -48.2467, -10.0445 ], [ -48.224, -10.0509 ], [ -48.2353, -10.0654 ], [ -48.2126, -10.0829 ], [ -48.2065, -10.1059 ], [ -48.2269, -10.1057 ], [ -48.223, -10.123 ], [ -48.1614, -10.1478 ], [ -48.1762, -10.1904 ], [ -48.2119, -10.2002 ], [ -48.2092, -10.165 ], [ -48.2356, -10.1684 ], [ -48.2687, -10.1142 ], [ -48.2835, -10.0202 ], [ -48.2569, -10.0068 ] ] ] } },
{ "type": "Feature", "properties": { "tipo": "UC", "nome": "ÁREA DE PROTEÇÃO AMBIENTAL PARQUE LINEAR DO BINDÁ" }, "geometry": { "type": "Polygon", "coordinates": [ [ [ -60.0083, -3.065 ], [ -60.01, -3.0733 ], [ -60.0092, -3.0658 ], [ -60.0083, -3.065 ] ] ] } },
{ "type": "Feature", "properties": { "tipo": "UC", "nome": "REFúGIO DE VIDA SILVESTRE PADRE SéRGIO TONETTO" }, "geometry": { "type": "Polygon", "coordinates": [ [ [ -47.5451, -0.767 ], [ -47.5341, -0.7906 ], [ -47.5507, -0.7983 ], [ -47.5602, -0.7843 ], [ -47.5451, -0.767 ] ] ] } },
{ "type": "Feature", "properties": { "tipo": "UC", "nome": "FLORESTA ESTADUAL RIO URUBU" }, "geometry": { "type": "MultiPolygon", "coordinates": [ [ [ [ -59.7584, -2.2285 ], [ -59.744, -2.2529 ], [ -59.7175, -2.2667 ], [ -59.7098, -2.2661 ], [ -59.7163, -2.28 ], [ -59.7047, -2.2968 ], [ -59.6771, -2.3033 ], [ -59.7775, -2.3685 ], [ -59.7769, -2.3561 ], [ -59.8971, -2.3485 ], [ -59.8789, -2.2588 ], [ -59.8856, -2.2021 ], [ -59.7584, -2.2285 ] ] ], [ [ [ -59.712, -2.2746 ], [ -59.7136, -2.2758 ], [ -59.7128, -2.2751 ], [ -59.712, -2.2746 ] ] ], [ [ [ -59.726, -2.2604 ], [ -59.7263, -2.2599 ], [ -59.7262, -2.2599 ], [ -59.726, -2.2604 ] ] ], [ [ [ -59.6764, -2.2987 ], [ -59.6765, -2.2986 ], [ -59.6764, -2.2986 ], [ -59.6764, -2.2987 ] ] ], [ [ [ -59.6966, -2.2948 ], [ -59.6959, -2.2948 ], [ -59.6965, -2.2949 ], [ -59.6966, -2.2948 ] ] ], [ [ [ -59.7037, -2.2944 ], [ -59.7038, -2.2946 ], [ -59.7038, -2.2944 ], [ -59.7037, -2.2944 ] ] ], [ [ [ -59.7089, -2.2699 ], [ -59.7091, -2.2707 ], [ -59.709, -2.27 ], [ -59.7089, -2.2699 ] ] ] ] } },
{ "type": "Feature", "properties": { "tipo": "UC", "nome": "ÁREA DE PROTEÇÃO AMBIENTAL MARGEM DIREITA DO RIO NEGRO- SETOR PADUARI-SOLIMÕES" }, "geometry": { "type": "Polygon", "coordinates": [ [ [ -60.4892, -3.1004 ], [ -60.4557, -3.104 ], [ -60.4688, -3.0926 ], [ -60.4672, -3.0915 ], [ -60.4652, -3.093 ], [ -60.4576, -3.0928 ], [ -60.4678, -3.0889 ], [ -60.4574, -3.0653 ], [ -60.4467, -3.0903 ], [ -60.3893, -3.0973 ], [ -60.389, -3.108 ], [ -60.3679, -3.0923 ], [ -60.3308, -3.105 ], [ -60.3203, -3.0915 ], [ -60.3182, -3.1039 ], [ -60.3129, -3.0804 ], [ -60.2879, -3.1014 ], [ -60.241, -3.0799 ], [ -60.2147, -3.0895 ], [ -60.2198, -3.1079 ], [ -60.2095, -3.0924 ], [ -60.1811, -3.1152 ], [ -60.1904, -3.1377 ], [ -60.1745, -3.126 ], [ -60.1458, -3.1308 ], [ -60.1559, -3.1464 ], [ -60.1225, -3.1458 ], [ -60.1538, -3.1599 ], [ -60.1315, -3.1551 ], [ -60.1437, -3.1773 ], [ -60.1285, -3.1544 ], [ -60.1053, -3.1645 ], [ -60.117, -3.1493 ], [ -60.0842, -3.1596 ], [ -60.0885, -3.1324 ], [ -60.081, -3.1678 ], [ -60.07, -3.1605 ], [ -60.0703, -3.1746 ], [ -60.0496, -3.1815 ], [ -60.039, -3.1591 ], [ -60.0296, -3.1841 ], [ -60.0215, -3.1739 ], [ -60.0169, -3.1935 ], [ -60.0098, -3.1811 ], [ -59.9857, -3.1988 ], [ -60.0052, -3.1914 ], [ -59.9898, -3.212 ], [ -60.0312, -3.2706 ], [ -60.0858, -3.2904 ], [ -60.1815, -3.2569 ], [ -60.213, -3.2708 ], [ -60.2635, -3.2576 ], [ -60.4266, -3.2993 ], [ -60.5814, -3.3142 ], [ -60.5825, -3.2823 ], [ -60.7137, -3.1911 ], [ -60.7064, -3.1633 ], [ -60.7468, -3.1107 ], [ -60.8171, -3.0913 ], [ -60.8605, -3.0491 ], [ -60.9023, -3.052 ], [ -60.9481, -3.0025 ], [ -60.9841, -3.0046 ], [ -61.1269, -2.8811 ], [ -61.1349, -2.8437 ], [ -61.2381, -2.7282 ], [ -61.3797, -2.6745 ], [ -61.4233, -2.6915 ], [ -61.4833, -2.6804 ], [ -61.5155, -2.6307 ], [ -61.5102, -2.5906 ], [ -61.4203, -2.4727 ], [ -61.3623, -2.4359 ], [ -61.3254, -2.3359 ], [ -61.3452, -2.2398 ], [ -61.3179, -2.2191 ], [ -61.3031, -2.2268 ], [ -61.3042, -2.1805 ], [ -61.2795, -2.1396 ], [ -61.2406, -2.1413 ], [ -61.2154, -2.1037 ], [ -61.2081, -2.1249 ], [ -61.1738, -2.118 ], [ -61.1538, -2.1428 ], [ -61.1617, -2.1674 ], [ -61.1107, -2.2067 ], [ -61.1034, -2.2539 ], [ -61.1146, -2.251 ], [ -61.0792, -2.2791 ], [ -61.0913, -2.2878 ], [ -61.07, -2.3289 ], [ -61.1024, -2.376 ], [ -61.0871, -2.3673 ], [ -61.0785, -2.3847 ], [ -61.1004, -2.4148 ], [ -61.0823, -2.4117 ], [ -61.0714, -2.4313 ], [ -61.082, -2.4401 ], [ -61.058, -2.4601 ], [ -61.0609, -2.4872 ], [ -61.0668, -2.4661 ], [ -61.0939, -2.4746 ], [ -61.0962, -2.4625 ], [ -61.114, -2.4863 ], [ -61.1086, -2.4955 ], [ -61.0773, -2.4774 ], [ -61.0478, -2.5206 ], [ -61.0634, -2.5189 ], [ -61.0748, -2.5362 ], [ -61.042, -2.5227 ], [ -61.0197, -2.5539 ], [ -61.035, -2.5754 ], [ -61.0145, -2.5534 ], [ -60.9913, -2.559 ], [ -60.9993, -2.5734 ], [ -60.9864, -2.5653 ], [ -60.9542, -2.6122 ], [ -60.9904, -2.6335 ], [ -60.9854, -2.6183 ], [ -61.0124, -2.6142 ], [ -60.9942, -2.629 ], [ -61.0054, -2.651 ], [ -60.994, -2.6636 ], [ -61.0107, -2.6626 ], [ -61.0249, -2.6962 ], [ -61.0104, -2.6825 ], [ -61.0056, -2.702 ], [ -60.9502, -2.7356 ], [ -60.9238, -2.7351 ], [ -60.8942, -2.6673 ], [ -60.8698, -2.6966 ], [ -60.9083, -2.7411 ], [ -60.9095, -2.7911 ], [ -60.8586, -2.8479 ], [ -60.835, -2.8398 ], [ -60.89, -2.8881 ], [ -60.9007, -2.924 ], [ -60.8829, -2.9615 ], [ -60.8606, -2.9686 ], [ -60.8092, -2.9433 ], [ -60.8281, -2.9675 ], [ -60.8308, -3.0296 ], [ -60.8092, -3.0907 ], [ -60.7251, -3.0931 ], [ -60.6926, -3.1176 ], [ -60.6522, -3.1152 ], [ -60.6265, -3.1327 ], [ -60.5865, -3.1153 ], [ -60.5542, -3.1208 ], [ -60.5421, -3.1558 ], [ -60.4857, -3.1961 ], [ -60.4948, -3.1722 ], [ -60.4822, -3.1477 ], [ -60.5002, -3.1294 ], [ -60.4864, -3.13 ], [ -60.4892, -3.1004 ] ] ] } },
{ "type": "Feature", "properties": { "tipo": "UC", "nome": "ÁREA DE PROTEçãO AMBIENTAL DO ITAPIRACó" }, "geometry": { "type": "Polygon", "coordinates": [ [ [ -44.2106, -2.5188 ], [ -44.1904, -2.5293 ], [ -44.223, -2.5307 ], [ -44.2106, -2.5188 ] ] ] } }
]
}
